-- MySQL dump 10.13  Distrib 5.6.24, for Win32 (x86)
--
-- Host: localhost    Database: weldercenter
-- ------------------------------------------------------
-- Server version	5.5.45

/*!40101 SET @OLD_CHARACTER_SET_CLIENT=@@CHARACTER_SET_CLIENT */;
/*!40101 SET @OLD_CHARACTER_SET_RESULTS=@@CHARACTER_SET_RESULTS */;
/*!40101 SET @OLD_COLLATION_CONNECTION=@@COLLATION_CONNECTION */;
/*!40101 SET NAMES utf8 */;
/*!40103 SET @OLD_TIME_ZONE=@@TIME_ZONE */;
/*!40103 SET TIME_ZONE='+00:00' */;
/*!40014 SET @OLD_UNIQUE_CHECKS=@@UNIQUE_CHECKS, UNIQUE_CHECKS=0 */;
/*!40014 SET @OLD_FOREIGN_KEY_CHECKS=@@FOREIGN_KEY_CHECKS, FOREIGN_KEY_CHECKS=0 */;
/*!40101 SET @OLD_SQL_MODE=@@SQL_MODE, SQL_MODE='NO_AUTO_VALUE_ON_ZERO' */;
/*!40111 SET @OLD_SQL_NOTES=@@SQL_NOTES, SQL_NOTES=0 */;

--
-- Table structure for table `commission_certification`
--

DROP TABLE IF EXISTS `commission_certification`;
/*!40101 SET @saved_cs_client     = @@character_set_client */;
/*!40101 SET character_set_client = utf8 */;
CREATE TABLE `commission_certification` (
  `id_commission_certification` bigint(20) NOT NULL AUTO_INCREMENT,
  `id_teacher_head` bigint(20) DEFAULT NULL,
  `id_teacher_ndt_spec` bigint(20) DEFAULT NULL,
  `id_teacher_safety_spec` bigint(20) DEFAULT NULL,
  `id_teacher_weld_spec` bigint(20) DEFAULT NULL,
  PRIMARY KEY (`id_commission_certification`),
  KEY `FK21B62C668757B92D` (`id_teacher_safety_spec`),
  KEY `FK21B62C66452E0663` (`id_teacher_ndt_spec`),
  KEY `FK21B62C6685DDE6E7` (`id_teacher_head`),
  KEY `FK21B62C66F91AC379` (`id_teacher_weld_spec`),
  CONSTRAINT `FK21B62C66452E0663` FOREIGN KEY (`id_teacher_ndt_spec`) REFERENCES `teacher` (`id_teacher`) ON DELETE SET NULL ON UPDATE CASCADE,
  CONSTRAINT `FK21B62C6685DDE6E7` FOREIGN KEY (`id_teacher_head`) REFERENCES `teacher` (`id_teacher`) ON DELETE SET NULL ON UPDATE CASCADE,
  CONSTRAINT `FK21B62C668757B92D` FOREIGN KEY (`id_teacher_safety_spec`) REFERENCES `teacher` (`id_teacher`) ON DELETE SET NULL ON UPDATE CASCADE,
  CONSTRAINT `FK21B62C66F91AC379` FOREIGN KEY (`id_teacher_weld_spec`) REFERENCES `teacher` (`id_teacher`) ON DELETE SET NULL ON UPDATE CASCADE
) ENGINE=InnoDB AUTO_INCREMENT=2 DEFAULT CHARSET=utf8;
/*!40101 SET character_set_client = @saved_cs_client */;

--
-- Dumping data for table `commission_certification`
--

LOCK TABLES `commission_certification` WRITE;
/*!40000 ALTER TABLE `commission_certification` DISABLE KEYS */;
INSERT INTO `commission_certification` VALUES (1,2,3,4,1);
/*!40000 ALTER TABLE `commission_certification` ENABLE KEYS */;
UNLOCK TABLES;

--
-- Table structure for table `curriculum`
--

DROP TABLE IF EXISTS `curriculum`;
/*!40101 SET @saved_cs_client     = @@character_set_client */;
/*!40101 SET character_set_client = utf8 */;
CREATE TABLE `curriculum` (
  `id_curriculum` bigint(20) NOT NULL AUTO_INCREMENT,
  `description` text,
  `title` varchar(255) DEFAULT NULL,
  PRIMARY KEY (`id_curriculum`)
) ENGINE=InnoDB AUTO_INCREMENT=2 DEFAULT CHARSET=utf8;
/*!40101 SET character_set_client = @saved_cs_client */;

--
-- Dumping data for table `curriculum`
--

LOCK TABLES `curriculum` WRITE;
/*!40000 ALTER TABLE `curriculum` DISABLE KEYS */;
INSERT INTO `curriculum` VALUES (1,'Программа предаттестационной подготовки сварщиков 40 часов','Подготовка 40 часов');
/*!40000 ALTER TABLE `curriculum` ENABLE KEYS */;
UNLOCK TABLES;

--
-- Table structure for table `curriculum_section`
--

DROP TABLE IF EXISTS `curriculum_section`;
/*!40101 SET @saved_cs_client     = @@character_set_client */;
/*!40101 SET character_set_client = utf8 */;
CREATE TABLE `curriculum_section` (
  `id_section` bigint(20) NOT NULL,
  `id_curriculum` bigint(20) NOT NULL,
  KEY `FK56B956E17CD5F956` (`id_curriculum`),
  KEY `FK56B956E1DC6CE8EA` (`id_section`),
  CONSTRAINT `FK56B956E17CD5F956` FOREIGN KEY (`id_curriculum`) REFERENCES `curriculum` (`id_curriculum`) ON DELETE CASCADE ON UPDATE CASCADE,
  CONSTRAINT `FK56B956E1DC6CE8EA` FOREIGN KEY (`id_section`) REFERENCES `section` (`id_section`) ON DELETE CASCADE ON UPDATE CASCADE
) ENGINE=InnoDB DEFAULT CHARSET=utf8;
/*!40101 SET character_set_client = @saved_cs_client */;

--
-- Dumping data for table `curriculum_section`
--

LOCK TABLES `curriculum_section` WRITE;
/*!40000 ALTER TABLE `curriculum_section` DISABLE KEYS */;
INSERT INTO `curriculum_section` VALUES (1,1),(2,1),(4,1);
/*!40000 ALTER TABLE `curriculum_section` ENABLE KEYS */;
UNLOCK TABLES;

--
-- Table structure for table `date_test`
--

DROP TABLE IF EXISTS `date_test`;
/*!40101 SET @saved_cs_client     = @@character_set_client */;
/*!40101 SET character_set_client = utf8 */;
CREATE TABLE `date_test` (
  `id` int(10) unsigned NOT NULL AUTO_INCREMENT,
  `date` date DEFAULT NULL,
  PRIMARY KEY (`id`)
) ENGINE=InnoDB AUTO_INCREMENT=7 DEFAULT CHARSET=utf8;
/*!40101 SET character_set_client = @saved_cs_client */;

--
-- Dumping data for table `date_test`
--

LOCK TABLES `date_test` WRITE;
/*!40000 ALTER TABLE `date_test` DISABLE KEYS */;
INSERT INTO `date_test` VALUES (1,'2001-01-01'),(2,'2001-01-30'),(3,'2001-01-30'),(4,'2012-05-10'),(5,'2012-05-24'),(6,'1984-10-19');
/*!40000 ALTER TABLE `date_test` ENABLE KEYS */;
UNLOCK TABLES;

--
-- Table structure for table `education`
--

DROP TABLE IF EXISTS `education`;
/*!40101 SET @saved_cs_client     = @@character_set_client */;
/*!40101 SET character_set_client = utf8 */;
CREATE TABLE `education` (
  `id_education` bigint(20) NOT NULL AUTO_INCREMENT,
  `type` varchar(255) DEFAULT NULL,
  PRIMARY KEY (`id_education`)
) ENGINE=InnoDB AUTO_INCREMENT=6 DEFAULT CHARSET=utf8;
/*!40101 SET character_set_client = @saved_cs_client */;

--
-- Dumping data for table `education`
--

LOCK TABLES `education` WRITE;
/*!40000 ALTER TABLE `education` DISABLE KEYS */;
INSERT INTO `education` VALUES (1,'Высшее'),(2,'Среднее'),(3,'Среднее-специальное'),(4,'Среднее-техническое'),(5,'Н/высшее');
/*!40000 ALTER TABLE `education` ENABLE KEYS */;
UNLOCK TABLES;

--
-- Table structure for table `electrode`
--

DROP TABLE IF EXISTS `electrode`;
/*!40101 SET @saved_cs_client     = @@character_set_client */;
/*!40101 SET character_set_client = utf8 */;
CREATE TABLE `electrode` (
  `id_electrode` bigint(20) NOT NULL AUTO_INCREMENT,
  `type` varchar(255) DEFAULT NULL,
  PRIMARY KEY (`id_electrode`)
) ENGINE=InnoDB AUTO_INCREMENT=8 DEFAULT CHARSET=utf8;
/*!40101 SET character_set_client = @saved_cs_client */;

--
-- Dumping data for table `electrode`
--

LOCK TABLES `electrode` WRITE;
/*!40000 ALTER TABLE `electrode` DISABLE KEYS */;
INSERT INTO `electrode` VALUES (1,'АНО-21'),(3,'ЦУ-5'),(4,'УОНИ-13/55'),(5,'ЦЛ-5'),(6,'ТМЛ-3У'),(7,'ЦТ-15');
/*!40000 ALTER TABLE `electrode` ENABLE KEYS */;
UNLOCK TABLES;

--
-- Table structure for table `evaluation`
--

DROP TABLE IF EXISTS `evaluation`;
/*!40101 SET @saved_cs_client     = @@character_set_client */;
/*!40101 SET character_set_client = utf8 */;
CREATE TABLE `evaluation` (
  `id_evaluation` bigint(20) NOT NULL AUTO_INCREMENT,
  `type` varchar(255) DEFAULT NULL,
  PRIMARY KEY (`id_evaluation`)
) ENGINE=InnoDB AUTO_INCREMENT=3 DEFAULT CHARSET=utf8;
/*!40101 SET character_set_client = @saved_cs_client */;

--
-- Dumping data for table `evaluation`
--

LOCK TABLES `evaluation` WRITE;
/*!40000 ALTER TABLE `evaluation` DISABLE KEYS */;
INSERT INTO `evaluation` VALUES (1,'Годен'),(2,'Не годен');
/*!40000 ALTER TABLE `evaluation` ENABLE KEYS */;
UNLOCK TABLES;

--
-- Table structure for table `job`
--

DROP TABLE IF EXISTS `job`;
/*!40101 SET @saved_cs_client     = @@character_set_client */;
/*!40101 SET character_set_client = utf8 */;
CREATE TABLE `job` (
  `id_job` bigint(20) NOT NULL AUTO_INCREMENT,
  `name` varchar(255) DEFAULT NULL,
  PRIMARY KEY (`id_job`)
) ENGINE=InnoDB AUTO_INCREMENT=5 DEFAULT CHARSET=utf8;
/*!40101 SET character_set_client = @saved_cs_client */;

--
-- Dumping data for table `job`
--

LOCK TABLES `job` WRITE;
/*!40000 ALTER TABLE `job` DISABLE KEYS */;
INSERT INTO `job` VALUES (1,'Электросварщик'),(2,'Газосварщик'),(3,'Электрогазосварщик'),(4,'Аргонщик');
/*!40000 ALTER TABLE `job` ENABLE KEYS */;
UNLOCK TABLES;

--
-- Table structure for table `journal`
--

DROP TABLE IF EXISTS `journal`;
/*!40101 SET @saved_cs_client     = @@character_set_client */;
/*!40101 SET character_set_client = utf8 */;
CREATE TABLE `journal` (
  `id_journal` bigint(20) NOT NULL AUTO_INCREMENT,
  `date_begin` date DEFAULT NULL,
  `date_end` date DEFAULT NULL,
  `number` varchar(255) DEFAULT NULL,
  `id_curriculum` bigint(20) DEFAULT NULL,
  PRIMARY KEY (`id_journal`),
  KEY `FKAB64AF377CD5F956` (`id_curriculum`),
  CONSTRAINT `FKAB64AF377CD5F956` FOREIGN KEY (`id_curriculum`) REFERENCES `curriculum` (`id_curriculum`) ON DELETE SET NULL ON UPDATE CASCADE
) ENGINE=InnoDB AUTO_INCREMENT=47 DEFAULT CHARSET=utf8;
/*!40101 SET character_set_client = @saved_cs_client */;

--
-- Dumping data for table `journal`
--

LOCK TABLES `journal` WRITE;
/*!40000 ALTER TABLE `journal` DISABLE KEYS */;
INSERT INTO `journal` VALUES (5,'2015-10-05','2015-10-09','17',1),(6,'2015-10-12','2015-10-16','18',1),(7,'2015-11-02','2015-11-06','19',1),(8,'2015-11-09','2015-11-13','20',1),(9,'2015-11-16','2015-11-20','21',1),(10,'2015-11-23','2015-11-27','22',1),(11,'2015-11-30','2015-12-04','23',1),(12,'2015-12-14','2015-12-18','24',1),(13,'2016-02-15','2016-02-19','1',1),(14,'2016-03-28','2016-04-01','3',1),(16,'2016-04-04','2016-04-08','4',1),(17,'2016-04-18','2016-04-22','5',1),(18,'2016-05-04','2016-05-11','6',1),(19,'2016-05-06','2016-05-13','7',1),(20,'2016-05-30','2016-06-03','8',1),(21,'2016-07-04','2016-07-08','9',1),(22,'2016-07-11','2016-07-15','10',1),(23,'2016-08-01','2016-08-05','11',1),(24,'2016-08-15','2016-08-19','12',1),(25,'2016-09-05','2016-09-09','13',1),(26,'2016-09-26','2016-09-30','14',1),(28,'2016-10-17','2016-10-21','15',1),(29,'2016-10-24','2016-10-28','16',1),(30,'2016-11-07','2016-11-11','17',1),(31,'2016-11-21','2016-11-25','18',1),(32,'2016-12-05','2016-12-09','19',1),(35,'2016-12-12','2016-12-16','20',1),(36,'2016-12-19','2016-12-23','21',1),(37,'2016-12-26','2016-12-30','22',1),(38,'2017-01-16','2017-01-20','1',1),(39,'2017-01-30','2017-02-03','2',1),(40,'2017-02-20','2017-02-24','3',1),(41,'2017-03-13','2017-03-17','4',1),(42,'2017-04-10','2017-04-14','5',1),(43,'2017-05-10','2017-05-16','6',1),(44,'2017-05-15','2017-05-19','7',1),(45,'2017-05-22','2017-05-26','8',1),(46,'2017-05-29','2017-06-02','9',1);
/*!40000 ALTER TABLE `journal` ENABLE KEYS */;
UNLOCK TABLES;

--
-- Table structure for table `journal_teacher`
--

DROP TABLE IF EXISTS `journal_teacher`;
/*!40101 SET @saved_cs_client     = @@character_set_client */;
/*!40101 SET character_set_client = utf8 */;
CREATE TABLE `journal_teacher` (
  `id_teacher` bigint(20) NOT NULL,
  `id_journal` bigint(20) NOT NULL,
  KEY `FKE0BAFADA4857498E` (`id_journal`),
  KEY `FKE0BAFADA45F182E4` (`id_teacher`),
  CONSTRAINT `FKE0BAFADA45F182E4` FOREIGN KEY (`id_teacher`) REFERENCES `teacher` (`id_teacher`) ON DELETE CASCADE ON UPDATE CASCADE,
  CONSTRAINT `FKE0BAFADA4857498E` FOREIGN KEY (`id_journal`) REFERENCES `journal` (`id_journal`) ON DELETE CASCADE ON UPDATE CASCADE
) ENGINE=InnoDB DEFAULT CHARSET=utf8;
/*!40101 SET character_set_client = @saved_cs_client */;

--
-- Dumping data for table `journal_teacher`
--

LOCK TABLES `journal_teacher` WRITE;
/*!40000 ALTER TABLE `journal_teacher` DISABLE KEYS */;
INSERT INTO `journal_teacher` VALUES (1,5),(2,5),(5,5),(1,6),(2,6),(5,6),(1,7),(2,7),(5,7),(1,8),(2,8),(5,8),(1,9),(2,9),(3,9),(4,9),(1,10),(2,10),(5,10),(1,11),(2,11),(5,11),(1,12),(2,12),(5,12),(1,13),(2,13),(5,13),(1,14),(2,14),(5,14),(1,16),(2,16),(5,16),(1,17),(2,17),(4,17),(5,17),(1,18),(2,18),(5,18),(1,19),(2,19),(5,19),(1,20),(2,20),(5,20),(1,21),(2,21),(5,21),(1,22),(2,22),(5,22),(1,23),(2,23),(5,23),(1,24),(2,24),(5,24),(1,25),(2,25),(5,25),(1,26),(2,26),(5,26),(1,28),(2,28),(5,28),(1,29),(2,29),(5,29),(1,30),(2,30),(5,30),(1,31),(2,31),(5,31),(1,32),(2,32),(5,32),(1,35),(2,35),(5,35),(1,36),(2,36),(5,36),(1,37),(2,37),(5,37),(1,38),(2,38),(5,38),(1,39),(2,39),(5,39),(1,40),(2,40),(5,40),(1,41),(2,41),(5,41),(1,42),(2,42),(5,42),(1,43),(2,43),(5,43),(1,44),(2,44),(5,44),(1,45),(2,45),(5,45),(1,46),(2,46),(5,46);
/*!40000 ALTER TABLE `journal_teacher` ENABLE KEYS */;
UNLOCK TABLES;

--
-- Table structure for table `journal_welder`
--

DROP TABLE IF EXISTS `journal_welder`;
/*!40101 SET @saved_cs_client     = @@character_set_client */;
/*!40101 SET character_set_client = utf8 */;
CREATE TABLE `journal_welder` (
  `id_journal` bigint(20) NOT NULL,
  `id_welder` bigint(20) NOT NULL,
  KEY `FK2D6BA5FB5F1D58C6` (`id_welder`),
  KEY `FK2D6BA5FB4857498E` (`id_journal`),
  CONSTRAINT `FK2D6BA5FB4857498E` FOREIGN KEY (`id_journal`) REFERENCES `journal` (`id_journal`) ON DELETE CASCADE ON UPDATE CASCADE,
  CONSTRAINT `FK2D6BA5FB5F1D58C6` FOREIGN KEY (`id_welder`) REFERENCES `welder` (`id_welder`) ON DELETE CASCADE ON UPDATE CASCADE
) ENGINE=InnoDB DEFAULT CHARSET=utf8;
/*!40101 SET character_set_client = @saved_cs_client */;

--
-- Dumping data for table `journal_welder`
--

LOCK TABLES `journal_welder` WRITE;
/*!40000 ALTER TABLE `journal_welder` DISABLE KEYS */;
INSERT INTO `journal_welder` VALUES (5,12),(5,13),(5,14),(5,15),(5,16),(5,17),(5,18),(5,19),(5,20),(5,21),(5,22),(5,23),(5,24),(5,25),(5,26),(5,27),(6,28),(6,29),(6,30),(6,31),(6,32),(6,33),(6,34),(6,35),(6,36),(6,37),(6,38),(6,39),(6,40),(6,41),(6,42),(7,43),(7,44),(7,45),(7,46),(7,47),(7,48),(8,49),(8,50),(8,51),(8,52),(8,53),(8,54),(8,55),(8,56),(8,57),(8,58),(8,59),(8,60),(8,61),(8,62),(9,63),(9,64),(9,65),(9,66),(9,67),(9,68),(9,69),(9,70),(9,71),(9,72),(9,73),(9,74),(10,75),(10,76),(10,77),(10,78),(10,79),(10,80),(10,81),(10,82),(10,83),(10,84),(10,85),(10,86),(11,87),(11,88),(11,89),(11,90),(11,91),(12,92),(12,93),(12,94),(12,95),(12,96),(12,97),(12,98),(12,99),(12,100),(12,101),(13,102),(13,103),(13,104),(14,105),(14,106),(14,107),(14,108),(14,109),(14,110),(14,111),(14,112),(14,113),(14,114),(16,115),(16,116),(16,117),(16,118),(16,119),(16,120),(17,121),(17,122),(17,123),(17,124),(18,125),(18,126),(18,127),(18,128),(18,129),(18,130),(18,131),(18,132),(18,133),(18,134),(19,135),(19,136),(19,137),(19,138),(19,139),(19,140),(19,141),(19,142),(19,143),(20,144),(20,145),(20,146),(20,147),(21,148),(21,149),(21,150),(21,151),(21,152),(21,153),(21,154),(21,155),(21,156),(21,157),(22,158),(22,159),(22,160),(22,161),(22,162),(22,163),(22,164),(22,165),(23,166),(23,167),(23,168),(23,169),(23,170),(23,171),(24,172),(24,173),(24,174),(24,175),(24,176),(24,177),(24,178),(24,179),(24,180),(25,181),(25,182),(25,183),(25,184),(25,185),(25,186),(26,187),(26,188),(26,189),(28,190),(28,191),(28,192),(28,193),(28,194),(28,195),(28,196),(28,197),(28,198),(28,199),(28,200),(29,201),(29,202),(30,203),(30,204),(30,205),(30,206),(30,207),(31,208),(31,209),(31,210),(31,211),(32,212),(32,213),(32,214),(32,215),(32,216),(35,217),(35,218),(35,219),(35,220),(35,221),(35,222),(35,223),(35,224),(35,225),(36,226),(36,227),(36,228),(36,229),(36,230),(36,231),(36,232),(36,233),(36,234),(36,235),(36,236),(37,237),(37,238),(37,239),(37,240),(37,241),(37,242),(37,243),(37,244),(37,245),(37,246),(37,247),(37,248),(37,249),(37,250),(38,251),(38,252),(38,253),(38,254),(38,255),(38,256),(38,257),(38,258),(38,259),(38,260),(38,261),(38,262),(38,263),(38,264),(39,265),(39,266),(39,267),(39,268),(39,269),(40,270),(40,271),(40,272),(40,273),(40,274),(41,275),(41,276),(41,277),(41,278),(41,279),(42,280),(42,281),(42,282),(43,283),(43,284),(43,285),(43,286),(43,287),(43,288),(44,289),(44,290),(44,291),(44,292),(44,293),(44,294),(44,295),(44,296),(44,297),(44,298),(44,299),(44,300),(44,301),(44,302),(44,303),(44,304),(44,305),(44,306),(45,307),(45,308),(45,309),(45,310),(45,311),(45,312),(45,313),(45,314),(45,315),(45,316),(45,317),(45,318),(45,319),(45,320),(45,321),(45,322),(45,323),(45,324),(46,325),(46,326),(46,327),(46,328),(46,329),(46,330),(46,331),(46,332),(46,333),(46,334),(46,335),(46,336),(46,337),(46,338),(46,339),(46,340);
/*!40000 ALTER TABLE `journal_welder` ENABLE KEYS */;
UNLOCK TABLES;

--
-- Table structure for table `mechanical_test`
--

DROP TABLE IF EXISTS `mechanical_test`;
/*!40101 SET @saved_cs_client     = @@character_set_client */;
/*!40101 SET character_set_client = utf8 */;
CREATE TABLE `mechanical_test` (
  `id_mechanical_test` bigint(20) NOT NULL AUTO_INCREMENT,
  `angle` double DEFAULT NULL,
  `number` varchar(255) DEFAULT NULL,
  `prot_date` date DEFAULT NULL,
  `id_evaluation` bigint(20) DEFAULT NULL,
  `id_weld_pattern` bigint(20) DEFAULT NULL,
  `clearance` double DEFAULT NULL,
  PRIMARY KEY (`id_mechanical_test`),
  KEY `FKE3188822D7AE25E9` (`id_weld_pattern`),
  KEY `FKE3188822588CCF58` (`id_evaluation`),
  CONSTRAINT `FKE3188822588CCF58` FOREIGN KEY (`id_evaluation`) REFERENCES `evaluation` (`id_evaluation`) ON DELETE SET NULL ON UPDATE CASCADE,
  CONSTRAINT `FKE3188822D7AE25E9` FOREIGN KEY (`id_weld_pattern`) REFERENCES `weld_pattern` (`id_weld_pattern`) ON DELETE CASCADE ON UPDATE CASCADE
) ENGINE=InnoDB AUTO_INCREMENT=224 DEFAULT CHARSET=utf8;
/*!40101 SET character_set_client = @saved_cs_client */;

--
-- Dumping data for table `mechanical_test`
--

LOCK TABLES `mechanical_test` WRITE;
/*!40000 ALTER TABLE `mechanical_test` DISABLE KEYS */;
INSERT INTO `mechanical_test` VALUES (1,120,'14-001','2014-11-06',1,NULL,0),(2,0,'','2015-09-08',1,NULL,10),(12,0,'17','2015-10-09',1,NULL,11),(14,0,'17','2015-10-09',1,NULL,11),(16,0,'17','2015-10-09',1,NULL,11),(17,0,'17','2015-10-09',1,NULL,10),(18,0,'17','2015-10-09',1,NULL,10),(19,0,'17','2015-10-09',1,NULL,10),(21,0,'18','2015-10-16',1,NULL,11),(22,0,'18','2015-10-16',1,NULL,10),(24,0,'17','2015-10-09',NULL,NULL,11),(25,0,'18','2015-10-16',1,NULL,11),(26,0,'18','2015-10-16',1,NULL,10),(27,0,'18','2015-10-16',1,NULL,10),(29,0,'18','2015-10-16',1,NULL,10),(31,0,'18','2015-10-16',1,NULL,10),(32,0,'18','2015-10-16',1,NULL,11),(34,0,'18','2015-10-16',1,NULL,11),(35,0,'18','2015-10-16',1,NULL,10),(36,0,'18','2015-10-16',1,NULL,11),(38,0,'18','2015-10-16',1,NULL,11),(41,120,'20','2015-11-13',1,NULL,0),(42,120,'20','2015-11-13',1,NULL,0),(45,0,'20','2015-11-13',1,NULL,10),(46,0,'20','2015-11-13',1,NULL,11),(48,0,'20','2015-11-13',1,NULL,11),(49,0,'20','2015-11-13',1,NULL,11),(50,0,'20','2015-11-13',1,NULL,11),(51,0,'20','2015-11-13',1,NULL,10),(52,120,'20','2015-11-13',1,NULL,0),(53,120,'20','2015-11-13',1,NULL,0),(55,0,'20','2015-11-13',1,NULL,11),(56,120,'20','2015-11-13',1,NULL,0),(58,0,'20','2015-11-13',1,NULL,0),(61,0,'21','2015-11-20',1,NULL,11),(62,0,'21','2015-11-20',1,NULL,11),(64,0,'21','2015-11-20',1,NULL,10),(65,0,'21','2015-11-20',1,NULL,10),(66,0,'21','2015-11-20',1,NULL,11),(67,0,'21','2015-11-20',1,NULL,10),(69,0,'21','2015-11-20',1,NULL,10),(70,0,'21','2015-11-20',1,NULL,11),(71,0,'21','2015-11-20',1,NULL,10),(72,0,'21','2015-11-20',1,NULL,10),(73,0,'21','2015-11-20',1,NULL,10),(74,0,'21','2015-11-20',1,NULL,10),(76,0,'22','2015-11-27',1,NULL,11),(77,0,'22','2015-11-27',1,NULL,10),(78,0,'22','2015-11-27',1,NULL,10),(79,0,'22','2015-11-27',1,NULL,11),(80,0,'22','2015-11-27',1,NULL,10),(82,0,'22','2015-11-27',1,NULL,11),(83,0,'22','2015-11-27',1,NULL,11),(85,0,'22','2015-11-27',1,NULL,10),(86,0,'22','2015-11-27',1,NULL,11),(87,0,'22','2015-11-27',1,NULL,11),(88,0,'22','2015-11-27',1,NULL,11),(89,0,'22','2015-11-27',1,NULL,10),(90,0,'24','2015-12-18',1,NULL,11),(91,0,'24','2015-12-18',1,NULL,11),(92,0,'24','2015-12-18',1,NULL,10),(93,0,'3','2016-04-01',1,NULL,11),(95,0,'4','2016-04-08',1,NULL,11),(96,120,'5','2016-04-22',1,NULL,0),(97,120,'5','2016-04-22',1,NULL,0),(98,120,'6','2016-05-11',1,NULL,0),(99,0,'6','2016-05-11',1,NULL,11),(100,0,'6','2016-05-11',1,NULL,11),(101,0,'6','2016-05-11',1,NULL,10),(102,0,'6','2016-05-11',1,NULL,10),(104,0,'6','2016-05-11',1,NULL,10),(106,0,'6','2016-05-11',1,NULL,10),(107,120,'7','2016-05-13',1,NULL,0),(108,0,'7','2016-05-13',1,NULL,11),(110,0,'7','2016-05-13',1,NULL,10),(111,0,'7','2016-05-13',1,NULL,10),(112,0,'7','2016-05-13',1,NULL,11),(113,0,'7','2016-05-13',1,NULL,10),(114,120,'7','2016-05-13',1,NULL,0),(115,0,'8','2016-06-03',1,NULL,11),(116,0,'8','2016-06-03',1,NULL,10),(117,120,'8','2016-06-03',1,NULL,0),(118,0,'9','2016-07-08',1,NULL,10),(119,0,'9','2016-07-08',1,NULL,11),(120,0,'9','2016-07-08',1,NULL,10),(121,0,'9','2016-07-08',1,NULL,11),(123,0,'9','2016-07-08',NULL,NULL,11),(124,0,'9','2016-07-08',1,NULL,10),(125,0,'9','2016-07-08',1,NULL,10),(126,0,'10','2016-07-15',1,NULL,11),(127,120,'10','2016-07-15',1,NULL,0),(128,0,'10','2016-07-15',1,NULL,10),(129,120,'10','2016-07-15',1,NULL,0),(130,0,'11','2016-08-05',1,NULL,11),(131,120,'11','2016-08-05',1,NULL,0),(132,0,'12','2016-08-19',1,NULL,11),(133,0,'12','2016-08-19',1,NULL,10),(134,0,'13','2016-09-09',1,NULL,11),(135,0,'13','2016-09-09',1,NULL,11),(136,0,'17','2016-11-11',1,NULL,11),(137,120,'17','2016-11-11',1,NULL,0),(138,0,'17','2016-11-11',1,NULL,10),(139,0,'18','2016-11-25',1,NULL,11),(140,0,'18','2016-11-25',1,NULL,10),(141,0,'20','2016-12-16',1,NULL,11),(142,0,'20','2016-12-16',1,NULL,11),(144,0,'20','2016-12-16',1,NULL,11),(145,0,'20','2016-12-16',1,NULL,10),(146,0,'20','2016-12-16',1,NULL,10),(147,0,'20','2016-12-16',1,NULL,10),(148,0,'20','2016-12-16',1,NULL,11),(149,0,'20','2016-12-16',1,NULL,10),(150,0,'20','2016-12-16',1,NULL,11),(151,0,'21','2016-12-23',1,NULL,11),(152,0,'21','2016-12-23',1,NULL,10),(153,0,'21','2016-12-23',1,NULL,11),(154,0,'21','2016-12-23',NULL,NULL,10),(155,0,'21','2016-12-23',1,NULL,10),(156,0,'21','2016-12-23',1,NULL,10),(157,0,'21','2016-12-23',1,NULL,11),(158,0,'21','2016-12-23',1,NULL,10),(159,0,'21','2016-12-23',1,NULL,10),(161,120,'22','2016-12-30',1,NULL,0),(162,120,'22','2016-12-30',1,NULL,0),(163,120,'22','2016-12-30',1,NULL,0),(164,120,'22','2016-12-30',1,NULL,0),(165,120,'22','2016-12-30',1,NULL,0),(166,120,'22','2016-12-30',1,NULL,0),(167,0,'22','2016-12-30',1,NULL,10),(168,0,'1','2017-01-20',1,NULL,11),(169,0,'1','2017-01-20',1,NULL,11),(170,0,'1','2017-01-20',1,NULL,10),(171,0,'1','2017-01-20',1,NULL,10),(172,0,'1','2017-01-20',1,NULL,11),(173,0,'1','2017-01-20',1,NULL,10),(174,0,'1','2017-01-20',1,NULL,10),(175,0,'1','2017-01-20',1,NULL,11),(176,0,'1','2017-01-20',1,NULL,11),(177,0,'1','2017-01-20',1,NULL,10),(178,0,'1','2017-01-20',1,NULL,10),(179,0,'1','2017-01-20',1,NULL,10),(180,120,'1','2017-01-20',1,NULL,0),(181,0,'2','2017-02-03',1,NULL,11),(182,0,'2','2017-02-03',1,NULL,11),(183,0,'3','2017-02-24',1,NULL,11),(184,0,'3','2017-02-24',1,NULL,10),(185,120,'3','2017-02-24',1,NULL,0),(186,0,'4','2017-03-17',1,NULL,11),(187,120,'4','2017-03-17',1,NULL,0),(188,0,'4','2017-03-17',1,NULL,11),(189,120,'4','2017-03-17',1,NULL,0),(190,0,'5','2017-04-14',1,NULL,11),(191,0,'5','2017-04-14',1,NULL,11),(193,0,'5','2017-04-14',1,NULL,10),(194,0,'6','2017-05-16',1,NULL,11),(195,0,'7','2017-05-19',1,NULL,11),(196,0,'7','2017-05-19',1,NULL,11),(197,0,'7','2017-05-19',1,NULL,10),(198,0,'7','2017-05-19',1,NULL,10),(199,0,'7','2017-05-19',1,NULL,11),(200,0,'7','2017-05-19',1,NULL,10),(201,0,'7','2017-05-19',1,NULL,11),(202,0,'7','2017-05-19',1,NULL,10),(203,0,'7','2017-05-19',1,NULL,11),(204,0,'7','2017-05-19',1,NULL,11),(205,0,'7','2017-05-19',1,NULL,11),(206,0,'7','2017-05-19',1,NULL,10),(207,0,'7','2017-05-19',1,NULL,11),(208,0,'7','2017-05-19',1,NULL,11),(209,0,'7','2017-05-19',1,NULL,10),(210,0,'7','2017-05-19',NULL,NULL,11),(211,0,'7','2017-05-19',1,NULL,11),(212,0,'7','2017-05-19',1,NULL,10),(213,0,'8','2017-05-26',1,NULL,11),(214,0,'8','2017-05-26',1,NULL,10),(215,0,'8','2017-05-26',1,NULL,10),(216,0,'8','2017-05-26',1,NULL,10),(217,0,'8','2017-05-26',1,NULL,11),(218,0,'8','2017-05-26',1,NULL,11),(219,0,'8','2017-05-26',1,NULL,10),(220,0,'8','2017-05-26',1,NULL,11),(221,0,'8','2017-05-26',1,NULL,10),(222,0,'8','2017-05-26',1,NULL,10),(223,0,'8','2017-05-26',1,NULL,11);
/*!40000 ALTER TABLE `mechanical_test` ENABLE KEYS */;
UNLOCK TABLES;

--
-- Table structure for table `ndt_document`
--

DROP TABLE IF EXISTS `ndt_document`;
/*!40101 SET @saved_cs_client     = @@character_set_client */;
/*!40101 SET character_set_client = utf8 */;
CREATE TABLE `ndt_document` (
  `id_ndt_document` bigint(20) NOT NULL AUTO_INCREMENT,
  `full_name` text,
  `name` varchar(255) DEFAULT NULL,
  PRIMARY KEY (`id_ndt_document`)
) ENGINE=InnoDB AUTO_INCREMENT=13 DEFAULT CHARSET=utf8;
/*!40101 SET character_set_client = @saved_cs_client */;

--
-- Dumping data for table `ndt_document`
--

LOCK TABLES `ndt_document` WRITE;
/*!40000 ALTER TABLE `ndt_document` DISABLE KEYS */;
INSERT INTO `ndt_document` VALUES (1,'Газоснабжение','ДБН В.2.5-20-2001'),(2,'Правила устройства и безопасной эксплуатации сосудов, работающих под давлением','НПАОП 0.00-1.59-87'),(3,'Правила устройства и безопасной эксплуатации паровых и водогрейных котлов','НПАОП 0.00-1.60-66'),(4,'Правила устройства и безопасной эксплуатации трубопроводов пара и горячей воды','НПАОП 0.00-1.11-98'),(5,'Правила устройства и безопасной эксплуатации грузоподъемных кранов','НПАОП 0.00-1.01-07'),(6,'Конструкции стальные строительные','ДСТУ Б В.2.6-199:2014'),(7,'Технологическое оборудование и технологические трубопроводы','СНиП 3.05.05-84'),(8,'Магистральные и промысловые трубопроводы','СНиП III-42-80'),(9,'Наружные сети водоснабжения и канализации','ДСТУ-Н Б В.2.5-68:2012'),(10,'Тепловые сети','ДСТУ-Н Б В.2.5-66:2012'),(11,'Лифты','НПАОП 0.00-1.02-08'),(12,'Подъемники','НПАОП 0.00-1.36-03');
/*!40000 ALTER TABLE `ndt_document` ENABLE KEYS */;
UNLOCK TABLES;

--
-- Table structure for table `organization`
--

DROP TABLE IF EXISTS `organization`;
/*!40101 SET @saved_cs_client     = @@character_set_client */;
/*!40101 SET character_set_client = utf8 */;
CREATE TABLE `organization` (
  `id_organization` bigint(20) NOT NULL AUTO_INCREMENT,
  `adress` varchar(255) DEFAULT NULL,
  `name` varchar(255) DEFAULT NULL,
  `phone` varchar(255) DEFAULT NULL,
  PRIMARY KEY (`id_organization`)
) ENGINE=InnoDB AUTO_INCREMENT=59 DEFAULT CHARSET=utf8;
/*!40101 SET character_set_client = @saved_cs_client */;

--
-- Dumping data for table `organization`
--

LOCK TABLES `organization` WRITE;
/*!40000 ALTER TABLE `organization` DISABLE KEYS */;
INSERT INTO `organization` VALUES (1,'г. Харьков, пр. Косиора, 100','ООО \"Новые технологии\"','+380 57 715 13 28'),(2,'г. Харьков, ул. Светлая, 16','ООО \"Газавтоматика\"','+380 57 714 58 96'),(3,'','ООО \"Растр-5\"',''),(4,'','ЧАО \"ЛИНИК\"',''),(5,'','ЧП \"Лозовмонтажсервис\"',''),(6,'','ООО \"ТД ХНП\"',''),(7,'','Физическое лицо',''),(8,'','ЧАО НТП \"Укрпромэнерго\"',''),(9,'','ООО \"Максистрой\"',''),(10,'','ООО \"ФОБОС\"',''),(11,'','ЧП \"Мегастрой-2012\"',''),(13,'','КП \"Харьковводоканал\"',''),(14,'','ООО СРСУ \"Харьковлифт-2\"',''),(15,'','ООО \"СТАН\"',''),(16,'','Запорожское ЛПУ \"Харьковтрансгаз\"',''),(17,'','КП \"Харьковские тепловые сети\"',''),(18,'','ОМА ГАЗ',''),(19,'','Харьковский филиал \"Термоэлектро Украина\"',''),(20,'','ООО \"Укртранссигнал\"',''),(21,'','Харьковское ЛПУ \"Харьковтрансгаз\"',''),(22,'','УПТК, г. Харьков',''),(23,'','ООО \"ЮКОН Плюс\"',''),(24,'','ЧП \"Спейстройпроект-1\"',''),(25,'','ООО \"Интерстрой\"',''),(26,'','ЧП \"Спецстройпроект\"',''),(27,'','ООО НПП \"Газтехника\"',''),(28,'','ЧП \"РИТМ\"',''),(29,'','ЧАО \"Николаевская ТЭЦ\"',''),(30,'','ООО \"Индиго-групп\"',''),(31,'','Универсал технологии инжинииринг',''),(32,'','СПДФЛ Самойленко В.М.',''),(33,'','Компания \"ОРТУС\" ООО',''),(34,'','ООО \"АНТЕКСТРОЙ\"',''),(35,'','КП \"Тепловодсервис\", пгт Краснопавловка',''),(36,'','Новоивановский сахзавод',''),(38,'','ООО \"ПП Металлокомплект\"',''),(39,'','Криворожское ЛПУМГ \"Харьковтрансгаз\"',''),(40,'','Николаевское ЛПУМГ \"Харьковтрансгаз\"',''),(41,'','ООО \"УТЕМ\"',''),(42,'','ООО \"Прометей\"',''),(43,'','ООО \"Спецгазстрой\"',''),(44,'','ЧП \"Ольшана\"',''),(45,'','ООО \"Восток\"',''),(46,'','ООО  \"НВФ СТМ\", г. Кременчуг',''),(47,'','Купянское ЛПУ \"Харьковтрансгаз\"',''),(48,'','Днепропетровское ЛПУ \"Харьковтрансгаз\"',''),(49,'','ООО \"ТАВЭК\"',''),(50,'','ООО \"Меркурий+\"',''),(51,'','Николаевская ТЭС',''),(52,'','ООО фирма \"ПОСАД\"',''),(54,'','\"Харьковгоргаз\"',''),(55,'','Котельные больничного комплекса',''),(56,'','ООО \"ВАТЕРПРО\"',''),(57,'','СРСУ \"Харьковлифт-1\"',''),(58,'','СП \"Полтавская газонефтяная компания\" ','');
/*!40000 ALTER TABLE `organization` ENABLE KEYS */;
UNLOCK TABLES;

--
-- Table structure for table `pattern_diameter`
--

DROP TABLE IF EXISTS `pattern_diameter`;
/*!40101 SET @saved_cs_client     = @@character_set_client */;
/*!40101 SET character_set_client = utf8 */;
CREATE TABLE `pattern_diameter` (
  `id_pattern_diameter` bigint(20) NOT NULL AUTO_INCREMENT,
  `diameter` double DEFAULT NULL,
  PRIMARY KEY (`id_pattern_diameter`)
) ENGINE=InnoDB AUTO_INCREMENT=8 DEFAULT CHARSET=utf8;
/*!40101 SET character_set_client = @saved_cs_client */;

--
-- Dumping data for table `pattern_diameter`
--

LOCK TABLES `pattern_diameter` WRITE;
/*!40000 ALTER TABLE `pattern_diameter` DISABLE KEYS */;
INSERT INTO `pattern_diameter` VALUES (1,57),(2,76),(3,89),(4,108),(5,159),(6,40),(7,21);
/*!40000 ALTER TABLE `pattern_diameter` ENABLE KEYS */;
UNLOCK TABLES;

--
-- Table structure for table `pattern_thickness`
--

DROP TABLE IF EXISTS `pattern_thickness`;
/*!40101 SET @saved_cs_client     = @@character_set_client */;
/*!40101 SET character_set_client = utf8 */;
CREATE TABLE `pattern_thickness` (
  `id_pattern_thickness` bigint(20) NOT NULL AUTO_INCREMENT,
  `thickness` double DEFAULT NULL,
  PRIMARY KEY (`id_pattern_thickness`)
) ENGINE=InnoDB AUTO_INCREMENT=13 DEFAULT CHARSET=utf8;
/*!40101 SET character_set_client = @saved_cs_client */;

--
-- Dumping data for table `pattern_thickness`
--

LOCK TABLES `pattern_thickness` WRITE;
/*!40000 ALTER TABLE `pattern_thickness` DISABLE KEYS */;
INSERT INTO `pattern_thickness` VALUES (1,2),(2,5),(3,10),(4,12),(5,20),(6,6),(7,4),(8,8),(9,13),(10,14),(11,2.5),(12,3);
/*!40000 ALTER TABLE `pattern_thickness` ENABLE KEYS */;
UNLOCK TABLES;

--
-- Table structure for table `person`
--

DROP TABLE IF EXISTS `person`;
/*!40101 SET @saved_cs_client     = @@character_set_client */;
/*!40101 SET character_set_client = utf8 */;
CREATE TABLE `person` (
  `id_person` int(10) unsigned NOT NULL,
  `surname` varchar(45) DEFAULT NULL,
  PRIMARY KEY (`id_person`)
) ENGINE=InnoDB DEFAULT CHARSET=utf8;
/*!40101 SET character_set_client = @saved_cs_client */;

--
-- Dumping data for table `person`
--

LOCK TABLES `person` WRITE;
/*!40000 ALTER TABLE `person` DISABLE KEYS */;
/*!40000 ALTER TABLE `person` ENABLE KEYS */;
UNLOCK TABLES;

--
-- Table structure for table `personal_protocol`
--

DROP TABLE IF EXISTS `personal_protocol`;
/*!40101 SET @saved_cs_client     = @@character_set_client */;
/*!40101 SET character_set_client = utf8 */;
CREATE TABLE `personal_protocol` (
  `id_personal_protocol` bigint(20) NOT NULL AUTO_INCREMENT,
  `number` varchar(255) DEFAULT NULL,
  `date_periodical_cert` date DEFAULT NULL,
  `id_journal` bigint(20) DEFAULT NULL,
  `id_resolution_certification` bigint(20) DEFAULT NULL,
  `id_theory_test` bigint(20) DEFAULT NULL,
  `id_welder` bigint(20) DEFAULT NULL,
  `attest_type` varchar(255) DEFAULT NULL,
  PRIMARY KEY (`id_personal_protocol`),
  KEY `FKC06CA1B75F1D58C6` (`id_welder`),
  KEY `FKC06CA1B74857498E` (`id_journal`),
  KEY `FKC06CA1B7DFC6EABD` (`id_resolution_certification`),
  KEY `FKC06CA1B7C9E9C4DB` (`id_theory_test`),
  CONSTRAINT `FKC06CA1B74857498E` FOREIGN KEY (`id_journal`) REFERENCES `journal` (`id_journal`) ON DELETE CASCADE ON UPDATE CASCADE,
  CONSTRAINT `FKC06CA1B75F1D58C6` FOREIGN KEY (`id_welder`) REFERENCES `welder` (`id_welder`) ON DELETE CASCADE ON UPDATE CASCADE,
  CONSTRAINT `FKC06CA1B7C9E9C4DB` FOREIGN KEY (`id_theory_test`) REFERENCES `theory_test` (`id_theory_test`) ON DELETE SET NULL ON UPDATE CASCADE,
  CONSTRAINT `FKC06CA1B7DFC6EABD` FOREIGN KEY (`id_resolution_certification`) REFERENCES `resolution_certification` (`id_resolution_certification`) ON DELETE SET NULL ON UPDATE CASCADE
) ENGINE=InnoDB AUTO_INCREMENT=364 DEFAULT CHARSET=utf8;
/*!40101 SET character_set_client = @saved_cs_client */;

--
-- Dumping data for table `personal_protocol`
--

LOCK TABLES `personal_protocol` WRITE;
/*!40000 ALTER TABLE `personal_protocol` DISABLE KEYS */;
INSERT INTO `personal_protocol` VALUES (10,'17','2015-10-09',5,32,32,12,'Периодическая'),(11,'17','2015-10-09',5,31,31,13,'Периодическая'),(12,'17','2015-10-09',5,44,44,14,'Периодическая'),(13,'17','2015-10-09',5,74,74,15,'Периодическая'),(14,'17','2015-10-09',5,41,41,16,'Периодическая'),(15,'17','2015-10-09',5,43,43,17,'Периодическая'),(16,'17','2015-10-09',5,48,48,18,'Периодическая'),(17,'17','2015-10-09',5,50,50,19,'Периодическая'),(18,'17','2015-10-09',5,53,53,20,'Периодическая'),(19,'17','2015-10-09',5,112,112,21,'Периодическая'),(20,'17','2015-10-09',5,76,76,22,'Периодическая'),(21,'17','2015-10-09',5,60,60,23,'Периодическая'),(22,'17','2015-10-09',5,62,62,24,'Периодическая'),(23,'17','2015-10-09',5,65,65,25,'Периодическая'),(24,'17','2015-10-09',5,67,67,26,'Периодическая'),(25,'17','2015-10-09',5,73,73,27,'Периодическая'),(26,'18','2015-10-16',6,111,111,28,'Периодическая'),(27,'18','2015-10-16',6,80,80,29,'Периодическая'),(28,'18','2015-10-16',6,83,83,30,'Периодическая'),(29,'18','2015-10-16',6,85,85,31,'Периодическая'),(30,'18','2015-10-16',6,89,89,32,'Периодическая'),(31,'18','2015-10-16',6,91,91,33,'Периодическая'),(32,'18','2015-10-16',6,93,93,34,'Периодическая'),(33,'18','2015-10-16',6,96,96,35,'Периодическая'),(34,'18','2015-10-16',6,98,98,36,'Периодическая'),(35,'18','2015-10-16',6,100,100,37,'Периодическая'),(36,'18','2015-10-16',6,102,102,38,'Периодическая'),(37,'18','2015-10-16',6,104,104,39,'Периодическая'),(38,'18','2015-10-16',6,106,106,40,'Периодическая'),(39,'18','2015-10-16',6,108,108,41,'Периодическая'),(40,'18','2015-10-16',6,110,110,42,'Периодическая'),(41,'19','2015-11-06',7,115,115,43,'Периодическая'),(42,'19','2015-11-06',7,116,116,44,'Периодическая'),(43,'19','2015-11-06',7,118,118,45,'Периодическая'),(44,'19','2015-11-06',7,120,120,46,'Периодическая'),(45,'19','2015-11-06',7,122,122,47,'Периодическая'),(46,'19','2015-11-06',7,124,124,48,'Периодическая'),(47,'20','2015-11-13',8,128,128,49,'Периодическая'),(48,'20','2015-11-13',8,130,130,50,'Периодическая'),(49,'20','2015-11-13',8,134,134,51,'Периодическая'),(50,'20','2015-11-13',8,136,136,52,'Периодическая'),(51,'20','2015-11-13',8,138,138,53,'Периодическая'),(52,'20','2015-11-13',8,140,140,54,'Периодическая'),(53,'20','2015-11-13',8,143,143,55,'Периодическая'),(54,'20','2015-11-13',8,144,144,56,'Периодическая'),(55,'20','2015-11-13',8,146,146,57,'Периодическая'),(56,'20','2015-11-13',8,148,148,58,'Периодическая'),(57,'20','2015-11-13',8,151,151,59,'Периодическая'),(58,'20','2015-11-13',8,153,153,60,'Периодическая'),(59,'20','2015-11-13',8,155,155,61,'Периодическая'),(60,'20','2015-11-13',8,157,157,62,'Периодическая'),(61,'21','2015-11-20',9,159,159,63,'Периодическая'),(62,'21','2015-11-20',9,161,161,64,'Периодическая'),(63,'21','2015-11-20',9,163,163,65,'Периодическая'),(64,'21','2015-11-20',9,165,165,66,'Периодическая'),(65,'21','2015-11-20',9,167,167,67,'Периодическая'),(66,'21','2015-11-20',9,169,169,68,'Периодическая'),(67,'21','2015-11-20',9,170,170,69,'Периодическая'),(68,'21','2015-11-20',9,171,171,70,'Периодическая'),(69,'21','2015-11-20',9,172,172,71,'Периодическая'),(70,'21','2015-11-20',9,173,173,72,'Периодическая'),(71,'21','2015-11-20',9,174,174,73,'Периодическая'),(72,'21','2015-11-20',9,175,175,74,'Периодическая'),(73,'22','2015-11-27',10,177,177,75,'Периодическая'),(74,'22','2015-11-27',10,179,179,76,'Периодическая'),(75,'22','2015-11-27',10,180,180,77,'Периодическая'),(76,'22','2015-11-27',10,181,181,78,'Периодическая'),(77,'22','2015-11-27',10,182,182,79,'Периодическая'),(78,'22','2015-11-27',10,183,183,80,'Периодическая'),(79,'22','2015-11-27',10,185,185,81,'Периодическая'),(80,'22','2015-11-27',10,186,186,82,'Периодическая'),(81,'22','2015-11-27',10,187,187,83,'Периодическая'),(82,'22','2015-11-27',10,188,188,84,'Периодическая'),(83,'22','2015-11-27',10,189,189,85,'Периодическая'),(84,'22','2015-11-27',10,190,190,86,'Периодическая'),(85,'23','2015-12-04',11,192,192,87,'Периодическая'),(86,'23','2015-12-04',11,194,194,88,'Периодическая'),(87,'23','2015-12-04',11,197,197,89,'Периодическая'),(88,'23','2015-12-04',11,200,200,90,'Периодическая'),(89,'23','2015-12-04',11,202,202,91,'Периодическая'),(90,'24','2015-12-18',12,204,204,92,'Периодическая'),(91,'24','2015-12-18',12,206,206,93,'Периодическая'),(92,'24','2015-12-18',12,208,208,94,'Периодическая'),(93,'24','2015-12-18',12,210,210,95,'Периодическая'),(94,'24','2015-12-18',12,226,226,96,'Периодическая'),(95,'24','2015-12-18',12,217,217,97,'Периодическая'),(96,'24','2015-12-18',12,219,219,98,'Периодическая'),(97,'24','2015-12-18',12,221,221,99,'Периодическая'),(98,'24','2015-12-18',12,223,223,100,'Периодическая'),(99,'24','2015-12-18',12,225,225,101,'Периодическая'),(100,'1','2016-02-19',13,230,230,102,'Периодическая'),(101,'1','2016-02-19',13,232,232,103,'Периодическая'),(102,'1','2016-02-19',13,234,234,104,'Периодическая'),(103,'3','2016-04-01',14,236,236,105,'Периодическая'),(104,'3','2016-04-01',14,238,238,106,'Периодическая'),(105,'3','2016-04-01',14,240,240,107,'Периодическая'),(106,'3','2016-04-01',14,243,243,108,'Периодическая'),(107,'3','2016-04-01',14,245,245,109,'Периодическая'),(108,'3','2016-04-01',14,247,247,110,'Периодическая'),(109,'3','2016-04-01',14,253,253,111,'Периодическая'),(110,'3','2016-04-01',14,252,252,112,'Периодическая'),(111,'3','2016-04-01',14,255,255,113,'Периодическая'),(112,'3','2016-04-01',14,258,258,114,'Периодическая'),(113,'4','2016-04-08',16,260,260,115,'Периодическая'),(114,'4','2016-04-08',16,262,262,116,'Периодическая'),(115,'4','2016-04-08',16,264,264,117,'Периодическая'),(116,'4','2016-04-08',16,266,266,118,'Периодическая'),(117,'4','2016-04-08',16,268,268,119,'Периодическая'),(118,'4','2016-04-08',16,271,271,120,'Периодическая'),(119,'5','2016-04-22',17,273,273,121,'Периодическая'),(120,'5','2016-04-22',17,276,276,122,'Периодическая'),(121,'5','2016-04-22',17,278,278,123,'Периодическая'),(122,'5','2016-04-22',17,282,282,124,'Периодическая'),(123,'6','2016-05-11',18,284,284,125,'Периодическая'),(124,'6','2016-05-11',18,287,287,126,'Периодическая'),(125,'6','2016-05-11',18,289,289,127,'Периодическая'),(126,'6','2016-05-11',18,291,291,128,'Периодическая'),(127,'6','2016-05-11',18,293,293,129,'Периодическая'),(128,'6','2016-05-11',18,296,296,130,'Периодическая'),(129,'6','2016-05-11',18,298,298,131,'Периодическая'),(130,'6','2016-05-11',18,300,300,132,'Периодическая'),(131,'6','2016-05-11',18,302,302,133,'Периодическая'),(132,'6','2016-05-11',18,304,304,134,'Периодическая'),(133,'7','2016-05-13',19,317,317,135,'Периодическая'),(134,'7','2016-05-13',19,308,308,136,'Периодическая'),(135,'7','2016-05-13',19,322,322,137,'Периодическая'),(136,'7','2016-05-13',19,312,312,138,'Периодическая'),(137,'7','2016-05-13',19,318,318,139,'Периодическая'),(138,'7','2016-05-13',19,316,316,140,'Периодическая'),(139,'7','2016-05-13',19,321,321,141,'Периодическая'),(140,'7','2016-05-13',19,324,324,142,'Периодическая'),(141,'7','2016-05-13',19,326,326,143,'Периодическая'),(142,'8','2016-06-03',20,329,329,144,'Периодическая'),(143,'8','2016-06-03',20,332,332,145,'Периодическая'),(144,'8','2016-06-03',20,334,334,146,'Периодическая'),(145,'8','2016-06-03',20,337,337,147,'Периодическая'),(146,'9','2016-07-08',21,339,339,148,'Периодическая'),(147,'9','2016-07-08',21,341,341,149,'Периодическая'),(148,'9','2016-07-08',21,344,344,150,'Периодическая'),(149,'9','2016-07-08',21,346,346,151,'Периодическая'),(150,'9','2016-07-08',21,348,348,152,'Периодическая'),(151,'9','2016-07-08',21,350,350,153,'Периодическая'),(152,'9','2016-07-08',21,352,352,154,'Периодическая'),(153,'9','2016-07-08',21,354,354,155,'Периодическая'),(154,'9','2016-07-08',21,356,356,156,'Периодическая'),(155,'9','2016-07-08',21,358,358,157,'Периодическая'),(156,'10','2016-07-15',22,360,360,158,'Периодическая'),(157,'10','2016-07-15',22,362,362,159,'Периодическая'),(158,'10','2016-07-15',22,364,364,160,'Периодическая'),(159,'10','2016-07-15',22,366,366,161,'Периодическая'),(160,'10','2016-07-15',22,373,373,162,'Периодическая'),(161,'10','2016-07-15',22,370,370,163,'Периодическая'),(162,'10','2016-07-15',22,372,372,164,'Периодическая'),(163,'10','2016-07-15',22,375,375,165,'Периодическая'),(164,'11','2016-08-05',23,377,377,166,'Периодическая'),(165,'11','2016-08-05',23,379,379,167,'Периодическая'),(166,'11','2016-08-05',23,381,381,168,'Периодическая'),(167,'11','2016-08-05',23,383,383,169,'Периодическая'),(168,'11','2016-08-05',23,386,386,170,'Периодическая'),(169,'11','2016-08-05',23,388,388,171,'Периодическая'),(170,'12','2016-08-19',24,390,390,172,'Периодическая'),(171,'12','2016-08-19',24,392,392,173,'Периодическая'),(172,'12','2016-08-19',24,394,394,174,'Периодическая'),(173,'12','2016-08-19',24,396,396,175,'Периодическая'),(174,'12','2016-08-19',24,398,398,176,'Периодическая'),(175,'12','2016-08-19',24,400,400,177,'Периодическая'),(176,'12','2016-08-19',24,402,402,178,'Периодическая'),(177,'12','2016-08-19',24,407,407,179,'Периодическая'),(178,'12','2016-08-19',24,406,406,180,'Периодическая'),(179,'13','2016-09-09',25,412,412,181,'Периодическая'),(180,'13','2016-09-09',25,411,411,182,'Периодическая'),(181,'13','2016-09-09',25,414,414,183,'Периодическая'),(182,'13','2016-09-09',25,416,416,184,'Периодическая'),(183,'13','2016-09-09',25,418,418,185,'Периодическая'),(184,'13','2016-09-09',25,420,420,186,'Периодическая'),(185,'14','2016-09-30',26,422,422,187,'Периодическая'),(186,'14','2016-09-30',26,424,424,188,'Периодическая'),(187,'14','2016-09-30',26,426,426,189,'Периодическая'),(197,'15','2016-10-21',28,428,428,190,'Периодическая'),(198,'15','2016-10-21',28,430,430,191,'Периодическая'),(199,'15','2016-10-21',28,432,432,192,'Периодическая'),(200,'15','2016-10-21',28,435,435,193,'Периодическая'),(201,'15','2016-10-21',28,437,437,194,'Периодическая'),(202,'15','2016-10-21',28,439,439,195,'Периодическая'),(203,'15','2016-10-21',28,441,441,196,'Периодическая'),(204,'15','2016-10-21',28,443,443,197,'Периодическая'),(205,'15','2016-10-21',28,445,445,198,'Периодическая'),(206,'15','2016-10-21',28,447,447,199,'Периодическая'),(207,'15','2016-10-21',28,449,449,200,'Периодическая'),(208,'16','2016-10-28',29,451,451,201,'Периодическая'),(209,'16','2016-10-28',29,453,453,202,'Периодическая'),(210,'17','2016-11-11',30,455,455,203,'Периодическая'),(211,'17','2016-11-11',30,457,457,204,'Периодическая'),(212,'17','2016-11-11',30,460,460,205,'Периодическая'),(213,'17','2016-11-11',30,462,462,206,'Периодическая'),(214,'17','2016-11-11',30,464,464,207,'Периодическая'),(215,'18','2016-11-25',31,466,466,208,'Периодическая'),(216,'18','2016-11-25',31,468,468,209,'Периодическая'),(217,'18','2016-11-25',31,470,470,210,'Периодическая'),(218,'18','2016-11-25',31,472,472,211,'Периодическая'),(219,'19','2016-12-09',32,474,474,212,'Периодическая'),(220,'19','2016-12-09',32,476,476,213,'Периодическая'),(221,'19','2016-12-09',32,478,478,214,'Периодическая'),(222,'19','2016-12-09',32,480,480,215,'Периодическая'),(223,'19','2016-12-09',32,482,482,216,'Периодическая'),(240,'20','2016-12-16',35,484,484,217,'Периодическая'),(241,'20','2016-12-16',35,486,486,218,'Периодическая'),(242,'20','2016-12-16',35,488,488,219,'Периодическая'),(243,'20','2016-12-16',35,490,490,220,'Периодическая'),(244,'20','2016-12-16',35,492,492,221,'Периодическая'),(245,'20','2016-12-16',35,496,496,222,'Периодическая'),(246,'20','2016-12-16',35,494,494,223,'Периодическая'),(247,'20','2016-12-16',35,499,499,224,'Периодическая'),(248,'20','2016-12-16',35,501,501,225,'Периодическая'),(249,'21','2016-12-23',36,503,503,226,'Периодическая'),(250,'21','2016-12-23',36,505,505,227,'Периодическая'),(251,'21','2016-12-23',36,507,507,228,'Периодическая'),(252,'21','2016-12-23',36,509,509,229,'Периодическая'),(253,'21','2016-12-23',36,511,511,230,'Периодическая'),(254,'21','2016-12-23',36,517,517,231,'Периодическая'),(255,'21','2016-12-23',36,513,513,232,'Периодическая'),(256,'21','2016-12-23',36,520,520,233,'Периодическая'),(257,'21','2016-12-23',36,522,522,234,'Периодическая'),(258,'21','2016-12-23',36,515,515,235,'Периодическая'),(259,'21','2016-12-23',36,524,524,236,'Периодическая'),(260,'22','2016-12-30',37,526,526,237,'Периодическая'),(261,'22','2016-12-30',37,528,528,238,'Периодическая'),(262,'22','2016-12-30',37,530,530,239,'Периодическая'),(263,'22','2016-12-30',37,532,532,240,'Периодическая'),(264,'22','2016-12-30',37,534,534,241,'Периодическая'),(265,'22','2016-12-30',37,536,536,242,'Периодическая'),(266,'22','2016-12-30',37,538,538,243,'Периодическая'),(267,'22','2016-12-30',37,540,540,244,'Периодическая'),(268,'22','2016-12-30',37,542,542,245,'Периодическая'),(269,'22','2016-12-30',37,544,544,246,'Периодическая'),(270,'22','2016-12-30',37,546,546,247,'Периодическая'),(271,'22','2016-12-30',37,548,548,248,'Периодическая'),(272,'22','2016-12-30',37,550,550,249,'Периодическая'),(273,'22','2016-12-30',37,552,552,250,'Периодическая'),(274,'1','2017-01-20',38,555,555,251,'Периодическая'),(275,'1','2017-01-20',38,557,557,252,'Периодическая'),(276,'1','2017-01-20',38,559,559,253,'Периодическая'),(277,'1','2017-01-20',38,561,561,254,'Периодическая'),(278,'1','2017-01-20',38,577,577,255,'Периодическая'),(279,'1','2017-01-20',38,563,563,256,'Периодическая'),(280,'1','2017-01-20',38,565,565,257,'Периодическая'),(281,'1','2017-01-20',38,579,579,258,'Периодическая'),(282,'1','2017-01-20',38,567,567,259,'Периодическая'),(283,'1','2017-01-20',38,569,569,260,'Периодическая'),(284,'1','2017-01-20',38,571,571,261,'Периодическая'),(285,'1','2017-01-20',38,573,573,262,'Периодическая'),(286,'1','2017-01-20',38,575,575,263,'Периодическая'),(287,'1','2017-01-20',38,581,581,264,'Периодическая'),(288,'2','2017-02-03',39,583,583,265,'Периодическая'),(289,'2','2017-02-03',39,585,585,266,'Периодическая'),(290,'2','2017-02-03',39,587,587,267,'Периодическая'),(291,'2','2017-02-03',39,589,589,268,'Периодическая'),(292,'2','2017-02-03',39,591,591,269,'Периодическая'),(293,'3','2017-02-24',40,594,594,270,'Периодическая'),(294,'3','2017-02-24',40,596,596,271,'Периодическая'),(295,'3','2017-02-24',40,599,599,272,'Периодическая'),(296,'3','2017-02-24',40,601,601,273,'Периодическая'),(297,'3','2017-02-24',40,603,603,274,'Периодическая'),(298,'4','2017-03-17',41,609,609,275,'Периодическая'),(299,'4','2017-03-17',41,608,608,276,'Периодическая'),(300,'4','2017-03-17',41,611,611,277,'Периодическая'),(301,'4','2017-03-17',41,613,613,278,'Периодическая'),(302,'4','2017-03-17',41,615,615,279,'Периодическая'),(303,'5','2017-04-14',42,618,618,280,'Периодическая'),(304,'5','2017-04-14',42,620,620,281,'Периодическая'),(305,'5','2017-04-14',42,623,623,282,'Периодическая'),(306,'6','2017-05-16',43,625,625,283,'Периодическая'),(307,'6','2017-05-16',43,627,627,284,'Периодическая'),(308,'6','2017-05-16',43,629,629,285,'Периодическая'),(309,'6','2017-05-16',43,631,631,286,'Периодическая'),(310,'6','2017-05-16',43,635,635,287,'Периодическая'),(311,'6','2017-05-16',43,633,633,288,'Периодическая'),(312,'7','2017-05-19',44,637,637,289,'Периодическая'),(313,'7','2017-05-19',44,640,640,290,'Периодическая'),(314,'7','2017-05-19',44,642,642,291,'Периодическая'),(315,'7','2017-05-19',44,645,645,292,'Периодическая'),(316,'7','2017-05-19',44,647,647,293,'Периодическая'),(317,'7','2017-05-19',44,649,649,294,'Периодическая'),(318,'7','2017-05-19',44,651,651,295,'Периодическая'),(319,'7','2017-05-19',44,653,653,296,'Периодическая'),(320,'7','2017-05-19',44,663,663,297,'Периодическая'),(321,'7','2017-05-19',44,655,655,298,'Периодическая'),(322,'7','2017-05-19',44,657,657,299,'Периодическая'),(323,'7','2017-05-19',44,659,659,300,'Периодическая'),(324,'7','2017-05-19',44,661,661,301,'Периодическая'),(325,'7','2017-05-19',44,664,664,302,'Периодическая'),(326,'7','2017-05-19',44,662,662,303,'Периодическая'),(327,'7','2017-05-19',44,665,665,304,'Периодическая'),(328,'7','2017-05-19',44,666,666,305,'Периодическая'),(329,'7','2017-05-19',44,667,667,306,'Периодическая'),(330,'8','2017-05-26',45,669,669,307,'Периодическая'),(331,'8','2017-05-26',45,671,671,308,'Периодическая'),(332,'8','2017-05-26',45,673,673,309,'Периодическая'),(333,'8','2017-05-26',45,675,675,310,'Периодическая'),(334,'8','2017-05-26',45,677,677,311,'Периодическая'),(335,'8','2017-05-26',45,679,679,312,'Периодическая'),(336,'8','2017-05-26',45,681,681,313,'Периодическая'),(337,'8','2017-05-26',45,683,683,314,'Периодическая'),(338,'8','2017-05-26',45,685,685,315,'Периодическая'),(339,'8','2017-05-26',45,687,687,316,'Периодическая'),(340,'8','2017-05-26',45,689,689,317,'Периодическая'),(341,'8','2017-05-26',45,NULL,NULL,318,NULL),(342,'8','2017-05-26',45,NULL,NULL,319,NULL),(343,'8','2017-05-26',45,NULL,NULL,320,NULL),(344,'8','2017-05-26',45,NULL,NULL,321,NULL),(345,'8','2017-05-26',45,NULL,NULL,322,NULL),(346,'8','2017-05-26',45,NULL,NULL,323,NULL),(347,'8','2017-05-26',45,NULL,NULL,324,NULL),(348,'9','2017-06-02',46,NULL,NULL,325,NULL),(349,'9','2017-06-02',46,NULL,NULL,326,NULL),(350,'9','2017-06-02',46,NULL,NULL,327,NULL),(351,'9','2017-06-02',46,NULL,NULL,328,NULL),(352,'9','2017-06-02',46,NULL,NULL,329,NULL),(353,'9','2017-06-02',46,NULL,NULL,330,NULL),(354,'9','2017-06-02',46,NULL,NULL,331,NULL),(355,'9','2017-06-02',46,NULL,NULL,332,NULL),(356,'9','2017-06-02',46,NULL,NULL,333,NULL),(357,'9','2017-06-02',46,NULL,NULL,334,NULL),(358,'9','2017-06-02',46,NULL,NULL,335,NULL),(359,'9','2017-06-02',46,NULL,NULL,336,NULL),(360,'9','2017-06-02',46,NULL,NULL,337,NULL),(361,'9','2017-06-02',46,NULL,NULL,338,NULL),(362,'9','2017-06-02',46,NULL,NULL,339,NULL),(363,'9','2017-06-02',46,NULL,NULL,340,NULL);
/*!40000 ALTER TABLE `personal_protocol` ENABLE KEYS */;
UNLOCK TABLES;

--
-- Table structure for table `personal_protocol_ndt_document`
--

DROP TABLE IF EXISTS `personal_protocol_ndt_document`;
/*!40101 SET @saved_cs_client     = @@character_set_client */;
/*!40101 SET character_set_client = utf8 */;
CREATE TABLE `personal_protocol_ndt_document` (
  `id_personal_protocol` bigint(20) NOT NULL,
  `id_ndt_document` bigint(20) NOT NULL,
  KEY `FK24BFB0447B944AC7` (`id_personal_protocol`),
  KEY `FK24BFB0445FB8245D` (`id_ndt_document`),
  CONSTRAINT `FK24BFB0445FB8245D` FOREIGN KEY (`id_ndt_document`) REFERENCES `ndt_document` (`id_ndt_document`) ON DELETE CASCADE ON UPDATE CASCADE,
  CONSTRAINT `FK24BFB0447B944AC7` FOREIGN KEY (`id_personal_protocol`) REFERENCES `personal_protocol` (`id_personal_protocol`) ON DELETE CASCADE ON UPDATE CASCADE
) ENGINE=InnoDB DEFAULT CHARSET=utf8;
/*!40101 SET character_set_client = @saved_cs_client */;

--
-- Dumping data for table `personal_protocol_ndt_document`
--

LOCK TABLES `personal_protocol_ndt_document` WRITE;
/*!40000 ALTER TABLE `personal_protocol_ndt_document` DISABLE KEYS */;
INSERT INTO `personal_protocol_ndt_document` VALUES (11,4),(11,6),(11,7),(10,6),(10,7),(10,9),(14,2),(14,4),(14,6),(14,7),(15,1),(15,7),(12,2),(12,3),(12,4),(16,4),(16,2),(16,3),(16,7),(17,6),(18,6),(18,2),(18,3),(18,7),(21,1),(21,7),(22,6),(23,6),(23,4),(23,7),(24,6),(24,4),(24,7),(25,6),(25,4),(25,3),(25,7),(13,6),(13,9),(13,7),(20,9),(20,7),(27,4),(27,2),(27,3),(27,7),(28,10),(28,9),(28,4),(28,7),(29,6),(29,9),(29,7),(30,4),(30,2),(30,3),(30,7),(31,10),(31,9),(31,2),(31,7),(32,1),(32,10),(32,4),(32,2),(32,3),(32,8),(33,1),(33,6),(33,4),(33,3),(34,1),(34,10),(34,4),(34,3),(35,4),(35,2),(35,7),(36,1),(36,6),(36,4),(36,7),(37,6),(37,4),(37,2),(37,3),(38,6),(38,9),(38,7),(39,4),(39,2),(39,3),(40,1),(40,6),(40,4),(40,7),(26,6),(26,9),(26,7),(19,6),(19,4),(19,3),(19,7),(41,1),(41,6),(41,10),(41,4),(41,2),(41,3),(42,6),(43,6),(44,1),(44,8),(45,1),(45,8),(46,1),(46,8),(47,1),(48,6),(49,9),(50,9),(51,9),(52,9),(53,1),(54,9),(55,9),(56,6),(57,9),(58,9),(59,6),(60,6),(61,9),(62,9),(63,9),(64,9),(65,9),(66,9),(67,9),(68,9),(69,9),(70,9),(71,9),(72,9),(73,9),(74,9),(75,9),(76,9),(77,9),(78,9),(79,9),(80,9),(81,9),(82,9),(83,9),(84,9),(85,1),(85,2),(85,3),(86,6),(87,1),(87,4),(87,2),(87,3),(88,1),(88,8),(89,6),(90,1),(90,10),(90,3),(91,6),(92,1),(92,10),(92,3),(93,6),(95,1),(95,10),(95,3),(96,1),(96,10),(96,3),(97,6),(98,1),(98,6),(98,4),(98,2),(98,3),(98,8),(99,6),(94,1),(94,9),(100,1),(100,6),(100,8),(101,1),(101,9),(102,9),(103,1),(104,1),(104,9),(105,1),(105,6),(105,4),(105,2),(105,3),(105,7),(106,1),(107,1),(108,1),(108,6),(108,4),(108,2),(108,3),(108,7),(109,1),(111,10),(111,9),(111,4),(111,2),(111,3),(111,7),(112,1),(113,8),(114,1),(114,6),(114,9),(114,4),(115,1),(115,6),(115,4),(115,2),(115,3),(115,7),(116,1),(116,6),(116,4),(116,2),(116,3),(116,7),(117,1),(118,1),(118,6),(118,4),(118,2),(118,3),(118,7),(119,1),(119,6),(119,9),(119,8),(120,1),(120,6),(120,8),(121,6),(122,6),(123,9),(124,9),(125,9),(126,9),(127,9),(128,9),(129,9),(130,9),(131,9),(132,9),(134,9),(136,9),(138,6),(138,9),(133,6),(137,6),(139,10),(139,9),(139,4),(139,3),(135,9),(140,9),(141,6),(142,1),(143,1),(143,6),(144,6),(145,1),(145,4),(145,3),(146,1),(147,1),(148,1),(149,10),(149,9),(149,4),(149,2),(149,3),(149,7),(150,1),(150,10),(150,9),(150,5),(150,4),(150,2),(150,3),(150,7),(151,1),(152,10),(152,9),(152,4),(152,2),(152,3),(152,7),(153,1),(153,10),(153,9),(153,5),(153,4),(153,2),(153,3),(153,7),(154,10),(154,5),(154,4),(154,2),(154,3),(154,7),(155,1),(156,1),(156,10),(156,9),(157,10),(157,9),(157,4),(157,2),(157,3),(157,7),(158,10),(158,9),(158,4),(158,2),(158,3),(158,7),(159,6),(159,4),(159,2),(159,3),(161,1),(161,10),(161,9),(161,3),(162,6),(160,6),(163,6),(163,4),(163,2),(163,3),(164,1),(164,6),(164,5),(164,7),(164,8),(165,10),(165,9),(165,4),(165,2),(165,3),(165,7),(166,1),(166,6),(166,5),(166,7),(166,8),(167,9),(167,2),(168,10),(168,9),(168,4),(168,2),(168,3),(168,7),(169,1),(169,6),(169,5),(169,7),(169,8),(170,1),(170,7),(170,8),(171,1),(171,7),(171,8),(172,1),(172,7),(172,8),(173,1),(173,7),(173,8),(174,1),(174,7),(174,8),(175,1),(175,7),(175,8),(176,1),(176,7),(176,8),(178,6),(178,4),(178,2),(178,3),(177,9),(180,1),(180,6),(180,9),(180,7),(180,8),(179,1),(179,6),(179,9),(179,4),(179,7),(179,8),(181,1),(181,6),(181,10),(181,7),(181,8),(182,1),(182,9),(183,1),(183,6),(183,9),(183,4),(183,7),(183,8),(184,6),(184,9),(185,1),(185,6),(185,4),(185,2),(185,3),(185,7),(186,6),(187,1),(187,6),(187,4),(187,2),(187,3),(187,7),(197,10),(197,9),(197,4),(197,2),(197,3),(197,7),(198,10),(198,9),(198,4),(198,2),(198,3),(198,7),(199,10),(199,9),(199,4),(199,2),(199,3),(199,7),(200,10),(200,9),(200,4),(200,2),(200,3),(200,7),(201,10),(201,9),(201,4),(201,2),(201,3),(201,7),(202,10),(202,5),(202,4),(202,2),(202,3),(202,7),(203,10),(203,9),(203,4),(203,2),(203,3),(203,7),(204,10),(204,9),(204,4),(204,2),(204,3),(204,7),(205,10),(205,9),(205,4),(205,2),(205,3),(205,7),(206,10),(206,9),(206,4),(206,2),(206,3),(206,7),(207,10),(207,9),(207,4),(207,2),(207,3),(207,7),(208,6),(209,6),(210,1),(210,6),(210,10),(210,7),(210,8),(211,6),(211,9),(211,2),(212,1),(212,6),(212,10),(212,9),(213,1),(213,7),(213,8),(214,1),(214,7),(214,8),(215,1),(215,10),(216,1),(216,7),(216,8),(217,1),(217,7),(218,1),(218,8),(219,1),(219,6),(219,4),(219,2),(219,3),(219,7),(219,8),(220,1),(220,6),(220,4),(220,2),(220,3),(220,7),(220,8),(221,1),(221,6),(221,4),(221,2),(221,3),(221,7),(221,8),(222,1),(222,6),(222,4),(222,2),(222,3),(222,7),(222,8),(223,1),(223,6),(223,4),(223,2),(223,3),(223,7),(223,8),(240,9),(241,9),(242,9),(243,9),(244,9),(246,9),(245,9),(247,9),(248,9),(249,7),(249,8),(250,9),(251,1),(251,8),(252,9),(253,9),(255,9),(258,9),(254,9),(256,9),(257,9),(259,8),(260,1),(260,6),(260,4),(260,2),(260,3),(260,7),(261,1),(261,6),(261,4),(261,2),(261,3),(261,7),(262,6),(262,9),(262,3),(262,7),(263,1),(263,6),(263,4),(263,2),(263,3),(263,7),(264,6),(264,9),(264,3),(264,7),(265,1),(265,6),(265,4),(265,2),(265,3),(265,7),(266,6),(266,9),(266,3),(266,7),(267,1),(267,6),(267,4),(267,2),(267,3),(267,7),(268,6),(268,9),(268,3),(268,7),(269,1),(269,6),(269,4),(269,2),(269,3),(269,7),(270,1),(270,6),(270,4),(270,2),(270,3),(270,7),(271,6),(272,1),(273,1),(274,1),(274,10),(274,9),(274,5),(274,4),(274,2),(274,3),(274,7),(275,10),(275,4),(276,10),(276,4),(277,10),(277,4),(279,10),(279,4),(280,10),(280,4),(282,10),(282,4),(283,10),(283,4),(284,10),(284,4),(285,10),(285,4),(286,10),(286,4),(278,1),(278,10),(278,4),(278,3),(281,1),(281,10),(281,4),(281,3),(287,6),(288,1),(288,10),(288,4),(288,3),(289,1),(289,6),(289,10),(289,4),(289,2),(289,3),(289,7),(289,8),(290,1),(291,1),(291,10),(291,9),(292,1),(292,4),(292,2),(292,3),(293,1),(294,6),(294,10),(294,9),(295,10),(295,9),(296,6),(297,6),(297,11),(297,12),(299,1),(299,6),(299,4),(299,2),(299,3),(299,7),(298,1),(298,6),(298,4),(298,2),(298,3),(298,7),(300,1),(300,6),(300,4),(300,2),(300,3),(300,7),(301,1),(301,6),(301,4),(301,2),(301,3),(301,7),(302,1),(302,6),(302,10),(302,4),(302,7),(302,8),(303,9),(304,1),(304,4),(304,2),(304,3),(305,1),(305,4),(305,2),(305,3),(306,9),(307,1),(307,6),(307,4),(307,7),(307,8),(308,1),(308,6),(308,4),(308,7),(308,8),(309,1),(309,6),(309,4),(309,7),(309,8),(311,1),(311,6),(311,4),(311,7),(311,8),(310,1),(310,9),(310,7),(310,8),(312,9),(313,9),(314,9),(315,9),(316,9),(317,9),(318,9),(319,9),(321,9),(322,9),(323,9),(324,9),(326,9),(320,9),(325,9),(327,9),(328,9),(329,1),(330,9),(331,9),(332,9),(333,9),(334,9),(335,9),(336,9),(337,9),(338,9),(339,9),(340,9);
/*!40000 ALTER TABLE `personal_protocol_ndt_document` ENABLE KEYS */;
UNLOCK TABLES;

--
-- Table structure for table `qualification`
--

DROP TABLE IF EXISTS `qualification`;
/*!40101 SET @saved_cs_client     = @@character_set_client */;
/*!40101 SET character_set_client = utf8 */;
CREATE TABLE `qualification` (
  `id_qualification` bigint(20) NOT NULL AUTO_INCREMENT,
  `type` varchar(255) DEFAULT NULL,
  PRIMARY KEY (`id_qualification`)
) ENGINE=InnoDB AUTO_INCREMENT=4 DEFAULT CHARSET=utf8;
/*!40101 SET character_set_client = @saved_cs_client */;

--
-- Dumping data for table `qualification`
--

LOCK TABLES `qualification` WRITE;
/*!40000 ALTER TABLE `qualification` DISABLE KEYS */;
INSERT INTO `qualification` VALUES (1,'Электросварщик'),(2,'Электрогазосварщик'),(3,'Газосварщик');
/*!40000 ALTER TABLE `qualification` ENABLE KEYS */;
UNLOCK TABLES;

--
-- Table structure for table `radiation_test`
--

DROP TABLE IF EXISTS `radiation_test`;
/*!40101 SET @saved_cs_client     = @@character_set_client */;
/*!40101 SET character_set_client = utf8 */;
CREATE TABLE `radiation_test` (
  `id_radiation_test` bigint(20) NOT NULL AUTO_INCREMENT,
  `defects` varchar(255) DEFAULT NULL,
  `number` varchar(255) DEFAULT NULL,
  `prot_date` date DEFAULT NULL,
  `sensitivity` varchar(255) DEFAULT NULL,
  `id_evaluation` bigint(20) DEFAULT NULL,
  `id_weld_pattern` bigint(20) DEFAULT NULL,
  PRIMARY KEY (`id_radiation_test`),
  KEY `FK12C67D90D7AE25E9` (`id_weld_pattern`),
  KEY `FK12C67D90588CCF58` (`id_evaluation`),
  CONSTRAINT `FK12C67D90588CCF58` FOREIGN KEY (`id_evaluation`) REFERENCES `evaluation` (`id_evaluation`) ON DELETE SET NULL ON UPDATE CASCADE,
  CONSTRAINT `FK12C67D90D7AE25E9` FOREIGN KEY (`id_weld_pattern`) REFERENCES `weld_pattern` (`id_weld_pattern`) ON DELETE CASCADE ON UPDATE CASCADE
) ENGINE=InnoDB AUTO_INCREMENT=764 DEFAULT CHARSET=utf8;
/*!40101 SET character_set_client = @saved_cs_client */;

--
-- Dumping data for table `radiation_test`
--

LOCK TABLES `radiation_test` WRITE;
/*!40000 ALTER TABLE `radiation_test` DISABLE KEYS */;
INSERT INTO `radiation_test` VALUES (3,'Нк14<0.3','15-001','2015-08-18','0.3',1,NULL),(7,'2П1','16','2015-09-11','0.4',1,NULL),(8,'Нк12<0,5','16','2015-09-11','0.4',1,NULL),(9,'П0,8','16','2015-09-11','0.2',1,NULL),(10,'В1','16','2015-09-01','0.2',1,NULL),(11,'2Ш3х1','16','2015-09-11','0.4',1,NULL),(12,'2П1; Нк10<0,5','16','2015-09-11','0.4',1,NULL),(13,'2Ш2х0,8','16','2015-09-11','0.4',1,NULL),(14,'П1; Нк12<0,6','17','2015-10-09','0.4',1,NULL),(15,'2П0,8','17','2015-10-09','0.3',1,NULL),(16,'С6П0,8','17','2015-10-09','0.5',1,NULL),(36,'Нк18<0,6','17','2015-10-09','0.3',1,NULL),(40,'2П1','17','2015-10-09','0.3',1,NULL),(44,'2Ш2х1','17','2015-10-09','0.3',1,NULL),(45,'С6Ш1х0,8','17','2015-10-09','0.5',1,NULL),(47,'ДНО','17','2015-10-09','0.3',1,NULL),(50,'П1;Ш3х1','17','2015-10-09','0.4',1,NULL),(56,'Ш4х1; Нк12<0,6','17','2015-10-09','0.3',1,NULL),(58,'П1,2; Ш5х1','17','2015-10-09','0.5',1,NULL),(71,'Ш2х1','17','2015-10-09','0.3',1,NULL),(73,'Нк12<0,4','17','2015-10-09','0.3',1,NULL),(74,'П1; 2Ш3х1','17','2015-10-09','0.4',1,NULL),(75,'В0,8','17','2015-10-09','0.2',1,NULL),(76,'ДНО','17','2015-10-09','0.3',1,NULL),(78,'В0,8','17','2015-10-09','0.2',1,NULL),(79,'Ш2х0,8','17','2015-10-09','0.3',1,NULL),(80,'Ш5х1; Нк12<0,8','17','2015-10-09','0.5',1,NULL),(81,'Нк18<0,88','17','2015-10-09','0.5',1,NULL),(82,'П1; П0,8','17','2015-10-09','0.4',1,NULL),(83,'Ш4х1','17','2015-10-09','0.4',1,NULL),(84,'П1; Ш2х1','17','2015-10-09','0.4',1,NULL),(85,'С10П0,8','17','2015-10-09','0.6',1,NULL),(86,'Нк6<0,4','17','2015-10-09','0.3',1,NULL),(87,'П1; П0,8','17','2015-10-09','0.3',1,NULL),(88,'Ш5х1,2; Нк10<0,8','17','2015-10-09','0.5',1,NULL),(89,'Нк10<0,4','17','2015-10-09','0.3',1,NULL),(90,'ДНО','17','2015-10-09','0.3',1,NULL),(91,'2П0,8','17','2015-10-09','0.3',1,NULL),(92,'Нк6<0,4','17','2015-10-09','0.3',1,NULL),(94,'Нк6<0,4','18','2015-10-16','0.3',1,NULL),(95,'С7П0,8; Ш5х1','18','2015-10-16','0.5',1,NULL),(97,'С7П0,8; Нк10<0,8','18','2015-10-16','0.5',1,NULL),(98,'П0,8; Нк5<0,8','18','2015-10-16','0.3',1,NULL),(99,'2П0,8','18','2015-10-16','0.3',1,NULL),(104,'ДНО','18','2015-10-16','0.3',1,NULL),(105,'2В1','18','2015-10-16','0.5',1,NULL),(107,'2В1','18','2015-10-16','0.3',1,NULL),(108,'ДНО','18','2015-10-16','0.3',1,NULL),(109,'ДНО','18','2015-10-16','0.2',1,NULL),(113,'2П1','17','2015-10-09','0.3',1,NULL),(114,'Нк6<0,4','18','2015-10-16','0.3',1,NULL),(116,'Ш5х1,2; Нк12<0,8','18','2015-10-16','0.5',1,NULL),(117,'Нк6<0,4','18','2015-10-16','0.3',1,NULL),(119,'ДНО','18','2015-10-16','0.3',1,NULL),(120,'С6Ш2х0,8','18','2015-10-16','0.5',1,NULL),(122,'Нк8<0,4','18','2015-10-16','0.3',1,NULL),(124,'ДНО','18','2015-10-16','0.3',1,NULL),(125,'Нк10<0,4','18','2015-10-16','0.3',1,NULL),(126,'С6П0,8','18','2015-10-16','0.5',1,NULL),(128,'ДНО','18','2015-10-16','0.3',1,NULL),(129,'П1; П0,8','18','2015-10-16','0.3',1,NULL),(131,'П0,8','18','2015-10-16','0.3',1,NULL),(132,'2В0,8','18','2015-10-16','0.2',1,NULL),(133,'Ш2х1','18','2015-10-16','0.3',1,NULL),(134,'Ш5х1; Нк12<0,8','18','2015-10-16','0.5',1,NULL),(135,'П1; Ш2х1','18','2015-10-16','0.3',1,NULL),(136,'Ш5х1; Нк10<0,8','18','2015-10-16','0.5',1,NULL),(138,'Нк6<0,4','18','2015-10-16','0.3',1,NULL),(140,'С6П0,8','18','2015-10-16','0.5',1,NULL),(141,'Нк10<0,4','18','2015-10-16','0.3',1,NULL),(142,'Ш5х1; Ш4х1','18','2015-10-16','0.5',1,NULL),(143,'ДНО','18','2015-10-16','0.3',1,NULL),(144,'ДНО','18','2015-10-16','0.2',1,NULL),(145,'Нк10<0,4','18','2015-10-16','0.3',1,NULL),(146,'Нк8<0,4','18','2015-10-16','0.3',1,NULL),(147,'П1;  Ш3х1; Нк12<0,8','18','2015-10-16','0.5',1,NULL),(149,'Ш2х0,8','18','2015-10-16','0.3',1,NULL),(150,'ДНО','18','2015-10-16','0.2',1,NULL),(151,'П1; Нк6<0,4','18','2015-10-16','0.3',1,NULL),(152,'ДНО','18','2015-10-16','0.2',1,NULL),(153,'Ш3х1; Нк12<0,6','18','2015-10-16','0.4',1,NULL),(154,'2П0,8','18','2015-10-16','0.3',1,NULL),(155,'Ш5х1; Ш3х1','18','2015-10-16','0.5',1,NULL),(157,'П0,8; В0,8','18','2015-10-16','0.2',1,NULL),(158,'П0,8; Нк6<0,4','18','2015-10-16','0.3',1,NULL),(159,'П1,2; Ш5х1','18','2015-10-16','0.5',1,NULL),(161,'Ш2х1; Ш1,5х1','18','2015-10-16','0.3',1,NULL),(162,'2Ш5х1,2','19','2015-11-06','0.5',1,NULL),(163,'Нк12<0,6','19','2015-11-06','0.3',1,NULL),(164,'2П1; Ш3х1','19','2015-11-06','0.3',1,NULL),(165,'ДНО','19','2015-11-06','0.3',1,NULL),(166,'С12П1,2','19','2015-11-06','0.6',1,NULL),(167,'Нк8<0,4','19','2015-11-06','0.3',1,NULL),(168,'Ш8х2; Ш4х2','19','2015-11-06','0.6',1,NULL),(169,'Ш3х1','19','2015-11-06','0.3',1,NULL),(170,'2Ш5х2','19','2015-11-06','0.6',1,NULL),(175,'ДНО','20','2015-11-13','0.2',1,NULL),(176,'П1; Нк10<0,8','20','2015-11-13','0.3',1,NULL),(178,'2П1; Ш3х1','20','2015-11-13','0.4',1,NULL),(180,'П1','20','2015-11-13','0.3',1,NULL),(181,'Нк12<0,5','20','2015-11-13','0.4',1,NULL),(182,'2П0,6','20','2015-11-13','0.3',1,NULL),(183,'2Ш3х1','20','2015-11-13','0.4',1,NULL),(187,'Нк6<0,4','20','2015-11-13','0.3',1,NULL),(188,'2Ш2х0,8','20','2015-11-13','0.3',1,NULL),(189,'ДНО','20','2015-11-13','0.3',1,NULL),(190,'Ш4х1; Нк10<0,5','20','2015-11-13','0.4',1,NULL),(191,'Нк8<0,4','20','2015-11-13','0.3',1,NULL),(192,'2П1; П0,8','20','2015-11-13','0.4',1,NULL),(193,'2П0,8','20','2015-11-13','0.3',1,NULL),(194,'ДНО','20','2015-11-13','0.2',1,NULL),(195,'Нк12<0,8','20','2015-11-13','0.3',1,NULL),(196,'П1; Ш3х1; Нк8<0,5','20','2015-11-13','0.4',1,NULL),(198,'Нк16<0,5','20','2015-11-13','0.4',1,NULL),(199,'Нк8<0,4','20','2015-11-13','0.3',1,NULL),(201,'Нк18<0,6','20','2015-11-13','0.3',1,NULL),(202,'ДНО','20','2015-11-13','0.2',1,NULL),(204,'П1; Ш4х1','20','2015-11-13','0.3',1,NULL),(205,'ДНО','20','2015-11-13','0.3',1,NULL),(206,'ДНО','20','2015-11-13','0.3',1,NULL),(207,'2п1; Ш2х1','20','2015-11-13','0.4',1,NULL),(208,'ДНО','20','2015-11-13','0.3',1,NULL),(209,'Нк6<0,8','20','2015-11-13','0.3',1,NULL),(214,'2П0,6','21','2015-11-20','0.3',1,NULL),(215,'П1; Нк12<0,5','21','2015-11-20','0.4',1,NULL),(216,'Нк8<0,4','21','2015-11-20','0.3',1,NULL),(217,'Нк12<0,5','21','2015-11-20','0.4',1,NULL),(219,'2Ш3х0,8','21','2015-11-20','0.4',1,NULL),(220,'Ш4х1; Нк8<0,5','21','2015-11-20','0.4',1,NULL),(221,'Нк6<0,4','21','2015-11-20','0.3',1,NULL),(222,'П0,8; 2П1','21','2015-11-20','0.4',1,NULL),(223,'ДНО','21','2015-11-20','0.3',1,NULL),(224,'Ш4х1','21','2015-11-20','0.4',1,NULL),(225,'2П0,8','21','2015-11-20','0.3',1,NULL),(228,'Нк6<0,4','21','2015-11-20','0.3',1,NULL),(229,'П1; Ш3х1','21','2015-11-20','0.4',1,NULL),(230,'ДНО','21','2015-11-20','0.3',1,NULL),(231,'Нк14<0,5','21','2015-11-20','0.4',1,NULL),(232,'Нк8<0,4','21','2015-11-20','0.3',1,NULL),(233,'П1; Ш4х1','21','2015-11-20','0.4',1,NULL),(234,'ДНО','21','2015-11-20','0.3',1,NULL),(235,'П0,8; Ш4х1; Нк8<0,5','21','2015-11-20','0.4',1,NULL),(236,'2П0,8','21','2015-11-20','0.3',1,NULL),(238,'Нк8<0,5','21','2015-11-20','0.4',1,NULL),(239,'П1; 2П0,6','21','2015-11-20','0.3',1,NULL),(240,'Ш3х1; Нк10<0,5','21','2015-11-20','0.4',1,NULL),(241,'П1; Ш3х0,8','21','2015-11-20','0.4',1,NULL),(242,'2Ш3х1','22','2015-11-27','0.4',1,NULL),(244,'Нк12<0,5','22','2015-11-27','0.4',1,NULL),(245,'ДНО','22','2015-11-27','0.3',1,NULL),(246,'Ш4х1','22','2015-11-27','0.4',1,NULL),(247,'П0,8; Нк6<0,4','22','2015-11-27','0.3',1,NULL),(248,'Нк16<0,5','22','2015-11-27','0.4',1,NULL),(249,'Нк4<0,4','22','2015-11-27','0.3',1,NULL),(250,'2П1; Ш2х1','22','2015-11-27','0.4',1,NULL),(251,'ДНО','22','2015-11-27','0.3',1,NULL),(253,'Нк8<0,4','22','2015-11-27','0.3',1,NULL),(254,'3П0,8','22','2015-11-27','0.4',1,NULL),(257,'ДНО','22','2015-11-27','0.3',1,NULL),(258,'2Ш2х0,8','22','2015-11-27','0.4',1,NULL),(259,'П1; 2Ш3х0,6','22','2015-11-27','0.4',1,NULL),(260,'Нк10<0,4','22','2015-11-27','0.3',1,NULL),(261,'П1; 2Ш4х0,8','22','2015-11-27','0.4',1,NULL),(263,'2П0,8','22','2015-11-27','0.3',1,NULL),(264,'2Ш2х1; Нк8<0,5','22','2015-11-27','0.4',1,NULL),(265,'ДНО','22','2015-11-27','0.3',1,NULL),(266,'П0,8; 2Ш3х0,8','22','2015-11-27','0.4',1,NULL),(267,'ДНО','22','2015-11-27','0.3',1,NULL),(268,'П1; П0,8','22','2015-11-27','0.3',1,NULL),(269,'П1; Ш4х1; Нк12<0,5','22','2015-11-27','0.4',1,NULL),(270,'2П0,6; Нк8<0,4','22','2015-11-27','0.3',1,NULL),(272,'Нк18<0,6','23','2015-12-04','0.3',1,NULL),(276,'2П1; Ш5х1,2','23','2015-12-04','0.5',1,NULL),(277,'Ш3х14 Нк8<0,4','23','2015-12-04','0.3',1,NULL),(278,'С8П0,8; Ш6х1','23','2015-12-04','0.5',1,NULL),(280,'2П1; Нк16<0,6','23','2015-12-04','0.3',1,NULL),(281,'П0,8; Ш2х0,8','23','2015-12-04','0.3',1,NULL),(282,'2Ш2х1; Нк12<0,5','23','2015-12-04','0.4',1,NULL),(283,'Нк12<0,5','24','2015-12-18','0.4',1,NULL),(284,'ДНО','24','2015-12-18','0.3',1,NULL),(285,'П1; Нк10<0,6','24','2015-12-18','0.3',1,NULL),(286,'П1; Ш2х1','24','2015-12-18','0.4',1,NULL),(287,'2П0,8','24','2015-12-18','0.3',1,NULL),(288,'2Ш3х1; Ш2х0,8','24','2015-12-18','0.3',1,NULL),(289,'П1; Нк8<0,5','24','2015-12-18','0.4',1,NULL),(290,'П1; П0,8','24','2015-12-18','0.4',1,NULL),(292,'ДНО','24','2015-12-18','0.3',1,NULL),(293,'Ш4х1; Нк12<0,5','24','2015-12-18','0.4',1,NULL),(294,'Нк12<0,5','24','2015-12-18','0.4',1,NULL),(295,'Нк14<0,6','24','2015-12-18','0.3',1,NULL),(296,'П1; П0,8','24','2015-12-18','0.3',1,NULL),(297,'С6П0,8; Ш4х1','24','2015-12-18','0.5',1,NULL),(298,'П1; Нк12<0,6','24','2015-12-18','0.3',1,NULL),(299,'2П1','1','2016-02-19','0.3',1,NULL),(300,'П1,5; Ш6х2','1','2016-02-19','0.6',1,NULL),(301,'Нк6<0,4','1','2016-02-19','0.3',1,NULL),(303,'П1; 2П0,8','1','2016-02-19','0.4',1,NULL),(304,'Ш3х1; Нк8<0,4','1','2016-02-19','0.3',1,NULL),(305,'Ш3х0,8','3','2016-04-01','0.2',1,NULL),(306,'Нк6<0,3','3','2016-04-01','0.2',1,NULL),(307,'П0,8','3','2016-04-01','0.2',1,NULL),(308,'2Ш2х0,8','3','2016-04-01','0.2',1,NULL),(309,'ДНО','3','2016-04-01','0.2',1,NULL),(310,'П1','3','2016-04-01','0.3',1,NULL),(311,'ДНО','3','2016-04-01','0.3',1,NULL),(312,'Ш6х2; Ш3х2','3','2016-04-01','0.6',1,NULL),(313,'ДНО','3','2016-04-01','0.6',1,NULL),(314,'Нк4<0,3','3','2016-04-01','0.2',1,NULL),(315,'Ш2х0,8','3','2016-04-01','0.2',1,NULL),(316,'ДНО','3','2016-04-01','0.2',1,NULL),(317,'2П0,8','3','2016-04-01','0.2',1,NULL),(321,'ДНО','3','2016-04-01','0.2',1,NULL),(322,'П0.8; Ш1х0,8','3','2016-04-01','0.2',1,NULL),(323,'Нк8<0,3','3','2016-04-01','0.2',1,NULL),(325,'Нк8<0,3','3','2016-04-01','0.2',1,NULL),(326,'ДНО','3','2016-04-01','0.3',1,NULL),(327,'С10П1','3','2016-04-01','0.6',1,NULL),(329,'Нк8<0,3','3','2016-04-01','0.2',1,NULL),(331,'Ш4х1','3','2016-04-01','0.3',1,NULL),(332,'Ш3х0,8','3','2016-04-01','0.2',1,NULL),(333,'Нк12<1','3','2016-04-01','0.6',1,NULL),(334,'Ш3х1','4','2016-04-08','0.3',1,NULL),(335,'С6П0,8','4','2016-04-08','0.5',1,NULL),(336,'П1; Ш2х1','4','2016-04-08','0.3',1,NULL),(337,'ДНО','4','2016-04-08','0.3',1,NULL),(338,'2Ш5х2','4','2016-04-08','0.6',1,NULL),(339,'В2х1','4','2016-04-08','0.3',1,NULL),(340,'Ш8х2','4','2016-04-08','',1,NULL),(341,'2П1; Нк12<0,5','4','2016-04-08','0.4',1,NULL),(343,'ДНО','4','2016-04-08','0.3',1,NULL),(344,'Ш4х1','4','2016-04-08','0.4',1,NULL),(345,'С8Ш2х0,8','4','2016-04-08','0.6',1,NULL),(346,'2П1','5','2016-04-22','0.4',1,NULL),(347,'Ш2х1','5','2016-04-22','0.3',1,NULL),(348,'С6П0,8','5','2016-04-22','0.5',1,NULL),(349,'Нк8<0,4','5','2016-04-22','0.2',1,NULL),(350,'2П0,8','5','2016-04-22','0.2',1,NULL),(351,'Нк12<0,6','5','2016-04-22','0.4',1,NULL),(352,'С6Ш2х0,8','6','2016-05-11','0.5',1,NULL),(353,'2Ш4х1','6','2016-05-11','0.5',1,NULL),(354,'П1; Ш4х1','6','2016-05-11','0.5',1,NULL),(355,'ДНО','6','2016-05-11','0.3',1,NULL),(356,'С6П0,8','6','2016-05-11','0.5',1,NULL),(357,'Ш4х1; Нк12<0,8','6','2016-05-11','0.5',1,NULL),(358,'П1','6','2016-05-11','0.3',1,NULL),(359,'ш4х1; Ш3х1','6','2016-05-11','0.5',1,NULL),(360,'Нк10<0,4','6','2016-05-11','0.3',1,NULL),(361,'П1; Ш4х1','6','2016-05-11','0.5',1,NULL),(362,'ДНО','6','2016-05-11','0.3',1,NULL),(363,'3Ш2х1','6','2016-05-11','0.5',1,NULL),(366,'Нк8<0,4','6','2016-05-11','0.3',1,NULL),(368,'П1; Ш4х1; Нк12<0,8','6','2016-05-11','0.5',1,NULL),(369,'П1; П0,8','6','2016-05-11','0.3',1,NULL),(370,'Нк8<0,4','6','2016-05-11','0.3',1,NULL),(371,'Ш4х1; Нк10<0,8','6','2016-05-11','0.5',1,NULL),(372,'ДНО','6','2016-05-11','0.3',1,NULL),(373,'Нк12<0,4','7','2016-05-13','0.2',1,NULL),(374,'ДНО','7','2016-05-13','0.2',1,NULL),(376,'Нк12<0,4','7','2016-05-13','0.3',1,NULL),(377,'2Ш5х1','7','2016-05-13','0.5',1,NULL),(379,'С6П0,8','7','2016-05-13','0.5',1,NULL),(380,'2Ш5х1','7','2016-05-13','0.5',1,NULL),(382,'П1; Нк10<0,4','7','2016-05-13','0.3',1,NULL),(383,'Нк18<0,4','7','2016-05-13','0.2',1,NULL),(384,'ДНО','7','2016-05-13','0.2',1,NULL),(385,'П1; Ш4х1','7','2016-05-13','0.4',1,NULL),(386,'2П0,8','7','2016-05-13','0.3',1,NULL),(387,'2С5П0,8','7','2016-05-13','0.5',1,NULL),(388,'Ш3х1; Нк8<0,4','7','2016-05-13','0.3',1,NULL),(389,'2Ш5х1,2','7','2016-05-13','0.5',1,NULL),(390,'ДНО','7','2016-05-13','0.3',1,NULL),(391,'Нк14<0,4','7','2016-05-13','0.2',1,NULL),(392,'2П1; Нк10<0,4','7','2016-05-13','0.2',1,NULL),(393,'П0,6','8','2016-06-03','0.2',1,NULL),(394,'Нк12<0,4','8','2016-06-03','0.3',1,NULL),(395,'С6П0,8','8','2016-06-03','0.5',1,NULL),(396,'ДНО','8','2016-06-03','0.2',1,NULL),(397,'Нк10<0,4','8','2016-06-03','0.3',1,NULL),(398,'3Ш2х0,8','8','2016-06-03','0.2',1,NULL),(399,'2П1; Нк10<0,5','8','2016-06-03','0.4',1,NULL),(400,'Ш4х1; Ш3х1','8','2016-06-03','0.4',1,NULL),(401,'Нк18<0;8','8','2016-06-03','0.3',1,NULL),(402,'4П0,8','8','2016-06-03','0.2',1,NULL),(403,'Ш3х0,8','8','2016-06-03','0.2',1,NULL),(404,'П1; Нк8<0,5','8','2016-06-03','0.4',1,NULL),(405,'Ш4х1; Нк12<0,5','8','2016-06-03','0.4',1,NULL),(406,'2П0,8','9','2016-07-08','0.2',1,NULL),(407,'2Ш3х1','9','2016-07-08','0.3',1,NULL),(408,'Ш2х0,8','9','2016-07-08','0.2',1,NULL),(409,'Нк6<0,3','9','2016-07-08','0.3',1,NULL),(410,'ДНО','9','2016-07-08','0.2',1,NULL),(411,'П1; П0,8','9','2016-07-08','0.3',1,NULL),(412,'ДНО','9','2016-07-08','0.2',1,NULL),(413,'Нк10<0,3','9','2016-07-08','0.3',1,NULL),(414,'Ш4х1; Нк12<0,4','9','2016-07-08','0.3',1,NULL),(415,'2Ш6х2','9','2016-07-08','0.6',1,NULL),(416,'П1; Ш3х1','9','2016-07-08','0.3',1,NULL),(417,'С10П1; Нк12<1,3','9','2016-07-08','0.6',1,NULL),(418,'Нк10<0,3','9','2016-07-08','0.2',1,NULL),(419,'П1; Ш2х1','9','2016-07-08','0.3',1,NULL),(421,'П1; Нк12<0,3','9','2016-07-08','0.3',1,NULL),(422,'Нк8<0,4','9','2016-07-08','0.3',1,NULL),(423,'С10П0,8; Ш6х1,2','9','2016-07-08','0.6',1,NULL),(424,'Ш2х1; Нк14<0,4','9','2016-07-08','0.3',1,NULL),(425,'С12Ш2х0,8','9','2016-07-08','0.6',1,NULL),(426,'П0,8; Ш4х1','9','2016-07-08','0.3',1,NULL),(427,'2С10П0,8','9','2016-07-08','0.6',1,NULL),(428,'П1; П0,8; Ш2х1','9','2016-07-08','0.4',1,NULL),(429,'ДНО','9','2016-07-08','0.3',1,NULL),(430,'ДНО','9','2016-07-08','0.2',1,NULL),(431,'Нк12<0,5','10','2016-07-15','0.4',1,NULL),(432,'ДНО','10','2016-07-15','0.3',1,NULL),(433,'2П1','10','2016-07-15','0.3',1,NULL),(434,'2С8П1','10','2016-07-15','0.6',1,NULL),(435,'Ш2х0,8','10','2016-07-15','0.3',1,NULL),(436,'2Ш8х2','10','2016-07-15','0.6',1,NULL),(437,'П0,8; Ш2х1','10','2016-07-15','0.3',1,NULL),(438,'2Ш4х1','10','2016-07-15','0.4',1,NULL),(439,'Нк18<0,6','10','2016-07-15','0.3',1,NULL),(440,'3П1','10','2016-07-15','0.3',1,NULL),(442,'Нк10<0,4','10','2016-07-15','0.3',1,NULL),(443,'П14; Ш4х1','10','2016-07-15','0.4',1,NULL),(444,'2П0,8','10','2016-07-15','0.2',1,NULL),(445,'ДНО','10','2016-07-15','0.2',1,NULL),(446,'Ш2х1','10','2016-07-15','0.3',1,NULL),(447,'П1; Ш4х1','10','2016-07-15','0.4',1,NULL),(448,'','11','2016-08-05','0.3',1,NULL),(449,'2С6П0,8','11','2016-08-05','0.6',1,NULL),(451,'П1; Ш2х1','11','2016-08-05','0.3',1,NULL),(452,'С10П1; Нк10<1,4','11','2016-08-05','0.6',1,NULL),(453,'Ш4х1; Ш2х0,8','11','2016-08-05','0.3',1,NULL),(454,'П1,2; Ш6х1','11','2016-08-05','0.6',1,NULL),(455,'ДНО','11','2016-08-05','0.3',1,NULL),(456,'П1; Нк8<0,5','11','2016-08-05','0.4',1,NULL),(457,'Ш2х1','11','2016-08-05','0.3',1,NULL),(458,'С8Ш2х0,8 Нк16<1,4','11','2016-08-05','0.6',1,NULL),(459,'Нк12<0,4','11','2016-08-05','0.3',1,NULL),(460,'Ш6х1; 2Ш4х1','11','2016-08-05','0.6',1,NULL),(461,'2П1','12','2016-08-19','0.3',1,NULL),(462,'2С8Ш2х0,8','12','2016-08-19','0.6',1,NULL),(464,'2Ш5х1,2','12','2016-08-19','0.6',1,NULL),(465,'Нк10<0,4','12','2016-08-19','0.4',1,NULL),(466,'П0,8; Ш3х1','12','2016-08-19','0.4',1,NULL),(467,'Ш5х1; Нк14<1','12','2016-08-19','0.6',1,NULL),(468,'ДНО','12','2016-08-19','0.4',1,NULL),(469,'П1,2; Ш6х1','12','2016-08-19','0.6',1,NULL),(470,'П0,8; Ш4х1','12','2016-08-19','0.4',1,NULL),(471,'П1,5; Ш6х2','12','2016-08-19','0.6',1,NULL),(472,'2Ш3х1','12','2016-08-19','0.3',1,NULL),(473,'2С8П1','12','2016-08-19','0.6',1,NULL),(474,'Нк12<0,4','12','2016-08-19','0.3',1,NULL),(475,'Ш7х2; Нк14<1','12','2016-08-19','0.6',1,NULL),(476,'П1; Ш3х1','12','2016-08-19','0.4',1,NULL),(477,'ДНО','12','2016-08-19','0.3',1,NULL),(478,'Нк12<0,5','12','2016-08-19','0.4',1,NULL),(479,'2Ш2х0,8','12','2016-08-19','0.3',1,NULL),(480,'2П1','13','2016-09-09','0.3',1,NULL),(481,'2Ш6х2','13','2016-09-09','0.6',1,NULL),(482,'Нк8<0,4','13','2016-09-09','0.3',1,NULL),(483,'2П1,5','13','2016-09-09','0.6',1,NULL),(484,'Ш3х1; Нк12<0,4','13','2016-09-09','0.3',1,NULL),(485,'С6П0,8','13','2016-09-09','0.5',1,NULL),(486,'П1; Ш3х1','13','2016-09-09','0.4',1,NULL),(487,'ДНО','13','2016-09-09','0.3',1,NULL),(489,'2С6П1','13','2016-09-09','0.6',1,NULL),(490,'2Ш2х0,8','13','2016-09-09','0.3',1,NULL),(491,'П1; Ш4х1','13','2016-09-09','0.4',1,NULL),(492,'Нк8<0,4','13','2016-09-09','0.3',1,NULL),(493,'П0.8','14','2016-09-30','0.3',1,NULL),(494,'С12П1','14','2016-09-30','0.6',1,NULL),(495,'Ш5х1','14','2016-09-30','0.3',1,NULL),(496,'Нк8<0,4','14','2016-09-30','0.3',1,NULL),(497,'Ш8х2; Нк18<1,4','14','2016-09-30','0.6',1,NULL),(498,'П1','15','2016-10-21','0.3',1,NULL),(499,'С12Ш2х1','15','2016-10-21','0.6',1,NULL),(500,'В1; Нк8<0,4','15','2016-10-21','0.3',1,NULL),(501,'2В1,2; Ш8х2','15','2016-10-21','0.6',1,NULL),(503,'Ш8х2; Нк14<1,4','15','2016-10-21','0.6',1,NULL),(504,'Ш3х2','15','2016-10-21','0.3',1,NULL),(505,'С10В0,8','15','2016-10-21','0.6',1,NULL),(506,'Ш3х1','15','2016-10-21','0.3',1,NULL),(507,'2В1; Ш5х2','15','2016-10-21','0.6',1,NULL),(508,'П1; Ш2х1','15','2016-10-21','0.3',1,NULL),(509,'П1,5; Ш5х1','15','2016-10-21','0.6',1,NULL),(510,'Ш2х1; Ш1,5х0,8','15','2016-10-21','0.3',1,NULL),(511,'2С8П1','15','2016-10-21','0.6',1,NULL),(512,'В1','15','2016-10-21','0.3',1,NULL),(513,'2П2; Ш5х2','15','2016-10-21','0.6',1,NULL),(514,'Ш3х1','15','2016-10-21','0.3',1,NULL),(515,'С10Ш2х1','15','2016-10-21','0.6',1,NULL),(516,'В1; П1','15','2016-10-21','0.3',1,NULL),(517,'Ш6х2; Нк12<1,4','15','2016-10-21','0.6',1,NULL),(518,'Ш3х1; Нк12<0,4','15','2016-10-21','0.3',1,NULL),(519,'П2; Ш4х2; Ш3х2','15','2016-10-21','0.6',1,NULL),(521,'П1; Ш2х1','15','2016-10-21','0.3',1,NULL),(522,'Нк18<0,6','16','2016-10-28','0.3',1,NULL),(523,'2Ш2х1; Нк10<0,6','16','2016-10-28','0.3',1,NULL),(524,'2П1','17','2016-11-11','0.3',1,NULL),(525,'2Ш4х1,2','17','2016-11-11','0.5',1,NULL),(526,'Нк12<0,4','17','2016-11-11','0.3',1,NULL),(527,'2П1; Ш4х1','17','2016-11-11','0.4',1,NULL),(528,'Ш3х1; Нк10<0,5','17','2016-11-11','0.4',1,NULL),(529,'ДНО','17','2016-11-11','0.3',1,NULL),(530,'Ш3х1','17','2016-11-11','0.3',1,NULL),(531,'С6П0,8','17','2016-11-11','0.5',1,NULL),(532,'Ш4х1; Нк8<0,4','17','2016-11-11','0.3',1,NULL),(533,'Ш4х1; Нк12<0,8','17','2016-11-11','0.5',1,NULL),(535,'ДНО','18','2016-11-25','0.3',1,NULL),(537,'2П1; Нк8<0,8','18','2016-11-25','0.5',1,NULL),(538,'Нк6<0,4','18','2016-11-25','0.3',1,NULL),(539,'Ш3х1','18','2016-11-25','0.3',1,NULL),(540,'С6П0,8','18','2016-11-25','0.5',1,NULL),(541,'Ш3х0,8','18','2016-11-25','0.3',1,NULL),(543,'С8П1; Нк10<1','19','2016-12-09','0.6',1,NULL),(544,'Ш5х1,2; Ш5х2','19','2016-12-09','0.6',1,NULL),(545,'Нк10<0,4','19','2016-12-09','0.3',1,NULL),(546,'П2; 2П1,2','19','2016-12-09','0.6',1,NULL),(547,'2Ш3х0,8','19','2016-12-09','0.3',1,NULL),(548,'2С6Ш2х1','19','2016-12-09','0.6',1,NULL),(549,'Нк10<0,4','19','2016-12-09','0.3',1,NULL),(550,'2Ш5х2; Нк12<1','19','2016-12-09','0.6',1,NULL),(551,'ш4х1','19','2016-12-09','0.4',1,NULL),(553,'Ш3х1','19','2016-12-09','0.3',1,NULL),(554,'Нк12<0,5','20','2016-12-16','0.4',1,NULL),(555,'ДНО','20','2016-12-16','0.3',1,NULL),(556,'Ш3х1; Ш2х0,8','20','2016-12-16','0.4',1,NULL),(557,'2П1','20','2016-12-16','0.3',1,NULL),(559,'Нк6<0,4','20','2016-12-16','0.3',1,NULL),(560,'2П1','20','2016-12-16','0.4',1,NULL),(561,'ДНО','20','2016-12-16','0.3',1,NULL),(562,'П1; Ш3х1','20','2016-12-16','0.4',1,NULL),(563,'П0,8; П1','20','2016-12-16','0.3',1,NULL),(564,'П1; Нк12<0,5','20','2016-12-16','0.4',1,NULL),(565,'Нк6<0,4','20','2016-12-16','0.3',1,NULL),(566,'П1; Ш4х1; Нк12<0,5','20','2016-12-16','0.4',1,NULL),(567,'П0,8; П1','20','2016-12-16','0.3',1,NULL),(568,'Ш4х1; Нк10<0,5','20','2016-12-16','0.4',1,NULL),(569,'ДНО','20','2016-12-16','0.3',1,NULL),(570,'3Ш2х1','20','2016-12-16','0.4',1,NULL),(571,'ДНО','20','2016-12-16','0.3',1,NULL),(572,'2Ш3х1; Нк8<0,5','20','2016-12-16','0.4',1,NULL),(573,'Нк8<0,4','21','2016-12-23','0.3',1,NULL),(574,'2С6П0,8','21','2016-12-23','0.6',1,NULL),(575,'П1; Ш3х1','21','2016-12-23','0.4',1,NULL),(576,'2П0,8','21','2016-12-23','0.3',1,NULL),(577,'Ш3х1','21','2016-12-23','0.3',1,NULL),(578,'П1; Нк12<0,5','21','2016-12-23','0.4',1,NULL),(579,'ДНО','21','2016-12-23','0.3',1,NULL),(580,'2Ш3х0,8','21','2016-12-23','0.4',1,NULL),(581,'Нк8<0,4','21','2016-12-23','0.3',1,NULL),(582,'П1; Ш3х1','21','2016-12-23','0.4',1,NULL),(583,'П0,8; Нк8<0,4','21','2016-12-23','0.3',1,NULL),(584,'3П1; Ш2х1','21','2016-12-23','0.4',1,NULL),(585,'ДНО','21','2016-12-23','0.3',1,NULL),(586,'Ш4х1; 2Ш1,2х1','21','2016-12-23','0.4',1,NULL),(587,'Нк10<0,4','21','2016-12-23','0.3',1,NULL),(588,'Ш4х1; Нк12<0,5','21','2016-12-23','0.4',1,NULL),(589,'ДНО','21','2016-12-23','0.3',1,NULL),(591,'ДНО','21','2016-12-23','0.3',1,NULL),(592,'3П1; Нк10<0,5','21','2016-12-23','0.4',1,NULL),(593,'П1; 2П0,8','21','2016-12-23','0.3',1,NULL),(594,'3Ш2х0,8','21','2016-12-23','0.3',1,NULL),(595,'С8Ш1,5х1','21','2016-12-23','0.6',1,NULL),(596,'Ш3х1; Нк12<0,5','21','2016-12-23','0.4',1,NULL),(597,'С10П1','22','2016-12-30','0.6',1,NULL),(599,'Ш8х2; Ш5х1','22','2016-12-30','0.6',1,NULL),(600,'2П2; Нк12<1,4','22','2016-12-30','0.6',1,NULL),(601,'Ш5х2; Ш4х2','22','2016-12-30','0.6',1,NULL),(602,'3П1,5','22','2016-12-30','0.6',1,NULL),(603,'С10Ш2х1','22','2016-12-30','0.6',1,NULL),(604,'П2; 2П4х2','22','2016-12-30','0.6',1,NULL),(605,'Ш5ж2; Нк20<1,4','22','2016-12-30','0.6',1,NULL),(606,'П2; Нк12<1,4','22','2016-12-30','0.6',1,NULL),(607,'П2; Ш6х2','22','2016-12-30','0.6',1,NULL),(608,'2С8П1','22','2016-12-30','0.6',1,NULL),(609,'Нк18<0,6','22','2016-12-30','0.3',1,NULL),(610,'П1; Ш3х1','22','2016-12-30','0.4',1,NULL),(611,'2П1; Ш2х1','22','2016-12-30','0.4',1,NULL),(612,'ДНО','22','2016-12-30','0.3',1,NULL),(613,'П1; 2Ш3х1','1','2017-01-20','0.3',1,NULL),(614,'С10Ш1; Нк12<1,4','1','2017-01-20','0.6',1,NULL),(616,'Нк8<0,4','1','2017-01-20','0.3',1,NULL),(618,'ДНО','1','2017-01-20','0.3',1,NULL),(620,'2П1','1','2017-01-20','0.3',1,NULL),(622,'Нк6<0,4','1','2017-01-20','0.3',1,NULL),(624,'2П0,8','1','2017-01-20','0.3',1,NULL),(627,'ДНО','1','2017-01-20','0.3',1,NULL),(629,'П0,8; П1','1','2017-01-20','0.3',1,NULL),(631,'ДНО','1','2017-01-20','0.3',1,NULL),(633,'3П0,8','1','2017-01-20','0.3',1,NULL),(635,'ДНО','1','2017-01-20','0.3',1,NULL),(637,'П1; П0,8','1','2017-01-20','0.3',1,NULL),(638,'Ш4х1; Нк12<0,5','1','2017-01-20','0.4',1,NULL),(639,'Ш4х1; Нк10<0,5','1','2017-01-20','0.4',1,NULL),(640,'П1; Ш3х1','1','2017-01-20','0.4',1,NULL),(641,'Ш3х1; Ш2х0,8','1','2017-01-20','0.4',1,NULL),(642,'Ш4х1; Нк10<0,5','1','2017-01-20','0.4',1,NULL),(643,'Ш2х1; Нк12,0,5','1','2017-01-20','0.4',1,NULL),(644,'2Ш2х1','1','2017-01-20','0.4',1,NULL),(645,'Нк12<0,4','1','2017-01-20','0.3',1,NULL),(646,'Ш2х1; Нк14<0,5','1','2017-01-20','0.4',1,NULL),(647,'2П0,8; Ш4х1','1','2017-01-20','0.4',1,NULL),(648,'3Ш2х0,8','1','2017-01-20','0.4',1,NULL),(649,'Ш4х1','1','2017-01-20','0.4',1,NULL),(650,'2Ш4х1','1','2017-01-20','0.4',1,NULL),(651,'Нк18<0,6','1','2017-01-20','0.2',1,NULL),(652,'ДНО','1','2017-01-20','0.2',1,NULL),(653,'Ш4х1; Нк10<0,5','2','2017-02-03','0.4',1,NULL),(654,'ДНО','2','2017-02-03','0.3',1,NULL),(655,'2П1','2','2017-02-03','0.3',1,NULL),(656,'С8П0,8','2','2017-02-03','0.6',1,NULL),(657,'Ш3х1; Ш2х0,8','2','2017-02-03','0.4',1,NULL),(658,'Нк12<0,4','2','2017-02-03','0.3',1,NULL),(659,'Ш3х1','2','2017-02-03','0.3',1,NULL),(660,'Ш4х1; Нк10<0,6','2','2017-02-03','0.4',1,NULL),(661,'П1; Ш2х1; Нк14<0,5','2','2017-02-03','0.4',1,NULL),(662,'2Ш3х1','3','2017-02-24','0.4',1,NULL),(663,'ДНО','3','2017-02-24','0.3',1,NULL),(664,'П1; Ш4х1','3','2017-02-24','0.4',1,NULL),(665,'Нк12<0,4','3','2017-02-24','0.3',1,NULL),(666,'С6П0,8','3','2017-02-24','0.5',1,NULL),(667,'Нк18<0,6','3','2017-02-24','0.3',1,NULL),(668,'ДНО','3','2017-02-24','0.3',1,NULL),(669,'3Ш2х1','3','2017-02-24','0.3',1,NULL),(670,'2П0,8','4','2017-03-17','0.3',1,NULL),(671,'2Ш7х2','4','2017-03-17','0.6',1,NULL),(672,'ДНО','4','2017-03-17','0.3',1,NULL),(673,'С6П0,8','4','2017-03-17','0.6',1,NULL),(675,'2П1,5; Ш6х1,2','4','2017-03-17','0.5',1,NULL),(676,'2Ш2х0,8','4','2017-03-17','0.3',1,NULL),(678,'ДНО','4','2017-03-17','0.4',1,NULL),(679,'Нк18<1,4','4','2017-03-17','0.6',1,NULL),(680,'Ш5х1; Ш4х1,5','4','2017-03-17','0.5',1,NULL),(681,'П1,2; 2П1','4','2017-03-17','0.5',1,NULL),(682,'С7П1; Нк12<1,4','4','2017-03-17','0.6',1,NULL),(684,'Нк8<0,4','5','2017-04-14','0.3',1,NULL),(686,'2Ш4х1','5','2017-04-14','0.4',1,NULL),(687,'Ш4х1','5','2017-04-14','0.4',1,NULL),(688,'2П0,8','5','2017-04-14','0.3',1,NULL),(689,'2Ш3х1; Нк<0,5','5','2017-04-14','0.4',1,NULL),(691,'ДНО','5','2017-04-14','0.3',1,NULL),(692,'Ш3х1; Нк6<0,5','6','2017-05-16','0.4',1,NULL),(693,'ДНО','6','2017-05-16','0.3',1,NULL),(694,'П1; Ш2х1','6','2017-05-16','0.3',1,NULL),(695,'С8П1','6','2017-05-16','0.6',1,NULL),(696,'П0,8; Ш4х1','6','2017-05-16','0.3',1,NULL),(697,'Нк12<1','6','2017-05-16','0.6',1,NULL),(698,'Ш2х1; Нк8<0,4','6','2017-05-16','0.3',1,NULL),(699,'С8Ш2х0,8; Нк18<1','6','2017-05-16','0.6',1,NULL),(700,'ДНО','6','2017-05-16','0.3',1,NULL),(701,'2Ш5х1,2; Ш5х1','6','2017-05-16','0.6',1,NULL),(702,'П1; Ш2х1','6','2017-05-16','0.3',1,NULL),(703,'2Ш5х1,2','6','2017-05-16','0.5',1,NULL),(704,'П1; Нк12<0,8','7','2017-05-19','0.5',1,NULL),(705,'ДНО','7','2017-05-19','0.3',1,NULL),(706,'П1; Ш3х1','7','2017-05-19','0.4',1,NULL),(707,'2П0,8','7','2017-05-19','0.3',1,NULL),(708,'Нк12<0,5','7','2017-05-19','0.4',1,NULL),(709,'Нк8<0,4','7','2017-05-19','0.3',1,NULL),(710,'2С4П0,8','7','2017-05-19','0.5',1,NULL),(711,'Нк8<0,4','7','2017-05-19','0.3',1,NULL),(713,'ДНО','7','2017-05-19','0.3',1,NULL),(714,'4П1','7','2017-05-19','0.5',1,NULL),(715,'3Ш4х1','7','2017-05-19','0.5',1,NULL),(716,'2П1','7','2017-05-19','0.3',1,NULL),(717,'С6Ш2х0,8; Нк12<0,8','7','2017-05-19','0.5',1,NULL),(718,'ДНО','7','2017-05-19','0.3',1,NULL),(719,'Ш4х1; Нк12<0,8','7','2017-05-19','0.5',1,NULL),(720,'Нк6<0,4','7','2017-05-19','0.3',1,NULL),(721,'Нк12<0,8','7','2017-05-19','0.5',1,NULL),(722,'ДНО','7','2017-05-19','0.3',1,NULL),(723,'П1,2; Ш5х1','7','2017-05-19','0.5',1,NULL),(724,'2П0,8','7','2017-05-19','0.3',1,NULL),(725,'С6Ш2х0,8','7','2017-05-19','0.5',1,NULL),(726,'Нк8<0,4','7','2017-05-19','0.3',1,NULL),(727,'Ш5х1; Нк12<0,8','7','2017-05-19','0.5',1,NULL),(728,'ДНО','7','2017-05-19','0.3',1,NULL),(729,'2С5П0,8','7','2017-05-19','0.5',1,NULL),(730,'ДНО','7','2017-05-19','0.3',1,NULL),(731,'П1; Ш4х1','7','2017-05-19','0.4',1,NULL),(732,'Нк8<0,4','7','2017-05-19','0.3',1,NULL),(733,'Ш4х1; Нк12<0,5','7','2017-05-19','0.4',1,NULL),(734,'ДНО','7','2017-05-19','0.3',1,NULL),(735,'Ш2х1; 2Ш3х1','7','2017-05-19','0.4',1,NULL),(736,'П1; П0,8','7','2017-05-19','0.3',1,NULL),(737,'2П1','7','2017-05-19','0.4',1,NULL),(738,'ДНО','7','2017-05-19','0.3',1,NULL),(739,'2П1; Ш4х1','7','2017-05-19','0.4',1,NULL),(740,'ДНО','7','2017-05-19','0.3',1,NULL),(741,'Ш4х1','8','2017-05-26','0.4',1,NULL),(742,'Нк6<0,4','8','2017-05-26','0.3',1,NULL),(743,'2Ш3х1','8','2017-05-26','0.4',1,NULL),(744,'ДНО','8','2017-05-26','0.3',1,NULL),(745,'П1; Ш3х0,8','8','2017-05-26','0.4',1,NULL),(746,'П1','8','2017-05-26','0.3',1,NULL),(747,'С6П0,8','8','2017-05-26','0.5',1,NULL),(748,'ДНО','8','2017-05-26','0.3',1,NULL),(750,'ДНО','8','2017-05-26','0.3',1,NULL),(751,'2Ш3х0,8','8','2017-05-26','0.4',1,NULL),(752,'2П0,8','8','2017-05-26','0.3',1,NULL),(753,'Ш4х1; Нк8<0,5','8','2017-05-26','0.4',1,NULL),(754,'П0,8; Нк6<0,4','8','2017-05-26','0.3',1,NULL),(755,'Нк16<0,8','8','2017-05-26','0.5',1,NULL),(756,'2Ш2х1','8','2017-05-26','0.4',1,NULL),(757,'ДНО','8','2017-05-26','0.3',1,NULL),(758,'2С5Ш1,5х0,8','8','2017-05-26','0.5',1,NULL),(759,'2П0,8','8','2017-05-26','0.3',1,NULL),(760,'Ш4х1; Нк12<0,5','8','2017-05-26','0.4',1,NULL),(761,'ДНО','8','2017-05-26','0.3',1,NULL),(762,'2П0,8; 2П1','8','2017-05-26','0.4',1,NULL),(763,'3П0,8','8','2017-05-26','0.3',1,NULL);
/*!40000 ALTER TABLE `radiation_test` ENABLE KEYS */;
UNLOCK TABLES;

--
-- Table structure for table `resolution_certification`
--

DROP TABLE IF EXISTS `resolution_certification`;
/*!40101 SET @saved_cs_client     = @@character_set_client */;
/*!40101 SET character_set_client = utf8 */;
CREATE TABLE `resolution_certification` (
  `id_resolution_certification` bigint(20) NOT NULL AUTO_INCREMENT,
  `text_resolution` text,
  PRIMARY KEY (`id_resolution_certification`)
) ENGINE=InnoDB AUTO_INCREMENT=690 DEFAULT CHARSET=utf8;
/*!40101 SET character_set_client = @saved_cs_client */;

--
-- Dumping data for table `resolution_certification`
--

LOCK TABLES `resolution_certification` WRITE;
/*!40000 ALTER TABLE `resolution_certification` DISABLE KEYS */;
INSERT INTO `resolution_certification` VALUES (31,'111 T BW  W02 В t4/t8 D57/D159 PF PC ss nb\nРучная дуговая сварка покрытым электродом технологических трубопроводов, трубопроводов пара и горячей воды, стальных конструкций t=3-16 мм, D>25 мм из н/у и н/л сталей во всех пространственных положениях, кроме сверху-вниз.  \n111 T P BW FW W01 W02 A В R RA RВ  t3-16 D>25 PA PB PD PE PF PC  ss(nb, mb) bs(ng, gg)'),(32,'111 T BW W01 В t6 D108 H-L045 ss nb\nРучная дуговая сварка покрытым электродом технологических трубопроводов, трубопроводов водоснабжения, стальных конструкций t=3-12 мм, D=50-219 мм из н/у сталей во всех пространственных положениях, кроме сверху-вниз.  \n111 T P BW FW W01 A В R RA RВ  t3-12 D50-219 PA PB PD PE PF PC H-L045 ss(nb, mb) bs(ng, gg)'),(41,'111 T BW  W01 В t4/t6 D57/D159 PF PC ss nb\nРучная дуговая сварка покрытым электродом технологических трубопроводов, трубопроводов пара и горячей воды, сосудов, работающих под давлением, стальных конструкций t=3-12 мм, D>25 мм из н/у  сталей во всех пространственных положениях, кроме сверху-вниз.  \n111 T P BW FW W01  A В R RA RВ  t3-12 D>25 PA PB PD PE PF PC  ss(nb, mb) bs(ng, gg)'),(43,'111 T BW W01 R t5 D89 PF PC ss nb\n311 T BW W01 wm t4 D57 PF PC ss nb\nДуговая сварка покрытым электродом t=3-10 мм, D=42-159 мм, газовая сварка t=3-5 мм, D=25-114 мм газопроводов, технологических трубопроводов  из н/у  сталей во всех пространственных положениях, кроме сверху-вниз.  \n111 T BW FW W01 A R RA  t3-10 D42-159 PA PB PD  PF PC  ss nb\n311 T BW FW W01 wm  t3-5 D25-114 PA PB PD  PF PC  ss nb'),(44,'311 T BW W01 wm t4 D57 PF PC ss nb\n141 T BW W11 wm t2 D40 PF PC ss nb\nГазовая сварка t=3-5 мм, D=25-114 мм, дуговая сварка вольфрамовым электродом в аргоне     t=2-4 мм, D=20-80 мм   трубопроводов пара и горячей воды, трубных элементов котлов, сосудов, работающих под давлением  из н/у и в/л сталей во всех пространственных положениях, кроме сверху-вниз.  \n311 T BW FW W01 wm  t3-5 D25-114 PA PB PD  PF PC  ss nb\n141 T BW FW W11 W01 wm t2-4 D2-40 PA PB PD  PF PC  ss nb'),(48,'311 T BW W01 wm t4 D57 PF PC ss nb\n Газовая сварка  трубопроводов пара и горячей воды, технологических трубопроводов, сосудов, работвющих под давлением, трубных элементов котлов t=3-5 мм, D=25-114 мм  из н/у  сталей во всех пространственных положениях.\n311 T BW FW W01 wm  t3-5 D25-114 PA PB PD  PF PC  ss nb'),(50,'111 Р BW W01 R t6 РА ss nb\nДуговая сварка покрытым электродом стальных конструкций t=3-12 мм  из н/у  сталей в нижнем положении\n111 Р BW FW W01 A R RA  t3-12 PA   ss(nb, mb) bs(ng, gg)\n'),(53,'111 T BW  W02 В t4/t3 D57/D159 PF PC ss nb\nРучная дуговая сварка покрытым электродом технологических трубопроводов, трубных элементов котлов, сосудов, работающих под давлением, стальных конструкций t>3 мм, D>25 мм из н/у и н/л сталей во всех пространственных положениях, кроме сверху-вниз.  \n111 T P BW FW W01 W02 A В R RA RВ  t>3 D>25 PA PB PD PE PF PC  ss(nb, mb) bs(ng, gg)'),(60,'111 T BW W01 R t5 D89 PF PC ss nb\n311 T BW W01 wm t4 D57 PF PC ss nb\nДуговая сварка покрытым электродом t=3-10 мм, D=42-159 мм, газовая сварка t=3-5 мм, D=25-114 мм газопроводов, технологических трубопроводов  из н/у  сталей во всех пространственных положениях, кроме сверху-вниз.  \n111 T BW FW W01 A R RA  t3-10 D42-159 PA PB PD  PF PC  ss nb\n311 T BW FW W01 wm  t3-5 D25-114 PA PB PD  PF PC  ss nb'),(62,'111 Р BW W01 R t6 РА ss nb\nДуговая сварка покрытым электродом стальных конструкций t=3-12 мм  из н/у  сталей в нижнем положении\n111 Р BW FW W01 A R RA  t3-12 PA   ss(nb, mb) bs(ng, gg)\n'),(65,'111 T BW  W02 В t4/t8 D57/D159 PF PC ss nb\nРучная дуговая сварка покрытым электродом технологических трубопроводов, трубопроводов пара и горячей воды, стальных конструкций t=3-16 мм, D>25 мм из н/у и н/л сталей во всех пространственных положениях, кроме сверху-вниз.  \n111 T P BW FW W01 W02 A В R RA RВ  t3-16 D>25 PA PB PD PE PF PC  ss(nb, mb) bs(ng, gg)'),(67,'111 T BW  W02 В t4/t8 D57/D159 PF PC ss nb\nРучная дуговая сварка покрытым электродом технологических трубопроводов, трубопроводов пара и горячей воды, стальных конструкций t=3-16 мм, D>25 мм из н/у и н/л сталей во всех пространственных положениях, кроме сверху-вниз.  \n111 T P BW FW W01 W02 A В R RA RВ  t3-16 D>25 PA PB PD PE PF PC  ss(nb, mb) bs(ng, gg)'),(73,'111 T BW W01 В t4/t6 D57/D159 PF PC ss nb\n311 T BW W01 wm t4 D57 PF PC ss nb\n141 T BW W11 wm t2 D40 РА ss nb\nДуговая сварка покрытым электродом t=3-12 мм, D>25 мм, газовая сварка t=3-5 мм, D=25-114 мм, дуговая сварка вольфрамовым электродом в аргоне t=2-4 мм, D=20-80 мм  трубных элементов котлов, трубопроводов пара и горячей воды, стальных конструкций, технологических трубопроводов  из н/у и в/л (для ВИГ)  сталей во всех пространственных положениях, кроме сверху-вниз  и в нижнем положении для ВИГ  \n111 T P BW FW W01 A B R RA RB  t3-12 D>25 PA PB PD PE  PF PC  ss (nb; mb) bs (ng; gg)\n311 T BW FW W01 wm  t3-5 D25-114 PA PB PD  PF PC  ss nb\n141 T BW W11 W01  wm t2-4 D20-80 РА ss nb'),(74,'111 T BW  W02 В t4/t8 D57/D159 PF PC ss nb\n141 T BW  W11 В t4/t8 D57/D159 PF PC ss nb\nРучная дуговая сварка покрытым электродом технологических трубопроводов, трубопроводов водоснабжения и канализации, стальных конструкций t=3-16 мм, D>25 мм из н/у, н/л и в/л   сталей во всех пространственных положениях, кроме сверху-вниз.  \n111 T P BW FW W01 W02 W11   A В R RA RВ  t3-16 D>25 PA PB PD PE PF PC  ss(nb, mb) bs(ng, gg)'),(76,'311 T BW W01 wm t4 D57 PF PC ss nb\nГазовая сварка  трубопроводов водоснабжения и канализации, технологических трубопроводов t=3-5 мм, D=25-114 мм  из н/у  сталей во всех пространственных положениях.\n311 T BW FW W01 wm  t3-5 D25-114 PA PB PD  PF PC  ss nb'),(80,'141 T BW  W02 wm t4/t8 D57/D159 PF PC ss nb\n141 T BW  W11 wm t2/t4 D40/D159 PF PC ss nb\n Дуговая сварка вольфрамовым электродом в аргоне технологических трубопроводов, трубопроводов пара и горячей воды, сосудов, работающих под давлением, трубных элементов котлов t=2-16 мм, D>20 мм из н/у, н/л и в/л   сталей во всех пространственных положениях.\n111 T BW FW W01 W02 W1 wm1 t2-16 D>20 PA PB PD  PF PC  ss(nb, mb) bs(ng, gg)'),(83,'311 T BW W01 wm t4 D57 PF PC ss nb\n141 T BW W11 wm t2 D40 PF PC ss nb\nГазовая сварка t=3-5 мм, D=25-114 мм, дуговая сварка вольфрамовым электродом в аргоне     t=2-4 мм, D=20-80 мм   трубопроводов пара и горячей воды, технологических трубопроводов, трубопроводов водоснабжения и канализации, трубопроводов теплосетей  из н/у, н/л и в/л сталей во всех пространственных положениях, ..  \n311 T BW FW W01 wm  t3-5 D25-114 PA PB PD  PF PC  ss nb\n141 T BW FW W11 W02 W01 wm t2-4 D2-40 PA PB PD  PF PC  ss nb'),(85,'111 T BW W11 В t6 D159 PF PC ss nb\n311 T BW W01 wm t4 D57 PF PC ss nb\n141 T BW W11 wm t2 D40 PF PC ss nb\nДуговая сварка покрытым электродом t=3-12 мм, D>76 мм, газовая сварка t=3-5 мм, D=25-114 мм, дуговая сварка вольфрамовым электродом в аргоне t=2-4 мм, D=20-80 мм  трубопроводов водоснабжения и канализации, стальных конструкций, технологических трубопроводов  из н/у (для ГС), н/л и в/л   сталей во всех пространственных положениях, кроме сверху-вниз ддля РДЭ.\n111 T P BW FW W01 A B R RA RB  t3-12 D>25 PA PB PD PE  PF PC  ss (nb; mb) bs (ng; gg)\n311 T BW FW W01 wm  t3-5 D25-114 PA PB PD  PF PC  ss nb\n141 T BW W11 W01  wm t2-4 D20-80 РА ss nb'),(89,'111 T BW W02 В t4/t8 D57/D159 PF PC ss nb\n311 T BW W01 wm t4 D57 PF PC ss nb\nДуговая сварка покрытым электродом t=3-16 мм, D>25 мм, газовая сварка t=3-5 мм, D=25-114 мм трубных элементов котлов, трубопроводов пара и горячей воды, сосудов, работающих под давлением, технологических трубопроводов  из н/у и н/л  сталей во всех пространственных положениях, кроме сверху-вниз.  \n111 T P BW FW W01 W02 A B R RA RB  t3-16 D>25 PA PB PD PE  PF PC  ss (nb; mb) bs (ng; gg)\n311 T BW FW W01 wm  t3-5 D25-114 PA PB PD  PF PC  ss nb'),(91,'311 T BW W01 wm t4 D57 PF PC ss nb\n141 T BW W11 wm t2 D40 PF PC ss nb\nГазовая сварка t=3-5 мм, D=25-114 мм, дуговая сварка вольфрамовым электродом в аргоне     t=2-4 мм, D=20-80 мм  технологических трубопроводов, трубопроводов водоснабжения и канализации, трубопроводов теплосетей, сосудов, работающих под давлением  из н/у, н/л и в/л сталей во всех пространственных положениях. \n311 T BW FW W01 wm  t3-5 D25-114 PA PB PD  PF PC  ss nb\n141 T BW FW W11 W02 W01 wm t2-4 D2-40 PA PB PD  PF PC  ss nb'),(93,'111 T BW W01 В t8 D159 PF PC ss nb\n311 T BW W01 wm t4 D57 PF PC ss nb\nДуговая сварка покрытым электродом t=3-16 мм, D>76 мм, газовая сварка t=3-5 мм, D=25-114 мм газопроводов, технологических трубопроводов, магистральных и промысловых трубопроводов, трубопроводов пара и горячей воды, трубопроводов теплосетей, сосудов, работающих под давлением  из н/у  сталей во всех пространственных положениях, кроме сверху-вниз.  \n111 T BW FW W01 A В R RA RВ t3-16 D>76 PA PB PD  PF PC  ss nb\n311 T BW FW W01 wm  t3-5 D25-114 PA PB PD  PF PC  ss nb'),(96,'111 T BW W02 В t4/t8 D57/D159 PF PC ss nb\n311 T BW W01 wm t4 D57 PF PC ss nb\nДуговая сварка покрытым электродом t=3-16 мм, D>25 мм, газовая сварка t=3-5 мм, D=25-114 мм трубных элементов котлов, трубопроводов пара и горячей воды, стальных конструкций, газопроводов  из н/у и н/л  сталей во всех пространственных положениях, кроме сверху-вниз.  \n111 T P BW FW W01 W02 A B R RA RB  t3-16 D>25 PA PB PD PE  PF PC  ss (nb; mb) bs (ng; gg)\n311 T BW FW W01 wm  t3-5 D25-114 PA PB PD  PF PC  ss nb'),(98,'111 T BW W02 В t4/t8 D57/D159 PF PC ss nb\n311 T BW W01 wm t4 D57 PF PC ss nb\nДуговая сварка покрытым электродом t=3-16 мм, D>25 мм, газовая сварка t=3-5 мм, D=25-114 мм трубных элементов котлов, трубопроводов пара и горячей воды, стальных конструкций, газопроводов  из н/у и н/л  сталей во всех пространственных положениях, кроме сверху-вниз.  \n111 T P BW FW W01 W02 A B R RA RB  t3-16 D>25 PA PB PD PE  PF PC  ss (nb; mb) bs (ng; gg)\n311 T BW FW W01 wm  t3-5 D25-114 PA PB PD  PF PC  ss nb'),(100,'311 T BW W01 wm t4 D57 PF PC ss nb\nГазовая сварка  сосудов, работающих под давлением, технологических трубопроводов, трубопроводов пара и горячей воды t=3-5 мм, D=25-114 мм  из н/у  сталей во всех пространственных положениях.\n311 T BW FW W01 wm  t3-5 D25-114 PA PB PD  PF PC  ss nb'),(102,'111 T BW W02 В t4/t8 D57/D159 PF PC ss nb\n311 T BW W01 wm t4 D57 PF PC ss nb\nДуговая сварка покрытым электродом t=3-16 мм, D>25 мм, газовая сварка t=3-5 мм, D=25-114 мм технологических трубопроводов, трубопроводов пара и горячей воды, стальных конструкций, газопроводов  из н/у и н/л  сталей во всех пространственных положениях, кроме сверху-вниз.  \n111 T P BW FW W01 W02 A B R RA RB  t3-16 D>25 PA PB PD PE  PF PC  ss (nb; mb) bs (ng; gg)\n311 T BW FW W01 wm  t3-5 D25-114 PA PB PD  PF PC  ss nb'),(104,'111 T BW W02 В t4/t8 D57/D159 PF PC ss nb\n111 T BW W11 В t4/t8 D57/D159 PF PC ss nb\n311 T BW W01 wm t4 D57 PF PC ss nb\n141 T BW W11 wm t2 D40 PF PC ss nb\nДуговая сварка покрытым электродом t=3-12 мм, D>25 мм, газовая сварка t=3-5 мм, D=25-114 мм, дуговая сварка вольфрамовым электродом в аргоне t=2-4 мм, D=20-80 мм  трубных элементов котлов, стальных конструкций, сосудов, работающих под давлением, трубопроводов пара и горячей воды  из н/у (для ГС), н/л и в/л   сталей во всех пространственных положениях, кроме сверху-вниз для РДЭ.\n111 T P BW FW W01 A B R RA RB  t3-12 D>25 PA PB PD PE  PF PC  ss (nb; mb) bs (ng; gg)\n311 T BW FW W01 wm  t3-5 D25-114 PA PB PD  PF PC  ss nb\n141 T BW W11 W01  wm t2-4 D20-80 РА ss nb'),(106,'111 T BW W02 В t4/t8 D57/D159 PF PC ss nb\n111 T BW W11 В t4/t8 D57/D159 PF PC ss nb\n311 T BW W01 wm t4 D57 PF PC ss nb\nДуговая сварка покрытым электродом t=3-16 мм, D>25 мм, газовая сварка t=3-5 мм, D=25-114 мм трубопроводов водоснабжения и канализации, стальных конструкций, технологических трубопроводов  из н/у (для ГС) и н/л  сталей во всех пространственных положениях, кроме сверху-вниз.\n111 T P BW FW W01 A B R RA RB  t3-12 D>25 PA PB PD PE  PF PC  ss (nb; mb) bs (ng; gg)\n311 T BW FW W01 wm  t3-5 D25-114 PA PB PD  PF PC  ss nb\n'),(108,'311 T BW W01 wm t4 D57 PF PC ss nb\n141 T BW W11 wm t2 D40 PF PC ss nb\nГазовая сварка t=3-5 мм, D=25-114 мм, дуговая сварка вольфрамовым электродом в аргоне    t=2-4 мм, D=20-80 мм   трубопроводов пара и горячей воды, трубных элементов котлов, сосудов, работающих под давлением  из н/у, н/л и в/л сталей во всех пространственных положениях, ..  \n311 T BW FW W01 wm  t3-5 D25-114 PA PB PD  PF PC  ss nb\n141 T BW FW W11 W02 W01 wm t2-4 D2-40 PA PB PD  PF PC  ss nb'),(110,'111 T BW W02 В t4/t8 D57/D159 PF PC ss nb\n311 T BW W01 wm t4 D57 PF PC ss nb\nДуговая сварка покрытым электродом t=3-16 мм, D>25 мм, газовая сварка t=3-5 мм, D=25-114 мм технологических трубопроводов, трубопроводов пара и горячей воды, стальных конструкций, газопроводов  из н/у и н/л  сталей во всех пространственных положениях, кроме сверху-вниз.  \n111 T P BW FW W01 W02 A B R RA RB  t3-16 D>25 PA PB PD PE  PF PC  ss (nb; mb) bs (ng; gg)\n311 T BW FW W01 wm  t3-5 D25-114 PA PB PD  PF PC  ss nb'),(111,'111 T BW W02 В t4/t8 D57/D159 PF PC ss nb\n111 T BW W11 В t4/t8 D57/D159 PF PC ss nb\n311 T BW W01 wm t4 D57 PF PC ss nb\nДуговая сварка покрытым электродом t=3-16 мм, D>25 мм, газовая сварка t=3-5 мм, D=25-114 мм  трубопроводов водоснабжения и канализации, стальных конструкций, технологических трубопроводов  из н/у, н/л и в/л  сталей во всех пространственных положениях, кроме сверху-вниз.  \n111 T P BW FW W01 W02 W11  A B R RA RB  t3-16 D>25 PA PB PD PE  PF PC  ss (nb; mb) bs (ng; gg)\n311 T BW FW W01 wm  t3-5 D25-114 PA PB PD  PF PC  ss nb'),(112,'111 T BW W01 В t4/t8 D57/D159 PF PC ss nb\n311 T BW W01 wm t4 D57 PF PC ss nb\nДуговая сварка покрытым электродом t=3-16 мм, D>25 мм, газовая сварка t=3-5 мм, D=25-114 мм трубных элементов котлов, трубопроводов пара и горячей воды, стальных конструкций, технологических трубопроводов  из н/у  сталей во всех пространственных положениях, кроме сверху-вниз.  \n111 T P BW FW W01 A B R RA RB  t3-16 D>25 PA PB PD PE  PF PC  ss (nb; mb) bs (ng; gg)\n311 T BW FW W01 wm  t3-5 D25-114 PA PB PD  PF PC  ss nb'),(115,'111 T BW W01 В t10 D159 PF PC ss nb\nДуговая сварка покрытым электродом трубных элементов котлов, трубопроводов пара и горячей воды, сосудов, работающих под давлением, газопроводов, трубопроводов теплосетей, стальных конструкций  t=3-20мм, D>76 мм,  из н/у  сталей во всех пространственных положениях, кроме сверху-вниз.  \n111 T P BW FW W01 A B R RA RB  t3-20 D>76 PA PB PD PE  PF PC  ss (nb; mb) bs (ng; gg)\n'),(116,'111 Р BW  W01 R t6 PA ss nb\nРучная дуговая сварка покрытым электродом стальных конструкций t=3-12 мм из н/у сталей в  нижнем положении.  \n111 P BW FW W01 A R RA t3-12 PA ss(nb, mb) bs(ng, gg)'),(118,'111 Р BW  W01 R t6 PA ss nb\nРучная дуговая сварка покрытым электродом стальных конструкций t=3-12 мм из н/у сталей в  нижнем положении.  \n111 P BW FW W01 A R RA t3-12 PA ss(nb, mb) bs(ng, gg)'),(120,'111 T BW W01 В t4/t13 D57/D159 PF PC ss nb\nДуговая сварка покрытым электродом  магистральных и промысловых трубопроводов, газопроводов  t>3 мм, D>25 мм из н/у и н/л  сталей во всех пространственных положениях, кроме сверху-вниз.  \n111 T P BW FW W01  A B R RA RB  t>3 D>25 PA PB PD PE  PF PC  ss (nb; mb) bs (ng; gg)\n'),(122,'111 T BW W01 В t4/t13 D57/D159 PF PC ss nb\nДуговая сварка покрытым электродом  магистральных и промысловых трубопроводов, газопроводов  t>3 мм, D>25 мм из н/у и н/л  сталей во всех пространственных положениях, кроме сверху-вниз.  \n111 T P BW FW W01  A B R RA RB  t>3 D>25 PA PB PD PE  PF PC  ss (nb; mb) bs (ng; gg)\n'),(124,'111 T BW W01 В t4/t13 D57/D159 PF PC ss nb\nДуговая сварка покрытым электродом  магистральных и промысловых трубопроводов, газопроводов  t>3 мм, D>25 мм из н/у и н/л  сталей во всех пространственных положениях, кроме сверху-вниз.  \n111 T P BW FW W01  A B R RA RB  t>3 D>25 PA PB PD PE  PF PC  ss (nb; mb) bs (ng; gg)\n'),(128,'111 T BW W01 R t4 D40 PF PC ss nb\n311 T BW W01 wm t4 D40 PF PC ss nb\nРучная дуговая сварка покрытым электродом  t=3-8 мм, D=20-80 мм, газовая сварка t=3-5 мм, D=20-80 мм  газопроводов из н/у  сталей во всех пространственных положениях, кроме сверху-вниз.  \n111 T BW W01 A R RA  t3-8 D20-80 PA PB PD  PF PC ss nb\n311 T BW W01 W01 wm t3-5 D20-80 PA PB PD  PF PC ss nb'),(130,'135 P BW W01 wm t2/t8 PE ss nb\nДуговая сварка металлическим (плавящимся) электродом в активных газах стальных конструкций\nt=2-16 мм из н/у сталей  во всех пространственных положениях.\n135 P BW FW W01 wm t2-8 PA PB PC PD PF PE PE ss nb\n '),(134,'111 T BW W01 R t5 D89 PF PC ss nb\n311 T BW W01 wm t4 D57 PF PC ss nb\nРучная дуговая сварка покрытым электродом  t=3-10 мм, D=42-159 мм, газовая сварка t=3-5 мм, D=25-114 мм  трубопроводов водоснабжения и канализации из н/у  сталей во всех пространственных положениях, кроме сверху-вниз.  \n111 T BW W01 A R RA  t3-10 D42-159 PA PB PD  PF PC ss nb\n311 T BW W01 W01 wm t3-5 D25-114 PA PB PD  PF PC ss nb'),(136,'111 T BW W01 R t5 D89 PF PC ss nb\n311 T BW W01 wm t4 D57 PF PC ss nb\nРучная дуговая сварка покрытым электродом  t=3-10 мм, D=42-159 мм, газовая сварка t=3-5 мм, D=25-114 мм  трубопроводов водоснабжения и канализации из н/у  сталей во всех пространственных положениях, кроме сверху-вниз.  \n111 T BW W01 A R RA  t3-10 D42-159 PA PB PD  PF PC ss nb\n311 T BW W01 W01 wm t3-5 D25-114 PA PB PD  PF PC ss nb'),(138,'111 T BW W01 R t5 D89 PF PC ss nb\n311 T BW W01 wm t4 D57 PF PC ss nb\nРучная дуговая сварка покрытым электродом  t=3-10 мм, D=42-159 мм, газовая сварка t=3-5 мм, D=25-114 мм  трубопроводов водоснабжения и канализации из н/у  сталей во всех пространственных положениях, кроме сверху-вниз.  \n111 T BW W01 A R RA  t3-10 D42-159 PA PB PD  PF PC ss nb\n311 T BW W01 W01 wm t3-5 D25-114 PA PB PD  PF PC ss nb'),(140,'111 T BW W01 R t5 D89 PF PC ss nb\n311 T BW W01 wm t4 D57 PF PC ss nb\nРучная дуговая сварка покрытым электродом  t=3-10 мм, D=42-159 мм, газовая сварка t=3-5 мм, D=25-114 мм  трубопроводов водоснабжения и канализации из н/у  сталей во всех пространственных положениях, кроме сверху-вниз.  \n111 T BW W01 A R RA  t3-10 D42-159 PA PB PD  PF PC ss nb\n311 T BW W01 W01 wm t3-5 D25-114 PA PB PD  PF PC ss nb'),(143,'111 T BW W01 R t4 D40 PF PC ss nb\n311 T BW W01 wm t4 D40 PF PC ss nb\nРучная дуговая сварка покрытым электродом  t=3-8 мм, D=20-80 мм, газовая сварка t=3-5 мм, D=20-80 мм  газопроводов из н/у  сталей во всех пространственных положениях, кроме сверху-вниз.  \n111 T BW W01 A R RA  t3-8 D20-80 PA PB PD  PF PC ss nb\n311 T BW W01 W01 wm t3-5 D20-80 PA PB PD  PF PC ss nb'),(144,'111 T BW W01 R t5 D89 PF PC ss nb\n311 T BW W01 wm t4 D57 PF PC ss nb\nРучная дуговая сварка покрытым электродом  t=3-10 мм, D=42-159 мм, газовая сварка t=3-5 мм, D=25-114 мм  трубопроводов водоснабжения и канализации из н/у  сталей во всех пространственных положениях, кроме сверху-вниз.  \n111 T BW W01 A R RA  t3-10 D42-159 PA PB PD  PF PC ss nb\n311 T BW W01 W01 wm t3-5 D25-114 PA PB PD  PF PC ss nb'),(146,'111 T BW W01 R t5 D89 PF PC ss nb\n311 T BW W01 wm t4 D57 PF PC ss nb\nРучная дуговая сварка покрытым электродом  t=3-10 мм, D=42-159 мм, газовая сварка t=3-5 мм, D=25-114 мм  трубопроводов водоснабжения и канализации из н/у  сталей во всех пространственных положениях, кроме сверху-вниз.  \n111 T BW W01 A R RA  t3-10 D42-159 PA PB PD  PF PC ss nb\n311 T BW W01 W01 wm t3-5 D25-114 PA PB PD  PF PC ss nb'),(148,'135 P BW W01 wm t2/t8 PE ss nb\nДуговая сварка металлическим (плавящимся) электродом в активных газах стальных конструкций\nt=2-16 мм из н/у сталей  во всех пространственных положениях.\n135 P BW FW W01 wm t2-8 PA PB PC PD PF PE PE ss nb'),(151,'111 T BW W01 R t5 D89 PF PC ss nb\n311 T BW W01 wm t4 D57 PF PC ss nb\nРучная дуговая сварка покрытым электродом  t=3-10 мм, D=42-159 мм, газовая сварка t=3-5 мм, D=25-114 мм  трубопроводов водоснабжения и канализации из н/у  сталей во всех пространственных положениях, кроме сверху-вниз.  \n111 T BW W01 A R RA  t3-10 D42-159 PA PB PD  PF PC ss nb\n311 T BW W01 W01 wm t3-5 D25-114 PA PB PD  PF PC ss nb'),(153,'111 T BW W01 R t5 D89 PF PC ss nb\n311 T BW W01 wm t4 D57 PF PC ss nb\nРучная дуговая сварка покрытым электродом  t=3-10 мм, D=42-159 мм, газовая сварка t=3-5 мм, D=25-114 мм  трубопроводов водоснабжения и канализации из н/у  сталей во всех пространственных положениях, кроме сверху-вниз.  \n111 T BW W01 A R RA  t3-10 D42-159 PA PB PD  PF PC ss nb\n311 T BW W01 W01 wm t3-5 D25-114 PA PB PD  PF PC ss nb'),(155,'111 Р BW W01 R t6 РА ss nb\nДуговая сварка покрытым электродом стальных конструкций t=3-12 мм  из н/у  сталей в нижнем положении\n111 Р BW FW W01 A R RA  t3-12 PA   ss(nb, mb) bs(ng, gg)\n'),(157,'135 P BW W01 wm t2/t8 PE ss nb\nДуговая сварка металлическим (плавящимся) электродом в активных газах стальных конструкций\nt=2-16 мм из н/у сталей  во всех пространственных положениях.\n135 P BW FW W01 wm t2-8 PA PB PC PD PF PE PE ss nb'),(159,'111 T BW W01 R t5 D89 PF PC ss nb\n311 T BW W01 wm t4 D57 PF PC ss nb\nРучная дуговая сварка покрытым электродом  t=3-10 мм, D=42-159 мм, газовая сварка t=3-5 мм, D=25-114 мм  трубопроводов водоснабжения и канализации из н/у  сталей во всех пространственных положениях, кроме сверху-вниз.  \n111 T BW W01 A R RA  t3-10 D42-159 PA PB PD  PF PC ss nb\n311 T BW W01 W01 wm t3-5 D25-114 PA PB PD  PF PC ss nb'),(161,'111 T BW W01 R t5 D89 PF PC ss nb\n311 T BW W01 wm t4 D57 PF PC ss nb\nРучная дуговая сварка покрытым электродом  t=3-10 мм, D=42-159 мм, газовая сварка t=3-5 мм, D=25-114 мм  трубопроводов водоснабжения и канализации из н/у  сталей во всех пространственных положениях, кроме сверху-вниз.  \n111 T BW W01 A R RA  t3-10 D42-159 PA PB PD  PF PC ss nb\n311 T BW W01 W01 wm t3-5 D25-114 PA PB PD  PF PC ss nb'),(163,'111 T BW W01 R t5 D89 PF PC ss nb\n311 T BW W01 wm t4 D57 PF PC ss nb\nРучная дуговая сварка покрытым электродом  t=3-10 мм, D=42-159 мм, газовая сварка t=3-5 мм, D=25-114 мм  трубопроводов водоснабжения и канализации из н/у  сталей во всех пространственных положениях, кроме сверху-вниз.  \n111 T BW W01 A R RA  t3-10 D42-159 PA PB PD  PF PC ss nb\n311 T BW W01 W01 wm t3-5 D25-114 PA PB PD  PF PC ss nb'),(165,'111 T BW W01 R t5 D89 PF PC ss nb\n311 T BW W01 wm t4 D57 PF PC ss nb\nРучная дуговая сварка покрытым электродом  t=3-10 мм, D=42-159 мм, газовая сварка t=3-5 мм, D=25-114 мм  трубопроводов водоснабжения и канализации из н/у  сталей во всех пространственных положениях, кроме сверху-вниз.  \n111 T BW W01 A R RA  t3-10 D42-159 PA PB PD  PF PC ss nb\n311 T BW W01 W01 wm t3-5 D25-114 PA PB PD  PF PC ss nb'),(167,'111 T BW W01 R t5 D89 PF PC ss nb\n311 T BW W01 wm t4 D57 PF PC ss nb\nРучная дуговая сварка покрытым электродом  t=3-10 мм, D=42-159 мм, газовая сварка t=3-5 мм, D=25-114 мм  трубопроводов водоснабжения и канализации из н/у  сталей во всех пространственных положениях, кроме сверху-вниз.  \n111 T BW W01 A R RA  t3-10 D42-159 PA PB PD  PF PC ss nb\n311 T BW W01 W01 wm t3-5 D25-114 PA PB PD  PF PC ss nb'),(169,'111 T BW W01 R t5 D89 PF PC ss nb\n311 T BW W01 wm t4 D57 PF PC ss nb\nРучная дуговая сварка покрытым электродом  t=3-10 мм, D=42-159 мм, газовая сварка t=3-5 мм, D=25-114 мм  трубопроводов водоснабжения и канализации из н/у  сталей во всех пространственных положениях, кроме сверху-вниз.  \n111 T BW W01 A R RA  t3-10 D42-159 PA PB PD  PF PC ss nb\n311 T BW W01 W01 wm t3-5 D25-114 PA PB PD  PF PC ss nb'),(170,'111 T BW W01 R t5 D89 PF PC ss nb\n311 T BW W01 wm t4 D57 PF PC ss nb\nРучная дуговая сварка покрытым электродом  t=3-10 мм, D=42-159 мм, газовая сварка t=3-5 мм, D=25-114 мм  трубопроводов водоснабжения и канализации из н/у  сталей во всех пространственных положениях, кроме сверху-вниз.  \n111 T BW W01 A R RA  t3-10 D42-159 PA PB PD  PF PC ss nb\n311 T BW W01 W01 wm t3-5 D25-114 PA PB PD  PF PC ss nb'),(171,'111 T BW W01 R t5 D89 PF PC ss nb\n311 T BW W01 wm t4 D57 PF PC ss nb\nРучная дуговая сварка покрытым электродом  t=3-10 мм, D=42-159 мм, газовая сварка t=3-5 мм, D=25-114 мм  трубопроводов водоснабжения и канализации из н/у  сталей во всех пространственных положениях, кроме сверху-вниз.  \n111 T BW W01 A R RA  t3-10 D42-159 PA PB PD  PF PC ss nb\n311 T BW W01 W01 wm t3-5 D25-114 PA PB PD  PF PC ss nb'),(172,'111 T BW W01 R t5 D89 PF PC ss nb\n311 T BW W01 wm t4 D57 PF PC ss nb\nРучная дуговая сварка покрытым электродом  t=3-10 мм, D=42-159 мм, газовая сварка t=3-5 мм, D=25-114 мм  трубопроводов водоснабжения и канализации из н/у  сталей во всех пространственных положениях, кроме сверху-вниз.  \n111 T BW W01 A R RA  t3-10 D42-159 PA PB PD  PF PC ss nb\n311 T BW W01 W01 wm t3-5 D25-114 PA PB PD  PF PC ss nb'),(173,'111 T BW W01 R t5 D89 PF PC ss nb\n311 T BW W01 wm t4 D57 PF PC ss nb\nРучная дуговая сварка покрытым электродом  t=3-10 мм, D=42-159 мм, газовая сварка t=3-5 мм, D=25-114 мм  трубопроводов водоснабжения и канализации из н/у  сталей во всех пространственных положениях, кроме сверху-вниз.  \n111 T BW W01 A R RA  t3-10 D42-159 PA PB PD  PF PC ss nb\n311 T BW W01 W01 wm t3-5 D25-114 PA PB PD  PF PC ss nb'),(174,'111 T BW W01 R t5 D89 PF PC ss nb\n311 T BW W01 wm t4 D57 PF PC ss nb\nРучная дуговая сварка покрытым электродом  t=3-10 мм, D=42-159 мм, газовая сварка t=3-5 мм, D=25-114 мм  трубопроводов водоснабжения и канализации из н/у  сталей во всех пространственных положениях, кроме сверху-вниз.  \n111 T BW W01 A R RA  t3-10 D42-159 PA PB PD  PF PC ss nb\n311 T BW W01 W01 wm t3-5 D25-114 PA PB PD  PF PC ss nb'),(175,'111 T BW W01 R t5 D89 PF PC ss nb\n311 T BW W01 wm t4 D57 PF PC ss nb\nРучная дуговая сварка покрытым электродом  t=3-10 мм, D=42-159 мм, газовая сварка t=3-5 мм, D=25-114 мм  трубопроводов водоснабжения и канализации из н/у  сталей во всех пространственных положениях, кроме сверху-вниз.  \n111 T BW W01 A R RA  t3-10 D42-159 PA PB PD  PF PC ss nb\n311 T BW W01 W01 wm t3-5 D25-114 PA PB PD  PF PC ss nb'),(177,'111 T BW W01 R t5 D89 PF PC ss nb\n311 T BW W01 wm t4 D57 PF PC ss nb\nРучная дуговая сварка покрытым электродом  t=3-10 мм, D=42-159 мм, газовая сварка t=3-5 мм, D=25-114 мм  трубопроводов водоснабжения и канализации из н/у  сталей во всех пространственных положениях, кроме сверху-вниз.  \n111 T BW W01 A R RA  t3-10 D42-159 PA PB PD  PF PC ss nb\n311 T BW W01 W01 wm t3-5 D25-114 PA PB PD  PF PC ss nb'),(179,'111 T BW W01 R t5 D89 PF PC ss nb\n311 T BW W01 wm t4 D57 PF PC ss nb\nРучная дуговая сварка покрытым электродом  t=3-10 мм, D=42-159 мм, газовая сварка t=3-5 мм, D=25-114 мм  трубопроводов водоснабжения и канализации из н/у  сталей во всех пространственных положениях, кроме сверху-вниз.  \n111 T BW W01 A R RA  t3-10 D42-159 PA PB PD  PF PC ss nb\n311 T BW W01 W01 wm t3-5 D25-114 PA PB PD  PF PC ss nb'),(180,'111 T BW W01 R t5 D89 PF PC ss nb\n311 T BW W01 wm t4 D57 PF PC ss nb\nРучная дуговая сварка покрытым электродом  t=3-10 мм, D=42-159 мм, газовая сварка t=3-5 мм, D=25-114 мм  трубопроводов водоснабжения и канализации из н/у  сталей во всех пространственных положениях, кроме сверху-вниз.  \n111 T BW W01 A R RA  t3-10 D42-159 PA PB PD  PF PC ss nb\n311 T BW W01 W01 wm t3-5 D25-114 PA PB PD  PF PC ss nb'),(181,'111 T BW W01 R t5 D89 PF PC ss nb\n311 T BW W01 wm t4 D57 PF PC ss nb\nРучная дуговая сварка покрытым электродом  t=3-10 мм, D=42-159 мм, газовая сварка t=3-5 мм, D=25-114 мм  трубопроводов водоснабжения и канализации из н/у  сталей во всех пространственных положениях, кроме сверху-вниз.  \n111 T BW W01 A R RA  t3-10 D42-159 PA PB PD  PF PC ss nb\n311 T BW W01 W01 wm t3-5 D25-114 PA PB PD  PF PC ss nb'),(182,'111 T BW W01 R t5 D89 PF PC ss nb\n311 T BW W01 wm t4 D57 PF PC ss nb\nРучная дуговая сварка покрытым электродом  t=3-10 мм, D=42-159 мм, газовая сварка t=3-5 мм, D=25-114 мм  трубопроводов водоснабжения и канализации из н/у  сталей во всех пространственных положениях, кроме сверху-вниз.  \n111 T BW W01 A R RA  t3-10 D42-159 PA PB PD  PF PC ss nb\n311 T BW W01 W01 wm t3-5 D25-114 PA PB PD  PF PC ss nb'),(183,'111 T BW W01 R t5 D89 PF PC ss nb\n311 T BW W01 wm t4 D57 PF PC ss nb\nРучная дуговая сварка покрытым электродом  t=3-10 мм, D=42-159 мм, газовая сварка t=3-5 мм, D=25-114 мм  трубопроводов водоснабжения и канализации из н/у  сталей во всех пространственных положениях, кроме сверху-вниз.  \n111 T BW W01 A R RA  t3-10 D42-159 PA PB PD  PF PC ss nb\n311 T BW W01 W01 wm t3-5 D25-114 PA PB PD  PF PC ss nb'),(185,'111 T BW W01 R t5 D89 PF PC ss nb\n311 T BW W01 wm t4 D57 PF PC ss nb\nРучная дуговая сварка покрытым электродом  t=3-10 мм, D=42-159 мм, газовая сварка t=3-5 мм, D=25-114 мм  трубопроводов водоснабжения и канализации из н/у  сталей во всех пространственных положениях, кроме сверху-вниз.  \n111 T BW W01 A R RA  t3-10 D42-159 PA PB PD  PF PC ss nb\n311 T BW W01 W01 wm t3-5 D25-114 PA PB PD  PF PC ss nb'),(186,'111 T BW W01 R t5 D89 PF PC ss nb\n311 T BW W01 wm t4 D57 PF PC ss nb\nРучная дуговая сварка покрытым электродом  t=3-10 мм, D=42-159 мм, газовая сварка t=3-5 мм, D=25-114 мм  трубопроводов водоснабжения и канализации из н/у  сталей во всех пространственных положениях, кроме сверху-вниз.  \n111 T BW W01 A R RA  t3-10 D42-159 PA PB PD  PF PC ss nb\n311 T BW W01 W01 wm t3-5 D25-114 PA PB PD  PF PC ss nb'),(187,'111 T BW W01 R t5 D89 PF PC ss nb\n311 T BW W01 wm t4 D57 PF PC ss nb\nРучная дуговая сварка покрытым электродом  t=3-10 мм, D=42-159 мм, газовая сварка t=3-5 мм, D=25-114 мм  трубопроводов водоснабжения и канализации из н/у  сталей во всех пространственных положениях, кроме сверху-вниз.  \n111 T BW W01 A R RA  t3-10 D42-159 PA PB PD  PF PC ss nb\n311 T BW W01 W01 wm t3-5 D25-114 PA PB PD  PF PC ss nb'),(188,'111 T BW W01 R t5 D89 PF PC ss nb\n311 T BW W01 wm t4 D57 PF PC ss nb\nРучная дуговая сварка покрытым электродом  t=3-10 мм, D=42-159 мм, газовая сварка t=3-5 мм, D=25-114 мм  трубопроводов водоснабжения и канализации из н/у  сталей во всех пространственных положениях, кроме сверху-вниз.  \n111 T BW W01 A R RA  t3-10 D42-159 PA PB PD  PF PC ss nb\n311 T BW W01 W01 wm t3-5 D25-114 PA PB PD  PF PC ss nb'),(189,'111 T BW W01 R t5 D89 PF PC ss nb\n311 T BW W01 wm t4 D57 PF PC ss nb\nРучная дуговая сварка покрытым электродом  t=3-10 мм, D=42-159 мм, газовая сварка t=3-5 мм, D=25-114 мм  трубопроводов водоснабжения и канализации из н/у  сталей во всех пространственных положениях, кроме сверху-вниз.  \n111 T BW W01 A R RA  t3-10 D42-159 PA PB PD  PF PC ss nb\n311 T BW W01 W01 wm t3-5 D25-114 PA PB PD  PF PC ss nb'),(190,'111 T BW W01 R t5 D89 PF PC ss nb\n311 T BW W01 wm t4 D57 PF PC ss nb\nРучная дуговая сварка покрытым электродом  t=3-10 мм, D=42-159 мм, газовая сварка t=3-5 мм, D=25-114 мм  трубопроводов водоснабжения и канализации из н/у  сталей во всех пространственных положениях, кроме сверху-вниз.  \n111 T BW W01 A R RA  t3-10 D42-159 PA PB PD  PF PC ss nb\n311 T BW W01 W01 wm t3-5 D25-114 PA PB PD  PF PC ss nb'),(192,'111 T BW W01 В t5 D89 PF PC ss nb\nРучная дуговая сварка покрытым электродом газопроводов, трубных элементов котлов, сосудов, работающих под давлением  t=3-10 мм, D=42-159 мм из н/у   сталей во всех пространственных положениях, кроме сверху-вниз  для РДЭ.  \n111 T P BW W01 A В R RA RВ t3-10 D42-159 PA PB PD PE PF PC ss nb'),(194,'111 Р BW  W01 R t6 PA ss nb\nРучная дуговая сварка покрытым электродом стальных конструкций t=3-12 мм из н/у сталей в  нижнем положении.  \n111 P BW FW W01 A R RA t3-12 PA ss(nb, mb) bs(ng, gg)'),(197,'111 T BW W01 В t4/t8 D57/D159 PF PC ss nb\nРучная дуговая сварка покрытым электродом  трубных элементов котлов, трубопроводов пара и горячей воды, сосудов, работающих под давлением, газопроводов t=3-16 мм, D>25 мм  из н/у сталей во всех пространственных положениях, кроме сверху-вниз.  \n111 T P BW FW W01  A B R RA RB  t3-16 D>25 PA PB PD PE  PF PC  ss (nb; mb) bs (ng; gg)\n'),(200,'111 T BW W01 В t4/t10 D57/D159 PF PC ss nb\nРучная дуговая сварка покрытым электродом  магистральных и промысловых трубопроводов, газопроводов t=3-20 мм, D>25 мм  из н/у и н/л (ГС) сталей во всех пространственных положениях, кроме сверху-вниз.  \n111 T  BW FW W01  A B R RA RB  t3-20 D>25 PA PB PD PE  PF PC  ss (nb; mb) bs (ng; gg)\n'),(202,'111 Р BW  W01 R t6 PA ss nb\nРучная дуговая сварка покрытым электродом стальных конструкций t=3-12 мм из н/у сталей в  нижнем положении.  \n111 P BW FW W01 A R RA t3-12 PA ss(nb, mb) bs(ng, gg)'),(204,'111 T BW W01 В t5 D89 PF PC ss nb\n311 T BW W01 wm t4 D57 PF PC ss nb\nРучная дуговая сварка покрытым электродом  t=3-10 мм, D=42-159 мм, газовая сварка t=3-5 мм, D=25-114 мм  трубопроводов теплосетей, газопроводов, трубных элементов котлов из н/у  сталей во всех пространственных положениях, кроме сверху-вниз.  \n111 T BW W01 A В R RA RВ  t3-10 D42-159 PA PB PD  PF PC ss nb\n311 T BW W01 W01 wm t3-5 D25-114 PA PB PD  PF PC ss nb'),(206,'111 Р BW  W01 R t6 PA ss nb\nРучная дуговая сварка покрытым электродом стальных конструкций t=3-12 мм из н/у сталей в  нижнем положении.  \n111 P BW FW W01 A R RA t3-12 PA ss(nb, mb) bs(ng, gg)'),(208,'111 T BW W01 В t5 D89 PF PC ss nb\n311 T BW W01 wm t4 D57 PF PC ss nb\nРучная дуговая сварка покрытым электродом  t=3-10 мм, D=42-159 мм, газовая сварка t=3-5 мм, D=25-114 мм  трубопроводов теплосетей, газопроводов, трубных элементов котлов из н/у  сталей во всех пространственных положениях, кроме сверху-вниз.  \n111 T BW W01 A В R RA RВ  t3-10 D42-159 PA PB PD  PF PC ss nb\n311 T BW W01 W01 wm t3-5 D25-114 PA PB PD  PF PC ss nb'),(210,'111 Р BW  W01 R t6 PA ss nb\nРучная дуговая сварка покрытым электродом стальных конструкций t=3-12 мм из н/у сталей в  нижнем положении.  \n111 P BW FW W01 A R RA t3-12 PA ss(nb, mb) bs(ng, gg)'),(217,'111 T BW W01 В t5 D89 PF PC ss nb\n311 T BW W01 wm t4 D57 PF PC ss nb\nРучная дуговая сварка покрытым электродом  t=3-10 мм, D=42-159 мм, газовая сварка t=3-5 мм, D=25-114 мм  трубопроводов теплосетей, газопроводов, трубных элементов котлов из н/у  сталей во всех пространственных положениях, кроме сверху-вниз.  \n111 T BW W01 A В R RA RВ  t3-10 D42-159 PA PB PD  PF PC ss nb\n311 T BW W01 W01 wm t3-5 D25-114 PA PB PD  PF PC ss nb'),(219,'111 T BW W01 В t5 D89 PF PC ss nb\nРучная дуговая сварка покрытым электродом трубопроводов теплосетей, газопроводов, трубных элементов котлов t=3-10 мм, D=42-159 мм  из н/у  сталей во всех пространственных положениях, кроме сверху-вниз.  \n111 T BW W01 A В R RA RВ  t3-10 D42-159 PA PB PD  PF PC ss nb\n'),(221,'111 Р BW  W01 R t6 PA ss nb\nРучная дуговая сварка покрытым электродом стальных конструкций t=3-12 мм из н/у сталей в  нижнем положении.  \n111 P BW FW W01 A R RA t3-12 PA ss(nb, mb) bs(ng, gg)'),(223,'111 T BW W01 В t4/t8 D57/D159 PF PC ss nb\nРучная дуговая сварка покрытым электродом  магистральных и промысловых трубопроводов, газопроводов, сосудов, работающих под давлением, трубных элементов котлов, трубопроводов пара и горячей воды, стальных когструкций t=3-16 мм, D>25 мм  из н/у и н/л (ГС) сталей во всех пространственных положениях, кроме сверху-вниз.  \n111 T  BW FW W01  A B R RA RB  t3-16 D>25 PA PB PD PE  PF PC  ss (nb; mb) bs (ng; gg)\n'),(225,'111 Р BW  W01 R t6 PA ss nb\nРучная дуговая сварка покрытым электродом стальных конструкций t=3-12 мм из н/у сталей в  нижнем положении.  \n111 P BW FW W01 A R RA t3-12 PA ss(nb, mb) bs(ng, gg)'),(226,'111 T BW W01 R t5 D89 PF PC ss nb\nРучная дуговая сварка покрытым электродом   трубопроводов водоснабжения и канализации, газопроводов  t=3-10 мм, D=42-159 мм из н/у  сталей во всех пространственных положениях, кроме сверху-вниз.  \n111 T BW W01 A R RA t3-10 D42-159 PA PB PD  PF PC ss nb\n'),(230,'111 T BW W01 В t4/t13 D57/D159 PF PC ss nb\nРучная дуговая сварка покрытым электродом  магистральных и промысловых трубопроводов, газопроводов, стальных конструкций t>3 мм, D>25 мм  из н/у и н/л (ГС) сталей во всех пространственных положениях, кроме сверху-вниз.  \n111 T Р BW FW W01  A B R RA RB   t>3 D>25 PA PB PD PE  PF PC  ss (nb; mb) bs (ng; gg)\n'),(232,'111 T BW W01 R t4 D40 PF PC ss nb\nРучная дуговая сварка покрытым электродом   трубопроводов водоснабжения и канализации, газопроводов  t=3-8 мм, D=25-76 мм из н/у  сталей во всех пространственных положениях, кроме сверху-вниз.  \n111 T BW W01 A R RA t3-8 D25-76 PA PB PD  PF PC ss nb\n'),(234,'111 T BW W01 R t4/t5 D40/D108 PF PC ss nb\nРучная дуговая сварка покрытым электродом   трубопроводов водоснабжения и канализации  t=3-10 мм, D=25-219 мм из н/у  сталей во всех пространственных положениях, кроме сверху-вниз.  \n111 T BW W01 A R RA t3-10 D25-219 PA PB PD  PF PC ss nb\n'),(236,'111 T BW W01 R t2,5 D21/D40 PF PC ss nb\nРучная дуговая сварка покрытым электродом газопроводов  t=2,5-5 мм, D=21-76 мм из н/у  сталей во всех пространственных положениях, кроме сверху-вниз.  \n111 T BW W01 A R RA t2,5-5 D221-76 PA PB PD  PF PC ss nb\n'),(238,'111 T BW W01 R t2,5 D21/D40 PF PC ss nb\n311 T BW W01 wm t2,5 D21/D40 PF PC ss nb\nРучная дуговая сварка покрытым электродом  t=2,5-5 мм, D=21-76 мм, газовая сварка t=2,5-5 мм, D=21-76 мм газопроводов, трубопроводов водоснабжения из н/у  сталей во всех пространственных положениях, кроме сверху-вниз.  \n111 T BW W01 A  R RA t2,5-10 D21-76 PA PB PD  PF PC ss nb\n311 T BW W01 W01 wm t2,5-5 D21-76 PA PB PD  PF PC ss nb'),(240,'141/111 Т BW W02 wm/B t4/t14 D40/D159 H-L045 ss nb\nКомбинированная сварка (ВИГ + РДЭ) трубопроводов пара и горячей воды, сосудов, работающих под давлением, трубных элементов котлов, газопроводов, стальных конструкций, технологических трубопроводов t>3 мм, D>25 мм из н/у и н/л сталей во всех пространственных положения, кроме сверху - вниз для РДЭ. \n141/111 Т P BW FW W01 W02 wm/B A R RA RB t>3 D>25 PA PB PC PF PE H-L045 ss (nb,mb)  bs(ng, gg)'),(243,'111 T BW W01 R t2,5 D21/D40 PF PC ss nb\nРучная дуговая сварка покрытым электродом газопроводов  t=2,5-5 мм, D=21-76 мм из н/у  сталей во всех пространственных положениях, кроме сверху-вниз.  \n111 T BW W01 A R RA t2,5-5 D221-76 PA PB PD  PF PC ss nb\n'),(245,'111 T BW W01 R t2,5 D21/D40 PF PC ss nb\nРучная дуговая сварка покрытым электродом газопроводов  t=2,5-5 мм, D=21-76 мм из н/у  сталей во всех пространственных положениях, кроме сверху-вниз.  \n111 T BW W01 A R RA t2,5-5 D221-76 PA PB PD  PF PC ss nb\n'),(247,'141/111 Т BW W02 wm/B t4/t14 D40/D159 H-L045 ss nb\nКомбинированная сварка (ВИГ + РДЭ) трубопроводов пара и горячей воды, сосудов, работающих под давлением, трубных элементов котлов, газопроводов, стальных конструкций, технологических трубопроводов t>3 мм, D>25 мм из н/у и н/л сталей во всех пространственных положения, кроме сверху - вниз для РДЭ. \n141/111 Т P BW FW W01 W02 wm/B A R RA RB t>3 D>25 PA PB PC PF PE H-L045 ss (nb,mb)  bs(ng, gg)'),(252,'111 T BW W01 R t2,5 D21/D40 PF PC ss nb\nРучная дуговая сварка покрытым электродом газопроводов  t=2,5-5 мм, D=21-76 мм из н/у  сталей во всех пространственных положениях, кроме сверху-вниз.  \n111 T BW W01 A R RA t2,5-5 D21-76 PA PB PD  PF PC ss nb\n'),(253,'111 T BW W01 R t2,5 D21/D40 PF PC ss nb\nРучная дуговая сварка покрытым электродом газопроводов  t=2,5-5 мм, D=21-76 мм из н/у  сталей во всех пространственных положениях, кроме сверху-вниз.  \n111 T BW W01 A R RA t2,5-5 D21-76 PA PB PD  PF PC ss nb\n'),(255,'141/111 Т BW W02 wm/B t4/t14 D40/D159 H-L045 ss nb\nКомбинированная сварка (ВИГ + РДЭ) трубопроводов пара и горячей воды, сосудов, работающих под давлением, трубных элементов котлов, трубопроводов водоснабжения, трубопроводов теплосетей, технологических трубопроводов t>3 мм, D>25 мм из н/у и н/л сталей во всех пространственных положения, кроме сверху - вниз для РДЭ. \n141/111 Т P BW FW W01 W02 wm/B A R RA RB t>3 D>25 PA PB PC PF PE H-L045 ss (nb,mb)  bs(ng, gg)'),(258,'111 T BW W01 R t2,5 D21/D40 PF PC ss nb\nРучная дуговая сварка покрытым электродом газопроводов  t=2,5-5 мм, D=21-76 мм из н/у  сталей во всех пространственных положениях, кроме сверху-вниз.  \n111 T BW W01 A R RA t2,5-5 D21-76 PA PB PD  PF PC ss nb\n'),(260,'111 T BW W01 В t4/t14 D57/D159 PF PC ss nb\nРучная дуговая сварка покрытым электродом  магистральных и промысловых трубопроводов  t>3 мм, D>25 мм  из н/у и н/л (ГС) сталей во всех пространственных положениях, кроме сверху-вниз.  \n111 T Р BW FW W01  A B R RA RB   t>3 D>25 PA PB PD PE  PF PC  ss (nb; mb) bs (ng; gg)\n'),(262,'111 T BW W01 В t5 D89 PF PC ss nb\nРучная дуговая сварка покрытым электродом  газопрводов, трубопроводов пара и горячей воды, трубопроводов водоснабжения, металлических конструкций  t=3-10 мм, D=42-159 мм  из н/у  сталей во всех пространственных положениях, кроме сверху-вниз.  \n111 T Р BW FW W01  A B R RA RB   t>3 D>25 PA PB PD PE  PF PC  ss (nb; mb) bs (ng; gg)\n'),(264,'141/111 Т BW W02 wm/B t4/t14 D40/D159 H-L045 ss nb\nКомбинированная сварка (ВИГ + РДЭ) трубопроводов пара и горячей воды, сосудов, работающих под давлением, трубных элементов котлов, газопроводов, стальных конструкций, технологических трубопроводов t>3 мм, D>25 мм из н/у и н/л сталей во всех пространственных положения, кроме сверху - вниз для РДЭ. \n141/111 Т P BW FW W01 W02 wm/B A R RA RB t>3 D>25 PA PB PC PF PE H-L045 ss (nb,mb)  bs(ng, gg)'),(266,'141/111 Т BW W02 wm/B t4/t14 D40/D159 H-L045 ss nb\nКомбинированная сварка (ВИГ + РДЭ) трубопроводов пара и горячей воды, сосудов, работающих под давлением, трубных элементов котлов, газопроводов, стальных конструкций, технологических трубопроводов t>3 мм, D>25 мм из н/у и н/л сталей во всех пространственных положения, кроме сверху - вниз для РДЭ. \n141/111 Т P BW FW W01 W02 wm/B A R RA RB t>3 D>25 PA PB PC PF PE H-L045 ss (nb,mb)  bs(ng, gg)'),(268,'111 T BW W01 R t5 D89 PF PC ss nb\n311 T BW W01 wm t4 D57 PF PC ss nb\nРучная дуговая сварка покрытым электродом  t=3-10 мм, D=42-159 мм, газовая сварка t=3-5 мм, D=25-114 мм газопроводовиз н/у  сталей во всех пространственных положениях, кроме сверху-вниз.  \n111 T BW W01 A  R RA t3-10 D42-159 PA PB PD  PF PC ss nb\n311 T BW W01 W01 wm t3-5 D25-114 PA PB PD  PF PC ss nb'),(271,'141/111 Т BW W02 wm/B t4/t14 D40/D159 H-L045 ss nb\nКомбинированная сварка (ВИГ + РДЭ) трубопроводов пара и горячей воды, сосудов, работающих под давлением, трубных элементов котлов, газопроводов, стальных конструкций, технологических трубопроводов t>3 мм, D>25 мм из н/у и н/л сталей во всех пространственных положения, кроме сверху - вниз для РДЭ. \n141/111 Т P BW FW W01 W02 wm/B A R RA RB t>3 D>25 PA PB PC PF PE H-L045 ss (nb,mb)  bs(ng, gg)'),(273,'111 T BW W01 В t5 D89 PF PC ss nb\nРучная дуговая сварка покрытым электродом  газопроводов,магистральных и промысловых  трубопроводов , трубопроводов водоснабжения,  конструкций металлических строительных  t=3-10 мм, D=42-159 мм  из н/у  сталей во всех пространственных положениях, кроме сверху-вниз.  \n111 T Р BW FW W01  A B R RA RB   t3-10 D42-159 PA PB PD PE  PF PC  ss (nb; mb) bs (ng; gg)\n'),(276,'111 T BW W01 В t4/t10 D57/D159 PF PC ss nb\nРучная дуговая сварка покрытым электродом  магистральных и промысловых трубопроводов, газопроводов, конструкций стальных металлических  t=3-20 мм, D>25 мм  из н/у и н/л (ГС) сталей во всех пространственных положениях, кроме сверху-вниз.  \n111 T Р BW FW W01  A B R RA RB   t3-20 D>25 PA PB PD PE  PF PC  ss (nb; mb) bs (ng; gg)\n'),(278,'111 P BW W01 R t4 PA ss nb\n311 P BW W01 wm t4 PA ss nb\nРучная дуговая сварка покрытым элетродом t=3-8 мм, газовая сварка t=3-8 мм конструкций стальных металлических из н/у сталей в нижнем положении \n111 P BW FW W01 A R RA t3-8 PA ss(nb; mb) bs(ng; gg)\n311 P BW FW W01 wm t3-5 PA ss nb'),(282,'135 P BW W01 wm t6 PA ss nb\n Дуговая сварка металлическим (плавящимся)  электродом  конструкций стальных металлических t=3-12 мм из н/у сталей в нижнем положении \n111 P BW FW W01 wm t3-12 PA ss(nb; mb) bs(ng; gg)\n'),(284,'111 Т BW W01 R t8 D159 PF PC ss nb\n135 Т BW W01 wm t8 D159 PF PC ss nb\nРучная дуговая сварка покрытым элетродом, дуговя сварка металлическим (плавящимся) электродом в активных газах t=3-16 мм, D>76 мм внешних сетей водоснабжения и канилизации из н/у сталей во всех пространственных положениях, кроме сверху-вниз для РДЭ\n111 Т BW FW W01 A R RA t3-16 D>76 PA PB PC PD PF ss(nb; mb) bs(ng; gg)\n135 Т BW FW W01 wm t3-16 D>76 PA PB PC PD PF ss(nb; mb) bs(ng; gg)'),(287,'111 T BW W01 R t8 D159 PF PC ss nb\n311 T BW W01 wm t4 D57 PF PC ss nb\nРучная дуговая сварка покрытым электродом  t=3-16 мм, D>76 мм, газовая сварка t=3-5 мм, D=25-114 мм внешних сетей водоснабжения и канализации из н/у  сталей во всех пространственных положениях, кроме сверху-вниз.  \n111 T BW W01 A  R RA t3-16 D>76 PA PB PD  PF PC ss(nb; mb) bs(ng; gg) \n311 T BW W01 W01 wm t3-5 D25-114 PA PB PD  PF PC ss nb'),(289,'111 T BW W01 R t8 D159 PF PC ss nb\nРучная дуговая сварка покрытым электродом внешних сетей водоснабжения и канализации t=3-16 мм, D>76 мм из н/у  сталей во всех пространственных положениях, кроме сверху-вниз.  \n111 T BW W01 A  R RA t3-16 D>76 PA PB PD  PF PC ss(nb; mb) bs(ng; gg) \n311 T BW W01 W01 wm t3-5 D25-114 PA PB PD  PF PC ss nb'),(291,'111 T BW W01 R t8 D159 PF PC ss nb\n311 T BW W01 wm t4 D57 PF PC ss nb\nРучная дуговая сварка покрытым электродом  t=3-16 мм, D>76 мм, газовая сварка t=3-5 мм, D=25-114 мм внешних сетей водоснабжения и канализации из н/у  сталей во всех пространственных положениях, кроме сверху-вниз.  \n111 T BW W01 A  R RA t3-16 D>76 PA PB PD  PF PC ss(nb; mb) bs(ng; gg) \n311 T BW W01 W01 wm t3-5 D25-114 PA PB PD  PF PC ss nb'),(293,'111 T BW W01 R t8 D159 PF PC ss nb\n311 T BW W01 wm t4 D57 PF PC ss nb\nРучная дуговая сварка покрытым электродом  t=3-16 мм, D>76 мм, газовая сварка t=3-5 мм, D=25-114 мм внешних сетей водоснабжения и канализации из н/у  сталей во всех пространственных положениях, кроме сверху-вниз.  \n111 T BW W01 A  R RA t3-16 D>76 PA PB PD  PF PC ss(nb; mb) bs(ng; gg) \n311 T BW W01 W01 wm t3-5 D25-114 PA PB PD  PF PC ss nb'),(296,'111 T BW W01 R t8 D159 PF PC ss nb\n311 T BW W01 wm t4 D57 PF PC ss nb\nРучная дуговая сварка покрытым электродом  t=3-16 мм, D>76 мм, газовая сварка t=3-5 мм, D=25-114 мм внешних сетей водоснабжения и канализации из н/у  сталей во всех пространственных положениях, кроме сверху-вниз.  \n111 T BW W01 A  R RA t3-16 D>76 PA PB PD  PF PC ss(nb; mb) bs(ng; gg) \n311 T BW W01 W01 wm t3-5 D25-114 PA PB PD  PF PC ss nb'),(298,'111 T BW W01 R t8 D159 PF PC ss nb\n311 T BW W01 wm t4 D57 PF PC ss nb\nРучная дуговая сварка покрытым электродом  t=3-16 мм, D>76 мм, газовая сварка t=3-5 мм, D=25-114 мм внешних сетей водоснабжения и канализации из н/у  сталей во всех пространственных положениях, кроме сверху-вниз.  \n111 T BW W01 A  R RA t3-16 D>76 PA PB PD  PF PC ss(nb; mb) bs(ng; gg) \n311 T BW W01 W01 wm t3-5 D25-114 PA PB PD  PF PC ss nb'),(300,'111 T BW W01 R t8 D159 PF PC ss nb\n311 T BW W01 wm t4 D57 PF PC ss nb\nРучная дуговая сварка покрытым электродом  t=3-16 мм, D>76 мм, газовая сварка t=3-5 мм, D=25-114 мм внешних сетей водоснабжения и канализации из н/у  сталей во всех пространственных положениях, кроме сверху-вниз.  \n111 T BW W01 A  R RA t3-16 D>76 PA PB PD  PF PC ss(nb; mb) bs(ng; gg) \n311 T BW W01 W01 wm t3-5 D25-114 PA PB PD  PF PC ss nb'),(302,'311 T BW W01 wm t4 D57 PF PC ss nb\nГазовая сварка сетей водоснабжения и канализации  t=3-5 мм, D=25-114 мм  из н/у  сталей во всех пространственных положениях.\n311 T BW W01 W01 wm t3-5 D25-114 PA PB PD  PF PC ss nb'),(304,'111 T BW W01 R t8 D159 PF PC ss nb\n311 T BW W01 wm t4 D57 PF PC ss nb\nРучная дуговая сварка покрытым электродом  t=3-16 мм, D>76 мм, газовая сварка t=3-5 мм, D=25-114 мм внешних сетей водоснабжения и канализации из н/у  сталей во всех пространственных положениях, кроме сверху-вниз.  \n111 T BW W01 A  R RA t3-16 D>76 PA PB PD  PF PC ss(nb; mb) bs(ng; gg) \n311 T BW W01 W01 wm t3-5 D25-114 PA PB PD  PF PC ss nb'),(308,'111 T BW W01 R t8 D159 PF PC ss nb\n311 T BW W01 wm t4 D57 PF PC ss nb\nРучная дуговая сварка покрытым электродом  t=3-16 мм, D>76 мм, газовая сварка t=3-5 мм, D=25-114 мм внешних сетей водоснабжения и канализации из н/у  сталей во всех пространственных положениях, кроме сверху-вниз.  \n111 T BW W01 A  R RA t3-16 D>76 PA PB PD  PF PC ss(nb; mb) bs(ng; gg) \n311 T BW W01 W01 wm t3-5 D25-114 PA PB PD  PF PC ss nb'),(312,'111 T BW W01 R t8 D159 PF PC ss nb\n311 T BW W01 wm t4 D57 PF PC ss nb\nРучная дуговая сварка покрытым электродом  t=3-16 мм, D>76 мм, газовая сварка t=3-5 мм, D=25-114 мм внешних сетей водоснабжения и канализации из н/у  сталей во всех пространственных положениях, кроме сверху-вниз.  \n111 T BW W01 A  R RA t3-16 D>76 PA PB PD  PF PC ss(nb; mb) bs(ng; gg) \n311 T BW W01 W01 wm t3-5 D25-114 PA PB PD  PF PC ss nb'),(316,'111 T BW W01 R t5 D89 PF PC ss nb\n311 T BW W01 wm t4 D57 PF PC ss nb\nРучная дуговая сварка покрытым электродом  t=3-10 мм, D=42-159 мм, газовая сварка t=3-5 мм, D=25-114 мм внешних сетей водоснабжения и канализации, конструкций стальных металлических из н/у  сталей во всех пространственных положениях, кроме сверху-вниз.  \n111 T BW W01 A  R RA t3-10 D42-159 PA PB PD  PF PC ss(nb; mb) bs(ng; gg) \n311 T BW W01 W01 wm t3-5 D25-114 PA PB PD  PF PC ss nb'),(317,'111 P BW W01 R t4 PA ss nb\n311 P BW W01 wm t4 PA ss nb\nРучная дуговая сварка покрытым электродом t=3-8 мм, газовая сварка t=3-8 мм стальных конструкций  из н/у сталей в нижнем положении \n111 P BW FW W01 A R RA t3-8 PA ss(nb; mb) bs(ng; gg)\n311 P BW FW W01 wm t3-5 PA ss nb'),(318,'111 P BW W01 R t4 PA ss nb\n311 P BW W01 wm t4 PA ss nb\nРучная дуговая сварка покрытым электродом t=3-8 мм, газовая сварка t=3-8 мм стальных конструкций  из н/у сталей в нижнем положении \n111 P BW FW W01 A R RA t3-8 PA ss(nb; mb) bs(ng; gg)\n311 P BW FW W01 wm t3-5 PA ss nb'),(321,'111 T BW W01 В t4/t8 D57/D159 H-L045 ss nb\nРучная дуговая сварка покрытым электродом трубопроводов пара и горячей воды, трубопроводов теплосетей, трубных элементов котлов,  трубопроводов водоснабжения и канализации  t=3-16 мм, D>25 мм из н/у  сталей во всех пространственных положениях, кроме сверху-вниз.  \n111 T BW W01 В A R RA RВ t3-16 D>25 H-L045 PA PB PD  PF PC ss(nb; mb) bs(ng; gg) \n'),(322,'111 T BW W01 R t8 D159 PF PC ss nb\nРучная дуговая сварка покрытым электродом внешних сетей водоснабжения и канализации t=3-16 мм, D>76 мм из н/у  сталей во всех пространственных положениях, кроме сверху-вниз.  \n111 T BW W01 A R RA t3-16 D>76 PA PB PD  PF PC ss(nb; mb) bs(ng; gg) \n'),(324,'111 T BW W01 R t8 D159 PF PC ss nb\n311 T BW W01 wm t4 D57 PF PC ss nb\nРучная дуговая сварка покрытым электродом  t=3-16 мм, D>76 мм, газовая сварка t=3-5 мм, D=25-114 мм внешних сетей водоснабжения и канализации из н/у  сталей во всех пространственных положениях, кроме сверху-вниз.  \n111 T BW W01 A  R RA t3-16 D>76 PA PB PD  PF PC ss(nb; mb) bs(ng; gg) \n311 T BW W01 W01 wm t3-5 D25-114 PA PB PD  PF PC ss nb'),(326,'111 P BW W01 R t4 PA ss nb\n311 P BW W01 wm t4 PA ss nb\nРучная дуговая сварка покрытым электродом t=3-8 мм, газовая сварка t=3-8 мм стальных конструкций  из н/у сталей в нижнем положении \n111 P BW FW W01 A R RA t3-8 PA ss(nb; mb) bs(ng; gg)\n311 P BW FW W01 wm t3-5 PA ss nb'),(329,'111 T BW W01 B t2,5/t4/t8 D21/D57/D159 PF PC ss nb\n311 T BW W01 wm t2,5/t4D21/D57 PF PC ss nb\nРучная дуговая сварка покрытым электродом  t=2,5-16 мм, D>21 мм, газовая сварка t=2,5-5 мм, D=21-114 мм газопроводов из н/у  сталей во всех пространственных положениях, кроме сверху-вниз.  \n111 T BW W01 A B R RA RB t2,5-16 D>21 PA PB PD  PF PC ss nb\n311 T BW W01 W01 wm t2,5-5 D21-114 PA PB PD  PF PC ss nb'),(332,'111 T BW W01 R t2,5/t5 D21/D57/D108 PF PC ss nb\nРучная дуговая сварка покрытым электродом газопроводов, стальных конструкций  t=2,5-10 мм, D=21-219 мм из н/у  сталей во всех пространственных положениях, кроме сверху-вниз.  \n111 T BW W01 A R RA t2,5-10 D21-219 PA PB PD  PF PC ss nb\n'),(334,'111 P BW W01 R t8 PЕ ss nb\n311 P BW W01 wm t4 PЕ ss nb\nРучная дуговая сварка покрытым электродом t=3-8 мм, газовая сварка t=3-8 мм стальных конструкций  из н/у сталей во всех пространственных положениях, кроме сверху-вниз\n111 P BW FW W01 A R RA t3-16 PA PB PC  PF PE ss(nb; mb) bs(ng; gg)\n311 P BW FW W01 wm t3-5 PA PB PC  PF PE ss nb'),(337,'111 T BW W01 В t2,5/t5 D21/D40/D89 PF PC ss nb\nРучная дуговая сварка покрытым электродом газопроводов, трубных элементов котлов, трубопроводов пара и горячей воды  t=2,5-10 мм, D=21-159 мм из н/у  сталей во всех пространственных положениях, кроме сверху-вниз.  \n111 T BW W01 A В R RA RВ t2,5-10 D21-159 PA PB  PF PC ss nb\n'),(339,'111 T BW W01 R t2,5/t3 D21/D40 PF PC ss nb\nРучная дуговая сварка покрытым электродом газопроводов  t=2,5-6 мм, D=21-80 мм из н/у  сталей во всех пространственных положениях, кроме сверху-вниз.  \n111 T BW W01 A R RA  t2,5-6 D21-80 PA PB  PF PC ss nb\n'),(341,'111 T BW W01 B t2,5/t3 D21/D40 PF PC ss nb\n311 T BW W01 wm t2,5/t3 D21/D40 PF PC ss nb\nРучная дуговая сварка покрытым электродом  t=2,5-6 мм, D=21-80 мм, газовая сварка t=2,5-5 мм, D=21-80 мм газопроводов из н/у  сталей во всех пространственных положениях, кроме сверху-вниз.  \n111 T BW W01 A R RA  t2,5-6 D21-80 PA PB PD  PF PC ss nb\n311 T BW W01 W01 wm t2,5-5 D21-80 PA PB PD  PF PC ss nb'),(344,'311 T BW W01 wm t2,5/t3 D21/D40 PF PC ss nb\nГазовая сварка газопроводов t=2,5-5 мм, D=21-80 мм  из н/у  сталей во всех пространственных положениях, кроме сверху-вниз.  \n311 T BW W01  wm t2,5-5 D21-80 PA PB PD  PF PC ss nb'),(346,'141/111 Т BW W02 wm/B t4/t14 D57/D159 H-L045 ss nb\nКомбинированная сварка (ВИГ + РДЭ) трубопроводов пара и горячей воды, сосудов, работающих под давлением, трубных элементов котлов, трубопроводов водоснабжения, трубопроводов теплосетей, технологических трубопроводов t>3 мм, D>25 мм из н/у и н/л сталей во всех пространственных положения, кроме сверху - вниз для РДЭ. \n141/111 Т P BW FW W01 W02 wm/B A R RA RB t>3 D>25 PA PB PC PF PE H-L045 ss (nb,mb)  bs(ng, gg)'),(348,'111 T BW W01 В t4/t13 D57/D159 PF PC ss nb\nРучная дуговая сварка покрытым электродом  трубопроводов пара и горячей воды, трубных элементов котлов, сосудов, работающих под давлением, газопроводов, трубопроводов теплосетей и водоснабжения, технологических трубопроводов, металлоконструкций грузоподъемных кранов  t>3 мм, D>25 мм  из н/у  сталей во всех пространственных положениях, кроме сверху-вниз.  \n111 T Р BW FW W01  A B R RA RB   t>3 D>25 PA PB PD PE  PF PC  ss (nb; mb) bs (ng; gg)\n'),(350,'111 T BW W01 B t2,5/t3 D21/D40 PF PC ss nb\n311 T BW W01 wm t2,5/t3 D21/D40 PF PC ss nb\nРучная дуговая сварка покрытым электродом  t=2,5-6 мм, D=21-80 мм, газовая сварка t=2,5-5 мм, D=21-80 мм газопроводов из н/у  сталей во всех пространственных положениях, кроме сверху-вниз.  \n111 T BW W01 A R RA  t2,5-6 D21-80 PA PB PD  PF PC ss nb\n311 T BW W01 W01 wm t2,5-5 D21-80 PA PB PD  PF PC ss nb'),(352,'141/111 Т BW W02 wm/B t4/t14 D57/D159 H-L045 ss nb\nКомбинированная сварка (ВИГ + РДЭ) трубопроводов пара и горячей воды, сосудов, работающих под давлением, трубных элементов котлов, трубопроводов водоснабжения, трубопроводов теплосетей, технологических трубопроводов t>3 мм, D>25 мм из н/у и н/л сталей во всех пространственных положения, кроме сверху - вниз для РДЭ. \n141/111 Т P BW FW W01 W02 wm/B A R RA RB t>3 D>25 PA PB PC PF PE H-L045 ss (nb,mb)  bs(ng, gg)'),(354,'111 T BW W01 В t4/t13 D57/D159 PF PC ss nb\nРучная дуговая сварка покрытым электродом  трубопроводов пара и горячей воды, трубных элементов котлов, сосудов, работающих под давлением, газопроводов, трубопроводов теплосетей и водоснабжения, технологических трубопроводов, металлоконструкций грузоподъемных кранов  t>3 мм, D>25 мм  из н/у  сталей во всех пространственных положениях, кроме сверху-вниз.  \n111 T Р BW FW W01  A B R RA RB   t>3 D>25 PA PB PD PE  PF PC  ss (nb; mb) bs (ng; gg)\n'),(356,'141/111 Т BW W02 wm/B t4/t14 D57/D159 H-L045 ss nb\nКомбинированная сварка (ВИГ + РДЭ) трубопроводов пара и горячей воды, сосудов, работающих под давлением, трубных элементов котлов, трубопроводов водоснабжения, трубопроводов теплосетей, технологических трубопроводов t>3 мм, D>25 мм из н/у и н/л сталей во всех пространственных положения, кроме сверху - вниз для РДЭ. \n141/111 Т P BW FW W01 W02 wm/B A R RA RB t>3 D>25 PA PB PC PF PE H-L045 ss (nb,mb)  bs(ng, gg)'),(358,'111 T BW W01 В t5 D89 PF PC ss nb\n311 T BW W01 wm t4 D57 PF PC ss nb\nРучная дуговая сварка покрытым электродом  t=3-10 мм, D=42-159 мм, газовая сварка t=3-5 мм, D=25-114 мм газопроводовиз н/у  сталей во всех пространственных положениях, кроме сверху-вниз.  \n111 T BW W01 A В R RA RВ t3-10 D42-159 PA PB PD  PF PC ss nb\n311 T BW W01 W01 wm t3-5 D25-114 PA PB PD  PF PC ss nb'),(360,'111 T BW W01 R t5 D89 PF PC ss nb\n311 T BW W01 wm t4 D57 PF PC ss nb\nРучная дуговая сварка покрытым электродом  t=3-10 мм, D=42-159 мм, газовая сварка t=3-5 мм, D=25-114 мм газопроводов, трубопроводов теплосетей, трубопроводов водоснабжения и канализации из н/у  сталей во всех пространственных положениях, кроме сверху-вниз.  \n111 T BW W01 A R RA t3-10 D42-159 PA PB PD  PF PC ss nb\n311 T BW W01 W01 wm t3-5 D25-114 PA PB PD  PF PC ss nb'),(362,'141/111 Т BW W02 wm/B t4/t14 D57/D159 H-L045 ss nb\nКомбинированная сварка (ВИГ + РДЭ) трубопроводов пара и горячей воды, сосудов, работающих под давлением, трубных элементов котлов, трубопроводов водоснабжения, трубопроводов теплосетей, технологических трубопроводов t>3 мм, D>25 мм из н/у и н/л сталей во всех пространственных положения, кроме сверху - вниз для РДЭ. \n141/111 Т P BW FW W01 W02 wm/B A R RA RB t>3 D>25 PA PB PC PF PE H-L045 ss (nb,mb)  bs(ng, gg)'),(364,'141/111 Т BW W02 wm/B t4/t14 D57/D159 H-L045 ss nb\nКомбинированная сварка (ВИГ + РДЭ) трубопроводов пара и горячей воды, сосудов, работающих под давлением, трубных элементов котлов, трубопроводов водоснабжения, трубопроводов теплосетей, технологических трубопроводов t>3 мм, D>25 мм из н/у и н/л сталей во всех пространственных положения, кроме сверху - вниз для РДЭ. \n141/111 Т P BW FW W01 W02 wm/B A R RA RB t>3 D>25 PA PB PC PF PE H-L045 ss (nb,mb)  bs(ng, gg)'),(366,'111 T BW W02 В t4/t5 D40/D89 PF PC ss nb\nРучная дуговая сварка покрытым электродом  трубных элементов котлов, сосудов, работающих под давлением, трубопроводов пара и горячей воды, конструкций стальных строительных t=3-10 мм, D=25-159 мм из н/у и н/л  сталей во всех пространственных положениях, кроме сверху-вниз.  \n111 T BW W01 W02 A В R RA RВ t3-10 D25-159 PA PB PD  PF PC ss nb\n'),(370,'111 T BW W01 R t5 D89 PF PC ss nb\n311 T BW W01 wm t4 D57 PF PC ss nb\nРучная дуговая сварка покрытым электродом  t=3-10 мм, D=42-159 мм, газовая сварка t=3-5 мм, D=25-114 мм газопроводов, трубопроводов теплосетей, трубопроводов водоснабжения и канализации, трубных элементов котлов из н/у  сталей во всех пространственных положениях, кроме сверху-вниз.  \n111 T BW W01 A R RA t3-10 D42-159 PA PB PD  PF PC ss nb\n311 T BW W01 W01 wm t3-5 D25-114 PA PB PD  PF PC ss nb'),(372,'111 Т BW W01 R t4 РЕ ss nb\n311 Т BW W01 wm t4 РЕ ss nb\nРучная дуговая сварка покрытым элетродом, газовая сварка t=3-8 мм конструкций стальных строительных из н/у сталей во всех пространственных положениях\n111 Р BW FW W01 A R RA t3-8 PA PB PD PC PF PE ss(nb; mb) bs(ng; gg)\n311 Р BW FW W01 wm t3-8 PA PB PD PC PF PE  ss(nb; mb) bs(ng; gg)'),(373,'111 Т BW W01 R t6 РА ss nb\n135 Т BW W01 wm t6 РА ss nb\nРучная дуговая сварка покрытым элетродом, дуговая сварка металлическим (плавящимся) электродом в активных газах t=3-12 мм конструкций стальных строительных из н/у сталей в нижнем положении\n111 Р BW FW W01 A R RA t3-12 PA ss(nb; mb) bs(ng; gg)\n135 Р BW FW W01 wm t3-12 PA  ss(nb; mb) bs(ng; gg)'),(375,'141/111 Т BW W02 wm/B t4/t5 D40/D89 PF PC ss nb\nКомбинированная сварка (ВИГ + РДЭ) трубопроводов пара и горячей воды, сосудов, работающих под давлением, трубных элементов котлов, конструкций стальных металлических t=3-10 мм, D=25-159 мм из н/у и н/л сталей во всех пространственных положения, кроме сверху - вниз для РДЭ. \n141/111 Т P BW FW W01 W02 wm/B A R RA RB t3-10 D25-159 PA PB PC PF PE  ss (nb,mb)  bs(ng, gg)'),(377,'111 T BW W01 В t4/t14 D57/D159 PF PC ss nb\nРучная дуговая сварка покрытым электродом  магистральных и промысловых трубопроводов, газопроводов, конструкций стальных строительных, технологических трубопроводов, металлоконструкций грузоподъемных кранов  t>3 мм, D>25 мм  из н/у  сталей во всех пространственных положениях, кроме сверху-вниз.  \n111 T Р BW FW W01  A B R RA RB   t>3 D>25 PA PB PD PE  PF PC  ss (nb; mb) bs (ng; gg)\n'),(379,'141/111 Т BW W02 wm/B t4/t14 D57/D159 H-L045 ss nb\nКомбинированная сварка (ВИГ + РДЭ) трубопроводов пара и горячей воды, сосудов, работающих под давлением, трубных элементов котлов, трубопроводов водоснабжения, трубопроводов теплосетей, технологических трубопроводов t>3 мм, D>25 мм из н/у и н/л сталей во всех пространственных положения, кроме сверху - вниз для РДЭ. \n141/111 Т P BW FW W01 W02 wm/B A R RA RB t>3 D>25 PA PB PC PF PE H-L045 ss (nb,mb)  bs(ng, gg)'),(381,'111 T BW W01 В t4/t14 D57/D159 PF PC ss nb\nРучная дуговая сварка покрытым электродом  магистральных и промысловых трубопроводов, газопроводов, конструкций стальных строительных, технологических трубопроводов, металлоконструкций грузоподъемных кранов  t>3 мм, D>25 мм  из н/у  сталей во всех пространственных положениях, кроме сверху-вниз.  \n111 T Р BW FW W01  A B R RA RB   t>3 D>25 PA PB PD PE  PF PC  ss (nb; mb) bs (ng; gg)\n'),(383,'135 T BW W01 wm t5 D89 PF PC ss nb\n311 T BW W01 wm t4 D57 PF PC ss nb\n Дуговая сварка металлическим (плавящимся) электродом в СО2   t=3-10 мм, D=42-159 мм, газовая сварка t=3-5 мм, D=25-114 мм трубопроводов водоснабжения и канализации, сосудов, работающих под давлением из н/у  сталей во всех пространственных положениях.\n135 T BW W01 wm t3-10 D42-159 PA PB PD  PF PC ss nb\n311 T BW W01  wm t3-5 D25-114 PA PB PD  PF PC ss nb'),(386,'141/111 Т BW W02 wm/B t4/t14 D57/D159 H-L045 ss nb\nКомбинированная сварка (ВИГ + РДЭ) трубопроводов пара и горячей воды, сосудов, работающих под давлением, трубных элементов котлов, трубопроводов водоснабжения, трубопроводов теплосетей, технологических трубопроводов t>3 мм, D>25 мм из н/у и н/л сталей во всех пространственных положения, кроме сверху - вниз для РДЭ. \n141/111 Т P BW FW W01 W02 wm/B A R RA RB t>3 D>25 PA PB PC PF PE H-L045 ss (nb,mb)  bs(ng, gg)'),(388,'111 T BW W01 В t4/t14 D57/D159 PF PC ss nb\nРучная дуговая сварка покрытым электродом  магистральных и промысловых трубопроводов, газопроводов, конструкций стальных строительных, технологических трубопроводов, металлоконструкций грузоподъемных кранов  t>3 мм, D>25 мм  из н/у  сталей во всех пространственных положениях, кроме сверху-вниз.  \n111 T Р BW FW W01  A B R RA RB   t>3 D>25 PA PB PD PE  PF PC  ss (nb; mb) bs (ng; gg)\n'),(390,'111 T BW W01 В t4/t14 D57/D159 PF PC ss nb\nРучная дуговая сварка покрытым электродом  магистральных и промысловых трубопроводов, газопроводов,  технологических трубопроводов t>3 мм, D>25 мм  из н/у и н/л (ГС)  сталей во всех пространственных положениях, кроме сверху-вниз.  \n111 T  BW FW W01  A B R RA RB RС   t>3 D>25 PA PB PD PE PF PC  ss (nb; mb) bs (ng; gg)\n'),(392,'111 T BW W01 В t4/t14 D57/D159 PF PC ss nb\nРучная дуговая сварка покрытым электродом  магистральных и промысловых трубопроводов, газопроводов,  технологических трубопроводов t>3 мм, D>25 мм  из н/у и н/л (ГС)  сталей во всех пространственных положениях, кроме сверху-вниз.  \n111 T  BW FW W01  A B R RA RB RС   t>3 D>25 PA PB PD PE PF PC  ss (nb; mb) bs (ng; gg)\n'),(394,'111 T BW W01 В t4/t14 D57/D159 PF PC ss nb\nРучная дуговая сварка покрытым электродом  магистральных и промысловых трубопроводов, газопроводов,  технологических трубопроводов t>3 мм, D>25 мм  из н/у и н/л (ГС)  сталей во всех пространственных положениях, кроме сверху-вниз.  \n111 T  BW FW W01  A B R RA RB RС   t>3 D>25 PA PB PD PE PF PC  ss (nb; mb) bs (ng; gg)\n'),(396,'111 T BW W01 В t4/t14 D57/D159 PF PC ss nb\nРучная дуговая сварка покрытым электродом  магистральных и промысловых трубопроводов, газопроводов,  технологических трубопроводов t>3 мм, D>25 мм  из н/у и н/л (ГС)  сталей во всех пространственных положениях, кроме сверху-вниз.  \n111 T  BW FW W01  A B R RA RB RС   t>3 D>25 PA PB PD PE PF PC  ss (nb; mb) bs (ng; gg)\n'),(398,'111 T BW W01 В t4/t14 D57/D159 PF PC ss nb\nРучная дуговая сварка покрытым электродом  магистральных и промысловых трубопроводов, газопроводов,  технологических трубопроводов t>3 мм, D>25 мм  из н/у и н/л (ГС)  сталей во всех пространственных положениях, кроме сверху-вниз.  \n111 T  BW FW W01  A B R RA RB RС   t>3 D>25 PA PB PD PE PF PC  ss (nb; mb) bs (ng; gg)\n'),(400,'111 T BW W01 В t4/t14 D57/D159 PF PC ss nb\nРучная дуговая сварка покрытым электродом  магистральных и промысловых трубопроводов, газопроводов,  технологических трубопроводов t>3 мм, D>25 мм  из н/у и н/л (ГС)  сталей во всех пространственных положениях, кроме сверху-вниз.  \n111 T  BW FW W01  A B R RA RB RС   t>3 D>25 PA PB PD PE PF PC  ss (nb; mb) bs (ng; gg)\n'),(402,'111 T BW W01 В t4/t14 D57/D159 PF PC ss nb\nРучная дуговая сварка покрытым электродом  магистральных и промысловых трубопроводов, газопроводов,  технологических трубопроводов t>3 мм, D>25 мм  из н/у и н/л (ГС)  сталей во всех пространственных положениях, кроме сверху-вниз.  \n111 T  BW FW W01  A B R RA RB RС   t>3 D>25 PA PB PD PE PF PC  ss (nb; mb) bs (ng; gg)\n'),(406,'111 T BW W02 В t5 D89 PF PC ss nb\n311 T BW W01 wm t4 D57 PF PC ss nb\nРучная дуговая сварка покрытым электродом  t=3-10 мм, D=42-159 мм, газовая сварка t=3-5 мм, D=25-114 мм трубных элементов котлов, сосудов, работающих под давлением, трубопроводов пара и горячей воды, конструкций стальных строительных из н/у и н/л  сталей во всех пространственных положениях, кроме сверху-вниз.  \n111 T BW FW W02 W01 A В R RA RВ t3-10 D42-159 PA PB PD  PF PC РЕ ss nb\n311 T BW FW W01  wm t3-5 D25-114 PA PB PD  PF PC ss nb'),(407,'111 T BW W01 R t5 D89 PF PC ss nb\n311 T BW W01 wm t4 D57 PF PC ss nb\nРучная дуговая сварка покрытым электродом  t=3-10 мм, D=42-159 мм, газовая сварка t=3-5 мм, D=25-114 мм  трубопроводов водоснабжения и канализации из н/у  сталей во всех пространственных положениях, кроме сверху-вниз.  \n111 T BW FW W01 A R RA t3-10 D42-159 PA PB PD  PF PC ss nb\n311 T BW FW W01 wm t3-5 D25-114 PA PB PD  PF PC ss nb'),(411,'111 T BW W01 В t4/t14 D57/D159 PF PC  ss nb\nРучная дуговая сварка покрытым электродом  трубопроводов теплосетей, конструкций стальных строительных, газопроводов, трубопроводов  водоснабжения, технологических трубопроводов, магистральных и промысловых трубопроводов  t>3 мм, D>25 мм  из н/у  сталей во всех пространственных положениях, кроме сверху-вниз.  \n111 T Р BW FW W01  A B R RA RB   t>3 D>25  PA PB PD PE  PF PC  ss (nb; mb) bs (ng; gg)\n'),(412,'111 T BW W01 В t4/t14 D57/D159 H-L045 ss nb\nРучная дуговая сварка покрытым электродом  трубопроводов пара и горячей воды, конструкций стальных строительных, газопроводов, трубопроводов  водоснабжения, технологических трубопроводов, магистральных и промысловых трубопроводов  t>3 мм, D>25 мм  из н/у  сталей во всех пространственных положениях, кроме сверху-вниз.  \n111 T Р BW FW W01  A B R RA RB   t>3 D>25 H-L045 PA PB PD PE  PF PC  ss (nb; mb) bs (ng; gg)\n'),(414,'111 T BW W01 В t4/t8 D57/D159 PF PC  ss nb\nРучная дуговая сварка покрытым электродом  трубопроводов теплосетей, конструкций стальных строительных, газопроводов,  технологических трубопроводов, магистральных и промысловых трубопроводов  t=3-16 мм, D>25 мм  из н/у  сталей во всех пространственных положениях, кроме сверху-вниз.  \n111 T Р BW FW W01  A B R RA RB   t3-16 D>25  PA PB PD PE  PF PC  ss (nb; mb) bs (ng; gg)\n'),(416,'111 T BW W01 R t5 D89 PF PC ss nb\n311 T BW W01 wm t4 D57 PF PC ss nb\nРучная дуговая сварка покрытым электродом  t=3-10 мм, D=42-159 мм, газовая сварка t=3-5 мм, D=25-114 мм газопроводов, трубопроводов водоснабжения и канализации из н/у  сталей во всех пространственных положениях, кроме сверху-вниз.  \n111 T BW W01 A R RA t3-10 D42-159 PA PB PD  PF PC ss nb\n311 T BW W01 W01 wm t3-5 D25-114 PA PB PD  PF PC ss nb'),(418,'111 T BW W01 В t4/t14 D57/D159 H-L045 ss nb\nРучная дуговая сварка покрытым электродом  трубопроводов пара и горячей воды, конструкций стальных строительных, газопроводов, трубопроводов  водоснабжения, технологических трубопроводов, магистральных и промысловых трубопроводов  t>3 мм, D>25 мм  из н/у  сталей во всех пространственных положениях, кроме сверху-вниз.  \n111 T Р BW FW W01  A B R RA RB   t>3 D>25 H-L045 PA PB PD PE  PF PC  ss (nb; mb) bs (ng; gg)\n'),(420,'111 T BW W01 R t5 D89 PF PC ss nb\n311 T BW W01 wm t4 D57 PF PC ss nb\nРучная дуговая сварка покрытым электродом  t=3-10 мм, D=42-159 мм, газовая сварка t=3-5 мм, D=25-114 мм  трубопроводов водоснабжения и канализации, конструкций стальных строительных из н/у  сталей во всех пространственных положениях, кроме сверху-вниз.  \n111 T BW W01 A R RA t3-10 D42-159 PA PB PD  PF PC ss nb\n311 T BW W01 W01 wm t3-5 D25-114 PA PB PD  PF PC ss nb'),(422,'141/111 Т BW W02 wm/B t4/t14 D57/D159 H-L045 ss nb\nКомбинированная сварка (ВИГ + РДЭ) трубопроводов пара и горячей воды, сосудов, работающих под давлением, трубных элементов котлов, газопроводов, технологических трубопроводов, конструкций стальных строительных t>3 мм, D>25 мм из н/у и н/л сталей во всех пространственных положения, кроме сверху - вниз для РДЭ. \n141/111 Т P BW FW W01 W02 wm/B A R RA RB t>3 D>25 PA PB PC PF PE H-L045 ss (nb,mb)  bs(ng, gg)'),(424,'111 P BW W01 R t6 PA ss nb\nРучная дуговая сварка покрытым элетродом  конструкций стальных строительных t=3-12 мм из н/у сталей в нижнем положении. \n111 P BW FW W01 A R RA t3-12 PA ss(nb; mb) bs(ng; gg)\n'),(426,'141/111 Т BW W02 wm/B t4/t14 D57/D159 H-L045 ss nb\nКомбинированная сварка (ВИГ + РДЭ) трубопроводов пара и горячей воды, сосудов, работающих под давлением, трубных элементов котлов, газопроводов, технологических трубопроводов, конструкций стальных строительных t>3 мм, D>25 мм из н/у и н/л сталей во всех пространственных положения, кроме сверху - вниз для РДЭ. \n141/111 Т P BW FW W01 W02 wm/B A R RA RB t>3 D>25 PA PB PC PF PE H-L045 ss (nb,mb)  bs(ng, gg)'),(428,'141/111 Т BW W02 wm/B t4/t14 D57/D159 H-L045 ss nb\nКомбинированная сварка (ВИГ + РДЭ) трубопроводов пара и горячей воды, сосудов, работающих под давлением, трубных элементов котлов,  технологических трубопроводов, трубопроводов водоснабжения и канализации, трубопроводов теплосетей t>3 мм, D>25 мм из н/у и н/л сталей во всех пространственных положения, кроме сверху - вниз для РДЭ. \n141/111 Т P BW FW W01 W02 wm/B A R RA RB t>3 D>25 PA PB PC PF PE H-L045 ss (nb,mb)  bs(ng, gg)'),(430,'141/111 Т BW W02 wm/B t4/t14 D57/D159 H-L045 ss nb\nКомбинированная сварка (ВИГ + РДЭ) трубопроводов пара и горячей воды, сосудов, работающих под давлением, трубных элементов котлов,  технологических трубопроводов, трубопроводов водоснабжения и канализации, трубопроводов теплосетей t>3 мм, D>25 мм из н/у и н/л сталей во всех пространственных положения, кроме сверху - вниз для РДЭ. \n141/111 Т P BW FW W01 W02 wm/B A R RA RB t>3 D>25 PA PB PC PF PE H-L045 ss (nb,mb)  bs(ng, gg)'),(432,'111 Т BW W02 B t4/t14 D57/D159 H-L045 ss nb\nРучная дуговая сварка покрытым электродом трубопроводов пара и горячей воды, сосудов, работающих под давлением, трубных элементов котлов,  технологических трубопроводов, трубопроводов водоснабжения и канализации, трубопроводов теплосетей t>3 мм, D>25 мм из н/у и н/л сталей во всех пространственных положения, кроме сверху - вниз. \n111 Т P BW FW W01 W02 B A R RA RB t>3 D>25 PA PB PC PF PE H-L045 ss (nb,mb)  bs(ng, gg)'),(435,'141/111 Т BW W02 wm/B t4/t14 D57/D159 H-L045 ss nb\nКомбинированная сварка (ВИГ + РДЭ) трубопроводов пара и горячей воды, сосудов, работающих под давлением, трубных элементов котлов,  технологических трубопроводов, трубопроводов водоснабжения и канализации, трубопроводов теплосетей t>3 мм, D>25 мм из н/у и н/л сталей во всех пространственных положения, кроме сверху - вниз для РДЭ. \n141/111 Т P BW FW W01 W02 wm/B A R RA RB t>3 D>25 PA PB PC PF PE H-L045 ss (nb,mb)  bs(ng, gg)'),(437,'141/111 Т BW W02 wm/B t4/t14 D57/D159 H-L045 ss nb\nКомбинированная сварка (ВИГ + РДЭ) трубопроводов пара и горячей воды, сосудов, работающих под давлением, трубных элементов котлов,  технологических трубопроводов, трубопроводов водоснабжения и канализации, трубопроводов теплосетей t>3 мм, D>25 мм из н/у и н/л сталей во всех пространственных положения, кроме сверху - вниз для РДЭ. \n141/111 Т P BW FW W01 W02 wm/B A R RA RB t>3 D>25 PA PB PC PF PE H-L045 ss (nb,mb)  bs(ng, gg)'),(439,'141/111 Т BW W02 wm/B t4/t14 D57/D159 H-L045 ss nb\nКомбинированная сварка (ВИГ + РДЭ) трубопроводов пара и горячей воды, сосудов, работающих под давлением, трубных элементов котлов,  технологических трубопроводов, трубопроводов водоснабжения и канализации, трубопроводов теплосетей t>3 мм, D>25 мм из н/у и н/л сталей во всех пространственных положения, кроме сверху - вниз для РДЭ. \n141/111 Т P BW FW W01 W02 wm/B A R RA RB t>3 D>25 PA PB PC PF PE H-L045 ss (nb,mb)  bs(ng, gg)'),(441,'141/111 Т BW W02 wm/B t4/t14 D57/D159 H-L045 ss nb\nКомбинированная сварка (ВИГ + РДЭ) трубопроводов пара и горячей воды, сосудов, работающих под давлением, трубных элементов котлов,  технологических трубопроводов, трубопроводов водоснабжения и канализации, трубопроводов теплосетей t>3 мм, D>25 мм из н/у и н/л сталей во всех пространственных положения, кроме сверху - вниз для РДЭ. \n141/111 Т P BW FW W01 W02 wm/B A R RA RB t>3 D>25 PA PB PC PF PE H-L045 ss (nb,mb)  bs(ng, gg)'),(443,'141/111 Т BW W02 wm/B t4/t14 D57/D159 H-L045 ss nb\nКомбинированная сварка (ВИГ + РДЭ) трубопроводов пара и горячей воды, сосудов, работающих под давлением, трубных элементов котлов,  технологических трубопроводов, трубопроводов водоснабжения и канализации, трубопроводов теплосетей t>3 мм, D>25 мм из н/у и н/л сталей во всех пространственных положения, кроме сверху - вниз для РДЭ. \n141/111 Т P BW FW W01 W02 wm/B A R RA RB t>3 D>25 PA PB PC PF PE H-L045 ss (nb,mb)  bs(ng, gg)'),(445,'141/111 Т BW W02 wm/B t4/t14 D57/D159 H-L045 ss nb\nКомбинированная сварка (ВИГ + РДЭ) трубопроводов пара и горячей воды, сосудов, работающих под давлением, трубных элементов котлов,  технологических трубопроводов, трубопроводов водоснабжения и канализации, трубопроводов теплосетей t>3 мм, D>25 мм из н/у и н/л сталей во всех пространственных положения, кроме сверху - вниз для РДЭ. \n141/111 Т P BW FW W01 W02 wm/B A R RA RB t>3 D>25 PA PB PC PF PE H-L045 ss (nb,mb)  bs(ng, gg)'),(447,'141/111 Т BW W02 wm/B t4/t14 D57/D159 H-L045 ss nb\nКомбинированная сварка (ВИГ + РДЭ) трубопроводов пара и горячей воды, сосудов, работающих под давлением, трубных элементов котлов,  технологических трубопроводов, трубопроводов водоснабжения и канализации, трубопроводов теплосетей t>3 мм, D>25 мм из н/у и н/л сталей во всех пространственных положения, кроме сверху - вниз для РДЭ. \n141/111 Т P BW FW W01 W02 wm/B A R RA RB t>3 D>25 PA PB PC PF PE H-L045 ss (nb,mb)  bs(ng, gg)'),(449,'141/111 Т BW W02 wm/B t4/t14 D57/D159 H-L045 ss nb\nКомбинированная сварка (ВИГ + РДЭ) трубопроводов пара и горячей воды, сосудов, работающих под давлением, трубных элементов котлов,  технологических трубопроводов, трубопроводов водоснабжения и канализации, трубопроводов теплосетей t>3 мм, D>25 мм из н/у и н/л сталей во всех пространственных положения, кроме сверху - вниз для РДЭ. \n141/111 Т P BW FW W01 W02 wm/B A R RA RB t>3 D>25 PA PB PC PF PE H-L045 ss (nb,mb)  bs(ng, gg)'),(451,'111 P BW W01 R t6 PA ss nb\nРучная дуговая сварка покрытым элетродом  конструкций стальных строительных t=3-12 мм из н/у сталей в нижнем положении. \n111 P BW FW W01 A R RA t3-12 PA ss(nb; mb) bs(ng; gg)\n'),(453,'111 P BW W01 R t6 PA ss nb\nРучная дуговая сварка покрытым элетродом  конструкций стальных строительных t=3-12 мм из н/у сталей в нижнем положении. \n111 P BW FW W01 A R RA t3-12 PA ss(nb; mb) bs(ng; gg)\n'),(455,'111 T BW W01 В t4/t14 D57/D159 PF PC ss nb\nРучная дуговая сварка покрытым электродом  магистральных и промысловых трубопроводов, газопроводов, конструкций стальных строительных, технологических трубопроводов, трубопроводов теплосетей  t>3 мм, D>25 мм  из н/у  сталей во всех пространственных положениях, кроме сверху-вниз.  \n111 T Р BW FW W01  A B R RA RB   t>3 D>25 PA PB PD PE  PF PC  ss (nb; mb) bs (ng; gg)\n'),(457,'135 T BW W01 wm t5 D89 PF PC ss nb\n311 T BW W01 wm t4 D57 PF PC ss nb\n Дуговая сварка металлическим (плавящимся) электродом в СО2   t=3-10 мм, D=42-159 мм, газовая сварка t=3-5 мм, D=25-114 мм трубопроводов водоснабжения и канализации, сосудов, работающих под давлением, конструкций стальных стоительных из н/у  сталей во всех пространственных положениях.\n135 T BW W01 wm t3-10 D42-159 PA PB PD  PF PC ss nb\n311 T BW W01  wm t3-5 D25-114 PA PB PD  PF PC ss nb'),(460,'111 T BW W01 В t5 D89 PF PC ss nb\n311 T BW W01 wm t4 D57 PF PC ss nb\nРучная дуговая сварка покрытым электродом  t=3-10 мм, D=42-159 мм, газовая сварка t=3-5 мм, D=25-114 мм трубопроводлв водоснабжения и канализации, конструкций стальных строительных, трубопроводов теплосетей, газопроводов из н/у  сталей во всех пространственных положениях, кроме сверху-вниз.  \n111 T BW W01 A В R RA RВ t3-10 D42-159 PA PB PD  PF PC ss(nb; mb) bs(ng; gg) \n311 T BW W01 W01 wm t3-5 D25-114 PA PB PD  PF PC ss nb'),(462,'111 T BW W01 В t4/t14 D57/D159 PF PC ss nb\nРучная дуговая сварка покрытым электродом  магистральных и промысловых трубопроводов, газопроводов,  технологических трубопроводов  t>3 мм, D>25 мм  из н/у  сталей во всех пространственных положениях, кроме сверху-вниз.  \n111 T Р BW FW W01  A B R RA RB   t>3 D>25 PA PB PD PE  PF PC  ss (nb; mb) bs (ng; gg)\n'),(464,'111 T BW W01 В t4/t14 D57/D159 PF PC ss nb\nРучная дуговая сварка покрытым электродом  магистральных и промысловых трубопроводов, газопроводов,  технологических трубопроводов  t>3 мм, D>25 мм  из н/у  сталей во всех пространственных положениях, кроме сверху-вниз.  \n111 T Р BW FW W01  A B R RA RB   t>3 D>25 PA PB PD PE  PF PC  ss (nb; mb) bs (ng; gg)\n'),(466,'111 T BW W01 В t4 D57 PF PC ss nb\n311 T BW W01 wm t4 D57 PF PC ss nb\nРучная дуговая сварка покрытым электродом  t=3-8 мм, D=25-114 мм, газовая сварка t=3-5 мм, D=25-114 мм газопроводов, трубопроводов теплосетей из н/у сталей во всех пространственных положениях, кроме сверху-вниз.  \n111 T BW W01 A В R RA RВ t3-8 D25-114 PA PB PD  PF PC ss nb\n311 T BW W01 W01 wm t3-5 D25-114 PA PB PD  PF PC ss nb'),(468,'111 T BW W01 В t8 8D159 PF PC  ss nb\nРучная дуговая сварка покрытым электродом  газопроводов, технологических трубопроводов, магистральных и промысловых трубопроводов  t=3-16 мм, D>76 мм  из н/у и н/л (ГС)  сталей во всех пространственных положениях, кроме сверху-вниз.  \n111 T Р BW FW W01  A B R RA RB   t3-16 D>76  PA PB PD PE  PF PC  ss (nb; mb) bs (ng; gg)\n'),(470,'311 T BW W01 wm t4 D57 PF PC ss nb\nГазовая сварка газопроводов t=3-5 мм, D=25-114 мм  из н/у  сталей во всех пространственных положениях.  \n311 T BW W01  wm t3-5 D25-114 PA PB PD  PF PC ss nb'),(472,'111 T BW W01 В t4/t8 D57/D159 PF PC ss nb\nРучная дуговая сварка покрытым электродом  магистральных и промысловых трубопроводов, газопроводов t=3-16 мм, D>25 мм  из н/у и н/л (ГС)  сталей во всех пространственных положениях, кроме сверху-вниз.  \n111 T  BW FW W01  A B R RA RB RС   t3-16 D>25 PA PB PD PE PF PC  ss (nb; mb) bs (ng; gg)\n'),(474,'111 T BW W01 В t4/t14 D57/D159 PF PC  ss nb\nРучная дуговая сварка покрытым электродом  трубопроводов пара и горячей воды, конструкций стальных строительных, газопроводов,  технологических трубопроводов, магистральных и промысловых трубопроводов, трубных элементов котлов, сосудов, работающих под давлением  t>3 мм, D>25 мм  из н/у и н/л (ГС)  сталей во всех пространственных положениях, кроме сверху-вниз.  \n111 T Р BW FW W01  A B R RA RB RС   t>3 D>25  PA PB PD PE  PF PC  ss (nb; mb) bs (ng; gg)\n'),(476,'111 T BW W01 В t4/t14 D57/D159 PF PC  ss nb\nРучная дуговая сварка покрытым электродом  трубопроводов пара и горячей воды, конструкций стальных строительных, газопроводов,  технологических трубопроводов, магистральных и промысловых трубопроводов, трубных элементов котлов, сосудов, работающих под давлением  t>3 мм, D>25 мм  из н/у и н/л (ГС)  сталей во всех пространственных положениях, кроме сверху-вниз.  \n111 T Р BW FW W01  A B R RA RB RС   t>3 D>25  PA PB PD PE  PF PC  ss (nb; mb) bs (ng; gg)\n'),(478,'111 T BW W01 В t4/t14 D57/D159 PF PC  ss nb\nРучная дуговая сварка покрытым электродом  трубопроводов пара и горячей воды, конструкций стальных строительных, газопроводов,  технологических трубопроводов, магистральных и промысловых трубопроводов, трубных элементов котлов, сосудов, работающих под давлением  t>3 мм, D>25 мм  из н/у и н/л (ГС)  сталей во всех пространственных положениях, кроме сверху-вниз.  \n111 T Р BW FW W01  A B R RA RB RС   t>3 D>25  PA PB PD PE  PF PC  ss (nb; mb) bs (ng; gg)\n'),(480,'111 T BW W01 В t4/t14 D57/D159 PF PC  ss nb\nРучная дуговая сварка покрытым электродом  трубопроводов пара и горячей воды, конструкций стальных строительных, газопроводов,  технологических трубопроводов, магистральных и промысловых трубопроводов, трубных элементов котлов, сосудов, работающих под давлением  t>3 мм, D>25 мм  из н/у и н/л (ГС)  сталей во всех пространственных положениях, кроме сверху-вниз.  \n111 T Р BW FW W01  A B R RA RB RС   t>3 D>25  PA PB PD PE  PF PC  ss (nb; mb) bs (ng; gg)\n'),(482,'111 T BW W01 В t4/t14 D57/D159 PF PC  ss nb\nРучная дуговая сварка покрытым электродом  трубопроводов пара и горячей воды, конструкций стальных строительных, газопроводов,  технологических трубопроводов, магистральных и промысловых трубопроводов, трубных элементов котлов, сосудов, работающих под давлением  t>3 мм, D>25 мм  из н/у и н/л (ГС)  сталей во всех пространственных положениях, кроме сверху-вниз.  \n111 T Р BW FW W01  A B R RA RB RС   t>3 D>25  PA PB PD PE  PF PC  ss (nb; mb) bs (ng; gg)\n'),(484,'111 T BW W01 R t5 D89 PF PC ss nb\n311 T BW W01 wm t4 D57 PF PC ss nb\nРучная дуговая сварка покрытым электродом  t=3-10 мм, D=42-159 мм, газовая сварка t=3-5 мм, D=25-114 мм трубопроводов водоснабжения и канализации из н/у  сталей во всех пространственных положениях, кроме сверху-вниз.  \n111 T BW W01 A R RA t3-10 D42-159 PA PB PD  PF PC ss nb \n311 T BW W01 W01 wm t3-5 D25-114 PA PB PD  PF PC ss nb'),(486,'111 T BW W01 R t5 D89 PF PC ss nb\n311 T BW W01 wm t4 D57 PF PC ss nb\nРучная дуговая сварка покрытым электродом  t=3-10 мм, D=42-159 мм, газовая сварка t=3-5 мм, D=25-114 мм трубопроводов водоснабжения и канализации из н/у  сталей во всех пространственных положениях, кроме сверху-вниз.  \n111 T BW W01 A R RA t3-10 D42-159 PA PB PD  PF PC ss nb \n311 T BW W01 W01 wm t3-5 D25-114 PA PB PD  PF PC ss nb'),(488,'111 T BW W01 R t5 D89 PF PC ss nb\n311 T BW W01 wm t4 D57 PF PC ss nb\nРучная дуговая сварка покрытым электродом  t=3-10 мм, D=42-159 мм, газовая сварка t=3-5 мм, D=25-114 мм трубопроводов водоснабжения и канализации из н/у  сталей во всех пространственных положениях, кроме сверху-вниз.  \n111 T BW W01 A R RA t3-10 D42-159 PA PB PD  PF PC ss nb \n311 T BW W01 W01 wm t3-5 D25-114 PA PB PD  PF PC ss nb'),(490,'111 T BW W01 R t5 D89 PF PC ss nb\n311 T BW W01 wm t4 D57 PF PC ss nb\nРучная дуговая сварка покрытым электродом  t=3-10 мм, D=42-159 мм, газовая сварка t=3-5 мм, D=25-114 мм трубопроводов водоснабжения и канализации из н/у  сталей во всех пространственных положениях, кроме сверху-вниз.  \n111 T BW W01 A R RA t3-10 D42-159 PA PB PD  PF PC ss nb \n311 T BW W01 W01 wm t3-5 D25-114 PA PB PD  PF PC ss nb'),(492,'111 T BW W01 R t5 D89 PF PC ss nb\n311 T BW W01 wm t4 D57 PF PC ss nb\nРучная дуговая сварка покрытым электродом  t=3-10 мм, D=42-159 мм, газовая сварка t=3-5 мм, D=25-114 мм трубопроводов водоснабжения и канализации из н/у  сталей во всех пространственных положениях, кроме сверху-вниз.  \n111 T BW W01 A R RA t3-10 D42-159 PA PB PD  PF PC ss nb \n311 T BW W01 W01 wm t3-5 D25-114 PA PB PD  PF PC ss nb'),(494,'111 T BW W01 R t5 D89 PF PC ss nb\n311 T BW W01 wm t4 D57 PF PC ss nb\nРучная дуговая сварка покрытым электродом  t=3-10 мм, D=42-159 мм, газовая сварка t=3-5 мм, D=25-114 мм трубопроводов водоснабжения и канализации из н/у  сталей во всех пространственных положениях, кроме сверху-вниз.  \n111 T BW W01 A R RA t3-10 D42-159 PA PB PD  PF PC ss nb \n311 T BW W01 W01 wm t3-5 D25-114 PA PB PD  PF PC ss nb'),(496,'111 T BW W01 R t8 D159 PF PC ss nb\n311 T BW W01 wm t4 D57 PF PC ss nb\nРучная дуговая сварка покрытым электродом  t=3-16 мм, D>76 мм, газовая сварка t=3-5 мм, D=25-114 мм внешних сетей водоснабжения и канализации из н/у  сталей во всех пространственных положениях, кроме сверху-вниз.  \n111 T BW W01 A  R RA t3-16 D>76 PA PB PD  PF PC ss(nb; mb) bs(ng; gg) \n311 T BW W01 W01 wm t3-5 D25-114 PA PB PD  PF PC ss nb'),(499,'111 T BW W01 R t8 D159 PF PC ss nb\n311 T BW W01 wm t4 D57 PF PC ss nb\nРучная дуговая сварка покрытым электродом  t=3-10 мм, D>76 мм, газовая сварка t=3-5 мм, D=25-114 мм внешних сетей водоснабжения и канализации из н/у  сталей во всех пространственных положениях, кроме сверху-вниз.  \n111 T BW W01 A  R RA t3-10 D>76 PA PB PD  PF PC ss(nb; mb) bs(ng; gg) \n311 T BW W01 W01 wm t3-5 D25-114 PA PB PD  PF PC ss nb'),(501,'111 T BW W01 R t5 D159 PF PC ss nb\n311 T BW W01 wm t4 D57 PF PC ss nb\nРучная дуговая сварка покрытым электродом  t=3-10 мм, D>76 мм, газовая сварка t=3-5 мм, D=25-114 мм внешних сетей водоснабжения и канализации из н/у  сталей во всех пространственных положениях, кроме сверху-вниз.  \n111 T BW W01 A  R RA t3-10 D>76 PA PB PD  PF PC ss(nb; mb) bs(ng; gg) \n311 T BW W01 W01 wm t3-5 D25-114 PA PB PD  PF PC ss nb'),(503,'111 T BW W01 В t4/t14 D57/D159 PF PC ss nb\nРучная дуговая сварка покрытым электродом  магистральных и промысловых трубопроводов, технологических трубопроводов  t>3 мм, D>25 мм  из н/у и н/л (ГС)  сталей во всех пространственных положениях, кроме сверху-вниз.  \n111 T Р BW FW W01  A B R RA RB   t>3 D>25 PA PB PD PE  PF PC  ss (nb; mb) bs (ng; gg)\n'),(505,'111 T BW W01 R t5 D159 PF PC ss nb\n311 T BW W01 wm t4 D57 PF PC ss nb\nРучная дуговая сварка покрытым электродом  t=3-10 мм, D>76 мм, газовая сварка t=3-5 мм, D=25-114 мм внешних сетей водоснабжения и канализации из н/у  сталей во всех пространственных положениях, кроме сверху-вниз.  \n111 T BW W01 A  R RA t3-10 D>76 PA PB PD  PF PC ss(nb; mb) bs(ng; gg) \n311 T BW W01 W01 wm t3-5 D25-114 PA PB PD  PF PC ss nb'),(507,'111 T BW W01 В t4/ t5 D57/D89 PF PC ss nb\n311 T BW W01 wm t4 D57 PF PC ss nb\nРучная дуговая сварка покрытым электродом  t=3-10 мм, D=42-159 мм, газовая сварка t=3-5 мм, D=25-89 мм магистральных и промысловых трубопроводов, газопроводов из н/у и н/л (ГС)  сталей во всех пространственных положениях, кроме сверху-вниз.  \n111 T BW W01 A В R RA RВ t3-10 D42-159 PA PB PD  PF PC ss nb \n311 T BW W01 W01 wm t3-5 D25-89 PA PB PD  PF PC ss nb'),(509,'111 T BW W01 R t5 D159 PF PC ss nb\n311 T BW W01 wm t4 D57 PF PC ss nb\nРучная дуговая сварка покрытым электродом  t=3-10 мм, D>76 мм, газовая сварка t=3-5 мм, D=25-114 мм внешних сетей водоснабжения и канализации из н/у  сталей во всех пространственных положениях, кроме сверху-вниз.  \n111 T BW W01 A  R RA t3-10 D>76 PA PB PD  PF PC ss(nb; mb) bs(ng; gg) \n311 T BW W01 W01 wm t3-5 D25-114 PA PB PD  PF PC ss nb'),(511,'111 T BW W01 R t5 D159 PF PC ss nb\n311 T BW W01 wm t4 D57 PF PC ss nb\nРучная дуговая сварка покрытым электродом  t=3-10 мм, D>76 мм, газовая сварка t=3-5 мм, D=25-114 мм внешних сетей водоснабжения и канализации из н/у  сталей во всех пространственных положениях, кроме сверху-вниз.  \n111 T BW W01 A  R RA t3-10 D>76 PA PB PD  PF PC ss(nb; mb) bs(ng; gg) \n311 T BW W01 W01 wm t3-5 D25-114 PA PB PD  PF PC ss nb'),(513,'111 T BW W01 R t5 D159 PF PC ss nb\n311 T BW W01 wm t4 D57 PF PC ss nb\nРучная дуговая сварка покрытым электродом  t=3-10 мм, D>76 мм, газовая сварка t=3-5 мм, D=25-114 мм внешних сетей водоснабжения и канализации из н/у  сталей во всех пространственных положениях, кроме сверху-вниз.  \n111 T BW W01 A  R RA t3-10 D>76 PA PB PD  PF PC ss(nb; mb) bs(ng; gg) \n311 T BW W01 W01 wm t3-5 D25-114 PA PB PD  PF PC ss nb'),(515,'111 T BW W01 R t5 D159 PF PC ss nb\n311 T BW W01 wm t4 D57 PF PC ss nb\nРучная дуговая сварка покрытым электродом  t=3-10 мм, D>76 мм, газовая сварка t=3-5 мм, D=25-114 мм внешних сетей водоснабжения и канализации из н/у  сталей во всех пространственных положениях, кроме сверху-вниз.  \n111 T BW W01 A  R RA t3-10 D>76 PA PB PD  PF PC ss(nb; mb) bs(ng; gg) \n311 T BW W01 W01 wm t3-5 D25-114 PA PB PD  PF PC ss nb'),(517,'111 T BW W01 R t5 D89 PF PC ss nb\n311 T BW W01 wm t4 D57 PF PC ss nb\nРучная дуговая сварка покрытым электродом  t=3-10 мм, D=42-159 мм, газовая сварка t=3-5 мм, D=25-114 мм трубопроводов водоснабжения и канализации из н/у  сталей во всех пространственных положениях, кроме сверху-вниз.  \n111 T BW W01 A R RA t3-10 D42-159 PA PB PD  PF PC ss nb \n311 T BW W01 W01 wm t3-5 D25-114 PA PB PD  PF PC ss nb'),(520,'111 T BW W01 R t5 D89 PF PC ss nb\n311 T BW W01 wm t4 D57 PF PC ss nb\nРучная дуговая сварка покрытым электродом  t=3-10 мм, D=42-159 мм, газовая сварка t=3-5 мм, D=25-114 мм трубопроводов водоснабжения и канализации из н/у  сталей во всех пространственных положениях, кроме сверху-вниз.  \n111 T BW W01 A R RA t3-10 D42-159 PA PB PD  PF PC ss nb \n311 T BW W01 W01 wm t3-5 D25-114 PA PB PD  PF PC ss nb'),(522,'111 T BW W01 R t5 D89 PF PC ss nb\n311 T BW W01 wm t4 D57 PF PC ss nb\nРучная дуговая сварка покрытым электродом  t=3-10 мм, D=42-159 мм, газовая сварка t=3-5 мм, D=25-114 мм трубопроводов водоснабжения и канализации из н/у  сталей во всех пространственных положениях, кроме сверху-вниз.  \n111 T BW W01 A R RA t3-10 D42-159 PA PB PD  PF PC ss nb \n311 T BW W01 W01 wm t3-5 D25-114 PA PB PD  PF PC ss nb'),(524,'111 T BW W01 В t4/t14 D57/D159 PF PC ss nb\nРучная дуговая сварка покрытым электродом  магистральных и промысловых трубопроводов   t>3 мм, D>25 мм  из н/у и н/л (ГС)  сталей во всех пространственных положениях, кроме сверху-вниз.  \n111 T Р BW FW W01  A B R RA RB   t>3 D>25 PA PB PD PE  PF PC  ss (nb; mb) bs (ng; gg)\n'),(526,'111 T BW W02 В t14 D159 H-L045 ss nb\nРучная дуговая сварка покрытым электродом трубопроводов пара и горячей воды, сосудов, работающих под давлением, трубных элементов котлов,  газопроводов, технологических трубопроводов, конструкций стальных строительных  t>5 мм, D>76 мм из н/у и н/л  сталей во всех пространственных положениях, кроме сверху-вниз.  \n111 T BW W02 W01 В A R RA RВ  t>5 D>76 H-L045 PA PB PD  PF PC ss(nb; mb) bs(ng; gg) \n'),(528,'135 T BW W01 wm t14 D159 H-L045 ss nb\n Дуговая сварка металлическим(плавящимся) эдектродом в активных газах трубопроводов пара и горячей воды, сосудов, работающих под давлением, трубных элементов котлов,  газопроводов, технологических трубопроводов, конструкций стальных строительных  t>5 мм, D>76 мм из н/у    сталей во всех пространственных положениях.  \n135 T BW 1 W01 wm  t>5 D>76 H-L045 PA PB PD  PF PC ss(nb; mb) bs(ng; gg) \n'),(530,'135 T BW W01 wm t14 D159 H-L045 ss nb\nДуговая сварка металлическим (плавящимся) эдектродом в активных газах  трубных элементов котлов,  газопроводов, технологических трубопроводов, конструкций стальных строительных, трубопроводов водоснабжения и канализации  t>5 мм, D>76 мм из н/у    сталей во всех пространственных положениях.  \n135 T BW W01 wm  t>5 D>76 H-L045 PA PB PD  PF PC ss(nb; mb) bs(ng; gg) \n'),(532,'135 T BW W01 wm t14 D159 H-L045 ss nb\nДуговая сварка металлическим (плавящимся) эдектродом в активных газах трубопроводов пара и горячей воды, сосудов, работающих под давлением, трубных элементов котлов,  газопроводов, технологических трубопроводов, конструкций стальных строительных  t>5 мм, D>76 мм из н/у    сталей во всех пространственных положениях.  \n135 T BW  W01 wm  t>5 D>76 H-L045 PA PB PD  PF PC ss(nb; mb) bs(ng; gg) \n'),(534,'135 T BW W01 wm t14 D159 H-L045 ss nb\nДуговая сварка металлическим (плавящимся) эдектродом в активных газах  трубных элементов котлов, технологических трубопроводов, конструкций стальных строительных, трубопроводов водоснабжения и канализации  t>5 мм, D>76 мм из н/у    сталей во всех пространственных положениях.  \n135 T BW W01 wm  t>5 D>76 H-L045 PA PB PD  PF PC ss(nb; mb) bs(ng; gg) \n'),(536,'111 T BW W02 В t14 D159 H-L045 ss nb\nРучная дуговая сварка покрытым электродом трубопроводов пара и горячей воды, сосудов, работающих под давлением, трубных элементов котлов,  газопроводов, технологических трубопроводов, конструкций стальных строительных  t>5 мм, D>76 мм из н/у и н/л  сталей во всех пространственных положениях, кроме сверху-вниз.  \n111 T BW W02 W01 В A R RA RВ  t>5 D>76 H-L045 PA PB PD  PF PC ss(nb; mb) bs(ng; gg) \n'),(538,'135 T BW W01 wm t14 D159 H-L045 ss nb\nДуговая сварка металлическим (плавящимся) эдектродом в активных газах  трубных элементов котлов, технологических трубопроводов, конструкций стальных строительных, трубопроводов водоснабжения и канализации  t>5 мм, D>76 мм из н/у    сталей во всех пространственных положениях.  \n135 T BW W01 wm  t>5 D>76 H-L045 PA PB PD  PF PC ss(nb; mb) bs(ng; gg) \n'),(540,'111 T BW W02 В t14 D159 H-L045 ss nb\nРучная дуговая сварка покрытым электродом трубопроводов пара и горячей воды, сосудов, работающих под давлением, трубных элементов котлов,  газопроводов, технологических трубопроводов, конструкций стальных строительных  t>5 мм, D>76 мм из н/у и н/л  сталей во всех пространственных положениях, кроме сверху-вниз.  \n111 T BW W02 W01 В A R RA RВ  t>5 D>76 H-L045 PA PB PD  PF PC ss(nb; mb) bs(ng; gg) \n'),(542,'135 T BW W01 wm t14 D159 H-L045 ss nb\nДуговая сварка металлическим (плавящимся) эдектродом в активных газах  трубных элементов котлов, технологических трубопроводов, конструкций стальных строительных, трубопроводов водоснабжения и канализации  t>5 мм, D>76 мм из н/у    сталей во всех пространственных положениях.  \n135 T BW W01 wm  t>5 D>76 H-L045 PA PB PD  PF PC ss(nb; mb) bs(ng; gg) \n'),(544,'111 T BW W02 В t14 D159 H-L045 ss nb\nРучная дуговая сварка покрытым электродом трубопроводов пара и горячей воды, сосудов, работающих под давлением, трубных элементов котлов,  газопроводов, технологических трубопроводов, конструкций стальных строительных  t>5 мм, D>76 мм из н/у и н/л  сталей во всех пространственных положениях, кроме сверху-вниз.  \n111 T BW W02 W01 В A R RA RВ  t>5 D>76 H-L045 PA PB PD  PF PC ss(nb; mb) bs(ng; gg) \n'),(546,'111 T BW W02 В t14 D159 H-L045 ss nb\nРучная дуговая сварка покрытым электродом трубопроводов пара и горячей воды, сосудов, работающих под давлением, трубных элементов котлов,  газопроводов, технологических трубопроводов, конструкций стальных строительных  t>5 мм, D>76 мм из н/у и н/л  сталей во всех пространственных положениях, кроме сверху-вниз.  \n111 T BW W02 W01 В A R RA RВ  t>5 D>76 H-L045 PA PB PD  PF PC ss(nb; mb) bs(ng; gg) \n'),(548,'111 P BW W01 R t6 PA ss nb\nРучная дуговая сварка покрытым элетродом  конструкций стальных стоительных t=3-12 мм из н/у сталей в нижнем положении \n111 P BW FW W01 A R RA t3-12 PA ss(nb; mb) bs(ng; gg)\n'),(550,'111 T BW W01 R t5 D89 PF PC ss nb\nРучная дуговая сварка покрытым электродом газопроводов t=3-10 мм, D=42-159 мм из н/у  сталей во всех пространственных положениях, кроме сверху-вниз.  \n111 T BW W01 A  R RA  t3-10 D42-159 PA PB PD  PF PC ss nb\n'),(552,'111 T BW W01 R t5 D89 PF PC ss nb\n311 T BW W01 wm t4 D57 PF PC ss nb\nРучная дуговая сварка покрытым электродом  t=3-10 мм, D=42-159 мм, газовая сварка t=3-5 мм, D=25-114 мм газопроводов из н/у  сталей во всех пространственных положениях, кроме сверху-вниз.  \n111 T BW W01 A  R RA  t3-10 D42-159 PA PB PD  PF PC ss nb\n311 T BW W01 W01 wm t3-5 D25-114 PA PB PD  PF PC ss nb'),(555,'111 T BW W01 В t4/t14 D57/D159 H-L045 ss nb\nРучная дуговая сварка покрытым электродом  трубопроводов пара и горячей воды, трубных элементов котлов, сосудов, работающих под давлением, газопроводов, трубопроводов теплосетей и водоснабжения, технологических трубопроводов, металлоконструкций грузоподъемных кранов  t>3 мм, D>25 мм  из н/у  сталей во всех пространственных положениях, кроме сверху-вниз.  \n111 T Р BW FW W01  A B R RA RB   t>3 D>25 H-L045 PA PB PD PE  PF PC  ss (nb; mb) bs (ng; gg)\n'),(557,'111 T BW W01 В t5 D89 PF PC ss nb\n311 T BW W01 wm t4 D57 PF PC ss nb\nРучная дуговая сварка покрытым электродом  t=3-10 мм, D=42-159 мм, газовая сварка t=3-5 мм, D=25-114 мм трубопроводов теплосетей, трубоповодов пара и горячей воды  из н/у  сталей во всех пространственных положениях, кроме сверху-вниз.  \n111 T BW W01 A В R RA RВ t3-10 D42-159 PA PB PD  PF PC ss(nb; mb) bs(ng; gg) \n311 T BW W01 W01 wm t3-5 D25-114 PA PB PD  PF PC ss nb'),(559,'111 T BW W01 В t5 D89 PF PC ss nb\n311 T BW W01 wm t4 D57 PF PC ss nb\nРучная дуговая сварка покрытым электродом  t=3-10 мм, D=42-159 мм, газовая сварка t=3-5 мм, D=25-114 мм трубопроводов теплосетей, трубоповодов пара и горячей воды  из н/у  сталей во всех пространственных положениях, кроме сверху-вниз.  \n111 T BW W01 A В R RA RВ t3-10 D42-159 PA PB PD  PF PC ss(nb; mb) bs(ng; gg) \n311 T BW W01 W01 wm t3-5 D25-114 PA PB PD  PF PC ss nb'),(561,'111 T BW W01 В t5 D89 PF PC ss nb\n311 T BW W01 wm t4 D57 PF PC ss nb\nРучная дуговая сварка покрытым электродом  t=3-10 мм, D=42-159 мм, газовая сварка t=3-5 мм, D=25-114 мм трубопроводов теплосетей, трубоповодов пара и горячей воды  из н/у  сталей во всех пространственных положениях, кроме сверху-вниз.  \n111 T BW W01 A В R RA RВ t3-10 D42-159 PA PB PD  PF PC ss(nb; mb) bs(ng; gg) \n311 T BW W01 W01 wm t3-5 D25-114 PA PB PD  PF PC ss nb'),(563,'111 T BW W01 В t5 D89 PF PC ss nb\n311 T BW W01 wm t4 D57 PF PC ss nb\nРучная дуговая сварка покрытым электродом  t=3-10 мм, D=42-159 мм, газовая сварка t=3-5 мм, D=25-114 мм трубопроводов теплосетей, трубоповодов пара и горячей воды  из н/у  сталей во всех пространственных положениях, кроме сверху-вниз.  \n111 T BW W01 A В R RA RВ t3-10 D42-159 PA PB PD  PF PC ss(nb; mb) bs(ng; gg) \n311 T BW W01 W01 wm t3-5 D25-114 PA PB PD  PF PC ss nb'),(565,'111 T BW W01 В t5 D89 PF PC ss nb\n311 T BW W01 wm t4 D57 PF PC ss nb\nРучная дуговая сварка покрытым электродом  t=3-10 мм, D=42-159 мм, газовая сварка t=3-5 мм, D=25-114 мм трубопроводов теплосетей, трубоповодов пара и горячей воды  из н/у  сталей во всех пространственных положениях, кроме сверху-вниз.  \n111 T BW W01 A В R RA RВ t3-10 D42-159 PA PB PD  PF PC ss(nb; mb) bs(ng; gg) \n311 T BW W01 W01 wm t3-5 D25-114 PA PB PD  PF PC ss nb'),(567,'111 T BW W01 В t5 D89 PF PC ss nb\n311 T BW W01 wm t4 D57 PF PC ss nb\nРучная дуговая сварка покрытым электродом  t=3-10 мм, D=42-159 мм, газовая сварка t=3-5 мм, D=25-114 мм трубопроводов теплосетей, трубоповодов пара и горячей воды  из н/у  сталей во всех пространственных положениях, кроме сверху-вниз.  \n111 T BW W01 A В R RA RВ t3-10 D42-159 PA PB PD  PF PC ss(nb; mb) bs(ng; gg) \n311 T BW W01 W01 wm t3-5 D25-114 PA PB PD  PF PC ss nb'),(569,'111 T BW W01 В t5 D89 PF PC ss nb\n311 T BW W01 wm t4 D57 PF PC ss nb\nРучная дуговая сварка покрытым электродом  t=3-10 мм, D=42-159 мм, газовая сварка t=3-5 мм, D=25-114 мм трубопроводов теплосетей, трубоповодов пара и горячей воды  из н/у  сталей во всех пространственных положениях, кроме сверху-вниз.  \n111 T BW W01 A В R RA RВ t3-10 D42-159 PA PB PD  PF PC ss(nb; mb) bs(ng; gg) \n311 T BW W01 W01 wm t3-5 D25-114 PA PB PD  PF PC ss nb'),(571,'111 T BW W01 В t5 D89 PF PC ss nb\n311 T BW W01 wm t4 D57 PF PC ss nb\nРучная дуговая сварка покрытым электродом  t=3-10 мм, D=42-159 мм, газовая сварка t=3-5 мм, D=25-114 мм трубопроводов теплосетей, трубоповодов пара и горячей воды  из н/у  сталей во всех пространственных положениях, кроме сверху-вниз.  \n111 T BW W01 A В R RA RВ t3-10 D42-159 PA PB PD  PF PC ss(nb; mb) bs(ng; gg) \n311 T BW W01 W01 wm t3-5 D25-114 PA PB PD  PF PC ss nb'),(573,'111 T BW W01 В t5 D89 PF PC ss nb\n311 T BW W01 wm t4 D57 PF PC ss nb\nРучная дуговая сварка покрытым электродом  t=3-10 мм, D=42-159 мм, газовая сварка t=3-5 мм, D=25-114 мм трубопроводов теплосетей, трубоповодов пара и горячей воды  из н/у  сталей во всех пространственных положениях, кроме сверху-вниз.  \n111 T BW W01 A В R RA RВ t3-10 D42-159 PA PB PD  PF PC ss(nb; mb) bs(ng; gg) \n311 T BW W01 W01 wm t3-5 D25-114 PA PB PD  PF PC ss nb'),(575,'111 T BW W01 В t5 D89 PF PC ss nb\n311 T BW W01 wm t4 D57 PF PC ss nb\nРучная дуговая сварка покрытым электродом  t=3-10 мм, D=42-159 мм, газовая сварка t=3-5 мм, D=25-114 мм трубопроводов теплосетей, трубоповодов пара и горячей воды  из н/у  сталей во всех пространственных положениях, кроме сверху-вниз.  \n111 T BW W01 A В R RA RВ t3-10 D42-159 PA PB PD  PF PC ss(nb; mb) bs(ng; gg) \n311 T BW W01 W01 wm t3-5 D25-114 PA PB PD  PF PC ss nb'),(577,'111 T BW W01 В t5 D89 PF PC ss nb\n311 T BW W01 wm t4 D57 PF PC ss nb\nРучная дуговая сварка покрытым электродом  t=3-10 мм, D=42-159 мм, газовая сварка t=3-5 мм, D=25-114 мм трубопроводов теплосетей, трубоповодов пара и горячей воды, газопроводов, трубных элементов котлов  из н/у  сталей во всех пространственных положениях, кроме сверху-вниз.  \n111 T BW W01 A В R RA RВ t3-10 D42-159 PA PB PD  PF PC ss(nb; mb) bs(ng; gg) \n311 T BW W01 W01 wm t3-5 D25-114 PA PB PD  PF PC ss nb'),(579,'111 T BW W01 В t5 D89 PF PC ss nb\n311 T BW W01 wm t4 D57 PF PC ss nb\nРучная дуговая сварка покрытым электродом  t=3-10 мм, D=42-159 мм, газовая сварка t=3-5 мм, D=25-114 мм трубопроводов теплосетей, трубоповодов пара и горячей воды, газопроводов, трубных элементов котлов  из н/у  сталей во всех пространственных положениях, кроме сверху-вниз.  \n111 T BW W01 A В R RA RВ t3-10 D42-159 PA PB PD  PF PC ss(nb; mb) bs(ng; gg) \n311 T BW W01 W01 wm t3-5 D25-114 PA PB PD  PF PC ss nb'),(581,'111 P BW W01 R t6 PA ss nb\n135 P BW W01 wm t6 PA ss nb\nРучная дуговая сварка покрытым элетродом, дуговая сварка металлическим (плавящимся) электродом в среде активных газов конструкций стальных строительных t=3-12 мм из н/у сталей в нижнем положении. \n111 P BW FW W01 A R RA t3-12 PA ss(nb; mb) bs(ng; gg)\n135 P BW W01 wm t6 PA ss(nb; mb) bs(ng; gg)\n'),(583,'111 T BW W01 В t5 D89 PF PC ss nb\n311 T BW W01 wm t4 D57 PF PC ss nb\nРучная дуговая сварка покрытым электродом  t=3-10 мм, D=42-159 мм, газовая сварка t=3-5 мм, D=25-114 мм трубопроводов теплосетей, трубоповодов пара и горячей воды, трубных элементов котлов, газопроводов  из н/у  сталей во всех пространственных положениях, кроме сверху-вниз.  \n111 T BW W01 A В R RA RВ t3-10 D42-159 PA PB PD  PF PC ss(nb; mb) bs(ng; gg) \n311 T BW W01 W01 wm t3-5 D25-114 PA PB PD  PF PC ss nb'),(585,'141/111 Т BW W02 wm/B t4/t14 D57/D159 H-L045 ss nb\nКомбинированная сварка (ВИГ + РДЭ) трубопроводов пара и горячей воды, сосудов, работающих под давлением, трубных элементов котлов, трубопроводов теплосетей, технологических трубопроводов, газопроводов, магистральных и промысловых трубопроводов, конструкций стальных строительных t>3 мм, D>25 мм из н/у и н/л сталей во всех пространственных положения, кроме сверху - вниз для РДЭ. \n141/111 Т P BW FW W01 W02 wm/B A R RA RB t>3 D>25 PA PB PC PF PE H-L045 ss (nb,mb)  bs(ng, gg)'),(587,'111 T BW W01 R t6 D108 PF PC ss nb\n311 T BW W01 wm t4 D57 PF PC ss nb\nРучная дуговая сварка покрытым электродом  t=3-12 мм, D=57-219 мм, газовая сварка t=3-5 мм, D=25-114 мм газопроводов  из н/у  сталей во всех пространственных положениях, кроме сверху-вниз.  \n111 T BW W01 A  R RA  t3-1 D57-219 PA PB PD  PF PC ss nb\n311 T BW W01 W01 wm t3-5 D25-114 PA PB PD  PF PC ss nb'),(589,'111 T BW W01 R  t4/t6  D57/D108 PF PC ss nb\nРучная дуговая сварка покрытым электродом  газопроводов, трубопроводов теплосетей, трубопроводов водоснабжения  из н/у  сталей во всех пространственных положениях, кроме сверху-вниз.  \n111 T BW W01 A  R RA  t3-12 D25-219 PA PB PD  PF PC ss nb\n'),(591,'111 T BW W01 В t5 D159 PF PC ss nb\nРучная дуговая сварка покрытым электродом  трубоповодов пара и горячей воды, трубных элементов котлов, газопроводов, сосудов, работающих под давлением t=3-10 мм, D>76 мм  из н/у  сталей во всех пространственных положениях, кроме сверху-вниз.  \n111 T BW W01 A В R RA RВ t3-10 D>76 PA PB PD  PF PC ss(nb; mb) bs(ng; gg) \n'),(594,'111 T BW W01 R t5 D89 PF PC ss nb\n311 T BW W01 wm t4 D57 PF PC ss nb\nРучная дуговая сварка покрытым электродом  t=3-10 мм, D=42-159 мм, газовая сварка t=3-5 мм, D=25-114 мм  газопроводов  из н/у  сталей во всех пространственных положениях, кроме сверху-вниз.  \n111 T BW W01 A R RA  t3-10 D42-159 PA PB PD  PF PC ss nb\n311 T BW W01 W01 wm t3-5 D25-114 PA PB PD  PF PC ss nb'),(596,'111 T BW W01 R t5 D89 PF PC ss nb\n311 T BW W01 wm t4 D57 PF PC ss nb\nРучная дуговая сварка покрытым электродом  t=3-10 мм, D=42-159 мм, газовая сварка t=3-5 мм, D=25-114 мм  трубопроводов водоснабжения, трубопроводов теплосетей, конструкций стальных строительных  из н/у  сталей во всех пространственных положениях, кроме сверху-вниз.  \n111 T Р BW FW W01 A R RA  t3-10 D42-159 PA PB PD  PF PC ss(nb, mb) bs(ng, gg)\n311 T BW FW W01 W01 wm t3-5 D25-114 PA PB PD  PF PC ss nb'),(599,'111 T BW W01 R t8 D159 H-L045 ss nb\nРучная дуговая сварка покрытым электродом  трубоповодов теплосетей, трубопроводов водоснабжения и канализации t=3-16 мм, D>76 мм  из н/у  сталей во всех пространственных положениях, кроме сверху-вниз.  \n111 T BW W01 A  R RA  t3-16 D>76 H-L045 PA PB PD  PF PC ss(nb; mb) bs(ng; gg) \n'),(601,'111 P BW W01 R t6 PA ss nb\n135 P BW W01 wm t6 PA ss nb\nРучная дуговая сварка покрытым элетродом, дуговая сварка металлическим (плавящимся) электродом в среде активных газов конструкций стальных строительных t=3-12 мм из н/у сталей в нижнем положении. \n111 P BW FW W01 A R RA t3-12 PA ss(nb; mb) bs(ng; gg)\n135 P BW W01 wm t6 PA ss(nb; mb) bs(ng; gg)\n'),(603,'111 P BW W01 R t6 PA ss nb\nРучная дуговая сварка покрытым элетродом металлоконструкций лифтов и подъемников t=3-12 мм из н/у сталей в нижнем положении. \n111 P BW FW W01 A R RA t3-12 PA ss(nb; mb) bs(ng; gg)\n'),(608,'111 Т BW W01 В t10 D159 H-L045 ss nb\nРучная дуговая сварка покрытым электродом трубных элементов котлов, сосудов, работающих под давлением, трубопроводов пара и горячей воды, газопроводов, технологических трубопроводов,  конструкций стальных строительных t=3-20 мм, D>76 мм из н/у сталей во всех пространственных положениях, кроме сверху-вниз. \n111 Т P BW FW W01 A В R RA RВ  t3-20 D>76 PA PB PC PD PF PE H-L045 ss(nb; mb) bs(ng; gg)\n\n'),(609,'111 Т BW W01 В t4/t14 D57/D159 H-L045 ss nb\n135 T BW W01 wm t4/t14  D57/D159 H-L045\nРучная дуговая сварка покрытым электродом, дуговая сварка металлическим (плавящимся) электродом в среде активных газов трубных элементов котлов, сосудов, работающих под давлением, трубопроводов пара и горячей воды, газопроводов, технологических трубопроводов,  конструкций стальных строительных t>3 мм, D>25 мм из н/у сталей во всех пространственных положениях, кроме сверху-вниз для РДЭ. \n111 Т P BW FW W01 A В R RA RВ  t>3 D>25 PA PB PC PD PF PE H-L045 ss(nb; mb) bs(ng; gg)\n135 T P BW FW W01 wm  t>3 D>25 PA PB PC PD PF PE H-L045 ss(nb; mb) bs(ng; gg)\n'),(611,'111 Т BW W01 В t4/t14 D57/D159 H-L045 ss nb\n135 T BW W01 wm t4/t14  D57/D159 H-L045\nРучная дуговая сварка покрытым электродом, дуговая сварка металлическим (плавящимся) электродом в среде активных газов трубных элементов котлов, сосудов, работающих под давлением, трубопроводов пара и горячей воды, газопроводов, технологических трубопроводов,  конструкций стальных строительных t>3 мм, D>25 мм из н/у сталей во всех пространственных положениях, кроме сверху-вниз для РДЭ. \n111 Т P BW FW W01 A В R RA RВ  t>3 D>25 PA PB PC PD PF PE H-L045 ss(nb; mb) bs(ng; gg)\n135 T P BW FW W01 wm  t>3 D>25 PA PB PC PD PF PE H-L045 ss(nb; mb) bs(ng; gg)\n'),(613,'111 Т BW W01 В t10 D159 H-L045 ss nb\nРучная дуговая сварка покрытым электродом трубных элементов котлов, сосудов, работающих под давлением, трубопроводов пара и горячей воды, газопроводов, технологических трубопроводов,  конструкций стальных строительных t=3-20 мм, D>76 мм из н/у сталей во всех пространственных положениях, кроме сверху-вниз. \n111 Т P BW FW W01 A В R RA RВ  t3-20 D>76 PA PB PC PD PF PE H-L045 ss(nb; mb) bs(ng; gg)\n\n'),(615,'111 Т BW W01 В t10 D159 H-L045 ss nb\nРучная дуговая сварка покрытым электродом трубопроводов теплосетей, трубопроводов пара и горячей воды, газопроводов, технологических трубопроводов, магистральных и промысловых трубопроводов,  конструкций стальных строительных t=3-20 мм, D>76 мм из н/у сталей во всех пространственных положениях, кроме сверху-вниз. \n111 Т P BW FW W01 A В R RA RВ  t3-20 D>76 PA PB PC PD PF PE H-L045 ss(nb; mb) bs(ng; gg)\n\n'),(618,'111 T BW W01 R t5 D159 PF PC ss nb\n311 T BW W01 wm t4 D57 PF PC ss nb\nРучная дуговая сварка покрытым электродом  t=3-10 мм, D>76 мм, газовая сварка t=3-5 мм, D=25-114 мм наружных сетей водоснабжения и канализации из н/у  сталей во всех пространственных положениях, кроме сверху-вниз.  \n111 T BW W01 A  R RA  t3-10 D>76 PA PB PD  PF PC ss(nb; mb) bs(ng; gg) \n311 T BW W01 W01 wm t3-5 D25-114 PA PB PD  PF PC ss nb'),(620,'111 T BW W01 В t5 D108 PF PC ss nb\n311 T BW W01 wm t4 D57 PF PC ss nb\nРучная дуговая сварка покрытым электродом  t=3-10 мм, D=57-219 мм, газовая сварка t=3-5 мм, D=25-114 мм сосудов, работающих под давлением, трубоповодов пара и горячей воды, газопроводов, трубных элементов котлов  из н/у  сталей во всех пространственных положениях, кроме сверху-вниз.  \n111 T BW W01 A В R RA RВ t3-10 D57-219 PA PB PD  PF PC ss nb\n311 T BW W01 W01 wm t3-5 D25-114 PA PB PD  PF PC ss nb'),(623,'111 T BW W01 В t5 D108 PF PC ss nb\n311 T BW W01 wm t4 D57 PF PC ss nb\nРучная дуговая сварка покрытым электродом  t=3-10 мм, D=57-219 мм, газовая сварка t=3-5 мм, D=25-114 мм сосудов, работающих под давлением, трубоповодов пара и горячей воды, газопроводов, трубных элементов котлов  из н/у  сталей во всех пространственных положениях, кроме сверху-вниз.  \n111 T BW W01 A В R RA RВ t3-10 D57-219 PA PB PD  PF PC ss nb\n311 T BW W01 W01 wm t3-5 D25-114 PA PB PD  PF PC ss nb'),(625,'111 T BW W01 R t5 D89 PF PC ss nb\n311 T BW W01 wm t4 D57 PF PC ss nb\nРучная дуговая сварка покрытым электродом  t=3-10 мм, D=42-159 мм, газовая сварка t=3-5 мм, D=25-114 мм наружных сетей водоснабжения и канализации из н/у  сталей во всех пространственных положениях, кроме сверху-вниз.  \n111 T BW W01 A  R RA  t3-10 D42-159 PA PB PD  PF PC ss nb\n311 T BW W01 W01 wm t3-5 D25-114 PA PB PD  PF PC ss nb'),(627,'111 T BW W02 В t4/t14 D57/D159 H-L045 ss nb\nРучная дуговая сварка покрытым электродом  трубопроводов пара и горячей воды,  газопроводов,  технологических трубопроводов, магистральных и промысловых трубопроводов, конструкций стальных строительных  t>3 мм, D>25 мм  из н/ и н/лу  сталей во всех пространственных положениях, кроме сверху-вниз.  \n111 T Р BW FW W01 W02  A B R RA RB   t>3 D>25 H-L045 PA PB PD PE  PF PC  ss (nb; mb) bs (ng; gg)\n'),(629,'111 T BW W02 В t4/t14 D57/D159 H-L045 ss nb\nРучная дуговая сварка покрытым электродом  трубопроводов пара и горячей воды,  газопроводов,  технологических трубопроводов, магистральных и промысловых трубопроводов, конструкций стальных строительных  t>3 мм, D>25 мм  из н/ и н/лу  сталей во всех пространственных положениях, кроме сверху-вниз.  \n111 T Р BW FW W01 W02  A B R RA RB   t>3 D>25 H-L045 PA PB PD PE  PF PC  ss (nb; mb) bs (ng; gg)\n'),(631,'111 T BW W02 В t4/t14 D57/D159 H-L045 ss nb\nРучная дуговая сварка покрытым электродом  трубопроводов пара и горячей воды,  газопроводов,  технологических трубопроводов, магистральных и промысловых трубопроводов, конструкций стальных строительных  t>3 мм, D>25 мм  из н/ и н/лу  сталей во всех пространственных положениях, кроме сверху-вниз.  \n111 T Р BW FW W01 W02  A B R RA RB   t>3 D>25 H-L045 PA PB PD PE  PF PC  ss (nb; mb) bs (ng; gg)\n'),(633,'111 T BW W02 В t4/t14 D57/D159 H-L045 ss nb\nРучная дуговая сварка покрытым электродом  трубопроводов пара и горячей воды,  газопроводов,  технологических трубопроводов, магистральных и промысловых трубопроводов, конструкций стальных строительных  t>3 мм, D>25 мм  из н/ и н/лу  сталей во всех пространственных положениях, кроме сверху-вниз.  \n111 T Р BW FW W01 W02  A B R RA RB   t>3 D>25 H-L045 PA PB PD PE  PF PC  ss (nb; mb) bs (ng; gg)\n'),(635,'111 T BW W01 В t4/t8 D57/D159 PF PC ss nb\nРучная дуговая сварка покрытым электродом  трубопроводов теплосетей,  газопроводов,  технологических трубопроводов, магистральных и промысловых трубопроводов, конструкций стальных строительных  t=3-16 мм, D>25 мм  из н/ и н/лу  сталей во всех пространственных положениях, кроме сверху-вниз.  \n111 T Р BW FW W01  A B R RA RB  t3-16 D>25  PA PB PD PE  PF PC  ss (nb; mb) bs (ng; gg)\n'),(637,'111 T BW W01 В t8 D159 PF PC ss nb\n311 T BW W01 wm t4 D57 PF PC ss nb\nРучная дуговая сварка покрытым электродом  t=3-16 мм, D>76 мм, газовая сварка t=3-5 мм, D=25-114 мм наружных сетей водоснабжения и канализации из н/у  сталей во всех пространственных положениях, кроме сверху-вниз.  \n111 T BW W01 A В R RA RВ  t3-16 D>76 PA PB PD  PF PC ss(nb; mb) bs(ng; gg) \n311 T BW W01 W01 wm t3-5 D25-114 PA PB PD  PF PC ss nb'),(640,'111 T BW W01 R t5 D89 PF PC ss nb\n311 T BW W01 wm t4 D57 PF PC ss nb\nРучная дуговая сварка покрытым электродом  t=3-10 мм, D=42-159 мм, газовая сварка t=3-5 мм, D=25-114 мм наружных сетей водоснабжения и канализации из н/у  сталей во всех пространственных положениях, кроме сверху-вниз.  \n111 T BW W01 A  R RA  t3-10 D42-159 PA PB PD  PF PC ss nb\n311 T BW W01 W01 wm t3-5 D25-114 PA PB PD  PF PC ss nb'),(642,'111 T BW W01 R t5 D89 PF PC ss nb\n311 T BW W01 wm t4 D57 PF PC ss nb\nРучная дуговая сварка покрытым электродом  t=3-10 мм, D=42-159 мм, газовая сварка t=3-5 мм, D=25-114 мм наружных сетей водоснабжения и канализации из н/у  сталей во всех пространственных положениях, кроме сверху-вниз.  \n111 T BW W01 A  R RA  t3-10 D42-159 PA PB PD  PF PC ss nb\n311 T BW W01 W01 wm t3-5 D25-114 PA PB PD  PF PC ss nb'),(645,'111 T BW W01 В t8 D159 PF PC ss nb\n311 T BW W01 wm t4 D57 PF PC ss nb\nРучная дуговая сварка покрытым электродом  t=3-16 мм, D>76 мм, газовая сварка t=3-5 мм, D=25-114 мм наружных сетей водоснабжения и канализации из н/у  сталей во всех пространственных положениях, кроме сверху-вниз.  \n111 T BW W01 A В R RA RВ  t3-16 D>76 PA PB PD  PF PC ss(nb; mb) bs(ng; gg) \n311 T BW W01 W01 wm t3-5 D25-114 PA PB PD  PF PC ss nb'),(647,'111 T BW W01 В t8 D159 PF PC ss nb\n311 T BW W01 wm t4 D57 PF PC ss nb\nРучная дуговая сварка покрытым электродом  t=3-16 мм, D>76 мм, газовая сварка t=3-5 мм, D=25-114 мм наружных сетей водоснабжения и канализации из н/у  сталей во всех пространственных положениях, кроме сверху-вниз.  \n111 T BW W01 A В R RA RВ  t3-16 D>76 PA PB PD  PF PC ss(nb; mb) bs(ng; gg) \n311 T BW W01 W01 wm t3-5 D25-114 PA PB PD  PF PC ss nb'),(649,'111 T BW W01 В t8 D159 PF PC ss nb\n311 T BW W01 wm t4 D57 PF PC ss nb\nРучная дуговая сварка покрытым электродом  t=3-16 мм, D>76 мм, газовая сварка t=3-5 мм, D=25-114 мм наружных сетей водоснабжения и канализации из н/у  сталей во всех пространственных положениях, кроме сверху-вниз.  \n111 T BW W01 A В R RA RВ  t3-16 D>76 PA PB PD  PF PC ss(nb; mb) bs(ng; gg) \n311 T BW W01 W01 wm t3-5 D25-114 PA PB PD  PF PC ss nb'),(651,'111 T BW W01 В t8 D159 PF PC ss nb\n311 T BW W01 wm t4 D57 PF PC ss nb\nРучная дуговая сварка покрытым электродом  t=3-16 мм, D>76 мм, газовая сварка t=3-5 мм, D=25-114 мм наружных сетей водоснабжения и канализации из н/у  сталей во всех пространственных положениях, кроме сверху-вниз.  \n111 T BW W01 A В R RA RВ  t3-16 D>76 PA PB PD  PF PC ss(nb; mb) bs(ng; gg) \n311 T BW W01 W01 wm t3-5 D25-114 PA PB PD  PF PC ss nb'),(653,'111 T BW W01 В t8 D159 PF PC ss nb\n311 T BW W01 wm t4 D57 PF PC ss nb\nРучная дуговая сварка покрытым электродом  t=3-16 мм, D>76 мм, газовая сварка t=3-5 мм, D=25-114 мм наружных сетей водоснабжения и канализации из н/у  сталей во всех пространственных положениях, кроме сверху-вниз.  \n111 T BW W01 A В R RA RВ  t3-16 D>76 PA PB PD  PF PC ss(nb; mb) bs(ng; gg) \n311 T BW W01 W01 wm t3-5 D25-114 PA PB PD  PF PC ss nb'),(655,'111 T BW W01 В t8 D159 PF PC ss nb\n311 T BW W01 wm t4 D57 PF PC ss nb\nРучная дуговая сварка покрытым электродом  t=3-16 мм, D>76 мм, газовая сварка t=3-5 мм, D=25-114 мм наружных сетей водоснабжения и канализации из н/у  сталей во всех пространственных положениях, кроме сверху-вниз.  \n111 T BW W01 A В R RA RВ  t3-16 D>76 PA PB PD  PF PC ss(nb; mb) bs(ng; gg) \n311 T BW W01 W01 wm t3-5 D25-114 PA PB PD  PF PC ss nb'),(657,'111 T BW W01 В t8 D159 PF PC ss nb\n311 T BW W01 wm t4 D57 PF PC ss nb\nРучная дуговая сварка покрытым электродом  t=3-16 мм, D>76 мм, газовая сварка t=3-5 мм, D=25-114 мм наружных сетей водоснабжения и канализации из н/у  сталей во всех пространственных положениях, кроме сверху-вниз.  \n111 T BW W01 A В R RA RВ  t3-16 D>76 PA PB PD  PF PC ss(nb; mb) bs(ng; gg) \n311 T BW W01 W01 wm t3-5 D25-114 PA PB PD  PF PC ss nb'),(659,'111 T BW W01 В t8 D159 PF PC ss nb\n311 T BW W01 wm t4 D57 PF PC ss nb\nРучная дуговая сварка покрытым электродом  t=3-16 мм, D>76 мм, газовая сварка t=3-5 мм, D=25-114 мм наружных сетей водоснабжения и канализации из н/у  сталей во всех пространственных положениях, кроме сверху-вниз.  \n111 T BW W01 A В R RA RВ  t3-16 D>76 PA PB PD  PF PC ss(nb; mb) bs(ng; gg) \n311 T BW W01 W01 wm t3-5 D25-114 PA PB PD  PF PC ss nb'),(661,'111 T BW W01 В t8 D159 PF PC ss nb\n311 T BW W01 wm t4 D57 PF PC ss nb\nРучная дуговая сварка покрытым электродом  t=3-16 мм, D>76 мм, газовая сварка t=3-5 мм, D=25-114 мм наружных сетей водоснабжения и канализации из н/у  сталей во всех пространственных положениях, кроме сверху-вниз.  \n111 T BW W01 A В R RA RВ  t3-16 D>76 PA PB PD  PF PC ss(nb; mb) bs(ng; gg) \n311 T BW W01 W01 wm t3-5 D25-114 PA PB PD  PF PC ss nb'),(662,'111 T BW W01 В t8 D159 PF PC ss nb\n311 T BW W01 wm t4 D57 PF PC ss nb\nРучная дуговая сварка покрытым электродом  t=3-16 мм, D>76 мм, газовая сварка t=3-5 мм, D=25-114 мм наружных сетей водоснабжения и канализации из н/у  сталей во всех пространственных положениях, кроме сверху-вниз.  \n111 T BW W01 A В R RA RВ  t3-16 D>76 PA PB PD  PF PC ss(nb; mb) bs(ng; gg) \n311 T BW W01 W01 wm t3-5 D25-114 PA PB PD  PF PC ss nb'),(663,'111 T BW W01 R t5 D89 PF PC ss nb\n311 T BW W01 wm t4 D57 PF PC ss nb\nРучная дуговая сварка покрытым электродом  t=3-10 мм, D=42-159 мм, газовая сварка t=3-5 мм, D=25-114 мм наружных сетей водоснабжения и канализации из н/у  сталей во всех пространственных положениях, кроме сверху-вниз.  \n111 T BW W01 A  R RA  t3-10 D42-159 PA PB PD  PF PC ss nb\n311 T BW W01 W01 wm t3-5 D25-114 PA PB PD  PF PC ss nb'),(664,'111 T BW W01 R t5 D89 PF PC ss nb\n311 T BW W01 wm t4 D57 PF PC ss nb\nРучная дуговая сварка покрытым электродом  t=3-10 мм, D=42-159 мм, газовая сварка t=3-5 мм, D=25-114 мм наружных сетей водоснабжения и канализации из н/у  сталей во всех пространственных положениях, кроме сверху-вниз.  \n111 T BW W01 A  R RA  t3-10 D42-159 PA PB PD  PF PC ss nb\n311 T BW W01 W01 wm t3-5 D25-114 PA PB PD  PF PC ss nb'),(665,'111 T BW W01 R t5 D89 PF PC ss nb\n311 T BW W01 wm t4 D57 PF PC ss nb\nРучная дуговая сварка покрытым электродом  t=3-10 мм, D=42-159 мм, газовая сварка t=3-5 мм, D=25-114 мм наружных сетей водоснабжения и канализации из н/у  сталей во всех пространственных положениях, кроме сверху-вниз.  \n111 T BW FW W01 A  R RA  t3-10 D42-159 PA PB PD  PF PC ss nb\n311 T BW FW W01  wm t3-5 D25-114 PA PB PD  PF PC ss nb'),(666,'111 T BW W01 R t5 D89 PF PC ss nb\n311 T BW W01 wm t4 D57 PF PC ss nb\nРучная дуговая сварка покрытым электродом  t=3-10 мм, D=42-159 мм, газовая сварка t=3-5 мм, D=25-114 мм наружных сетей водоснабжения и канализации из н/у  сталей во всех пространственных положениях, кроме сверху-вниз.  \n111 T BW W01 A  R RA  t3-10 D42-159 PA PB PD  PF PC ss nb\n311 T BW W01 W01 wm t3-5 D25-114 PA PB PD  PF PC ss nb'),(667,'111 T BW W01 R t5 D89 PF PC ss nb\n311 T BW W01 wm t4 D57 PF PC ss nb\nРучная дуговая сварка покрытым электродом  t=3-10 мм, D=42-159 мм, газовая сварка t=3-5 мм, D=25-114 мм газопроводов из н/у  сталей во всех пространственных положениях, кроме сверху-вниз.  \n111 T BW W01 A  R RA  t3-10 D42-159 PA PB PD  PF PC ss nb\n311 T BW W01 W01 wm t3-5 D25-114 PA PB PD  PF PC ss nb'),(669,'111 T BW W01 R t5 D89 PF PC ss nb\n311 T BW W01 wm t4 D57 PF PC ss nb\nРучная дуговая сварка покрытым электродом  t=3-10 мм, D=42-159 мм, газовая сварка t=3-5 мм, D=25-114 мм наружных сетей водоснабжения и канализации из н/у  сталей во всех пространственных положениях, кроме сверху-вниз.  \n111 T BW W01 A  R RA  t3-10 D42-159 PA PB PD  PF PC ss nb\n311 T BW W01 W01 wm t3-5 D25-114 PA PB PD  PF PC ss nb'),(671,'111 T BW W01 R t5 D89 PF PC ss nb\n311 T BW W01 wm t4 D57 PF PC ss nb\nРучная дуговая сварка покрытым электродом  t=3-10 мм, D=42-159 мм, газовая сварка t=3-5 мм, D=25-114 мм наружных сетей водоснабжения и канализации из н/у  сталей во всех пространственных положениях, кроме сверху-вниз.  \n111 T BW W01 A  R RA  t3-10 D42-159 PA PB PD  PF PC ss nb\n311 T BW W01 W01 wm t3-5 D25-114 PA PB PD  PF PC ss nb'),(673,'111 T BW W01 R t5 D89 PF PC ss nb\n311 T BW W01 wm t4 D57 PF PC ss nb\nРучная дуговая сварка покрытым электродом  t=3-10 мм, D=42-159 мм, газовая сварка t=3-5 мм, D=25-114 мм наружных сетей водоснабжения и канализации из н/у  сталей во всех пространственных положениях, кроме сверху-вниз.  \n111 T BW W01 A  R RA  t3-10 D42-159 PA PB PD  PF PC ss nb\n311 T BW W01 W01 wm t3-5 D25-114 PA PB PD  PF PC ss nb'),(675,'111 T BW W01 В t8 D159 PF PC ss nb\n311 T BW W01 wm t4 D57 PF PC ss nb\nРучная дуговая сварка покрытым электродом  t=3-16 мм, D>76 мм, газовая сварка t=3-5 мм, D=25-114 мм наружных сетей водоснабжения и канализации из н/у  сталей во всех пространственных положениях, кроме сверху-вниз.  \n111 T BW W01 A В R RA RВ  t3-16 D>76 PA PB PD  PF PC ss(nb; mb) bs(ng; gg) \n311 T BW W01 W01 wm t3-5 D25-114 PA PB PD  PF PC ss nb'),(677,'111 T BW W01 В t8 D159 PF PC ss nb\n311 T BW W01 wm t4 D57 PF PC ss nb\nРучная дуговая сварка покрытым электродом  t=3-16 мм, D>76 мм, газовая сварка t=3-5 мм, D=25-114 мм наружных сетей водоснабжения и канализации из н/у  сталей во всех пространственных положениях, кроме сверху-вниз.  \n111 T BW W01 A В R RA RВ  t3-16 D>76 PA PB PD  PF PC ss(nb; mb) bs(ng; gg) \n311 T BW W01 W01 wm t3-5 D25-114 PA PB PD  PF PC ss nb'),(679,'111 T BW W01 R t5 D89 PF PC ss nb\n311 T BW W01 wm t4 D57 PF PC ss nb\nРучная дуговая сварка покрытым электродом  t=3-10 мм, D=42-159 мм, газовая сварка t=3-5 мм, D=25-114 мм наружных сетей водоснабжения и канализации из н/у  сталей во всех пространственных положениях, кроме сверху-вниз.  \n111 T BW W01 A  R RA  t3-10 D42-159 PA PB PD  PF PC ss nb\n311 T BW W01 W01 wm t3-5 D25-114 PA PB PD  PF PC ss nb'),(681,'111 T BW W01 R t5 D89 PF PC ss nb\n311 T BW W01 wm t4 D57 PF PC ss nb\nРучная дуговая сварка покрытым электродом  t=3-10 мм, D=42-159 мм, газовая сварка t=3-5 мм, D=25-114 мм наружных сетей водоснабжения и канализации из н/у  сталей во всех пространственных положениях, кроме сверху-вниз.  \n111 T BW W01 A  R RA  t3-10 D42-159 PA PB PD  PF PC ss nb\n311 T BW W01 W01 wm t3-5 D25-114 PA PB PD  PF PC ss nb'),(683,'111 T BW W01 R t5 D89 PF PC ss nb\n311 T BW W01 wm t4 D57 PF PC ss nb\nРучная дуговая сварка покрытым электродом  t=3-10 мм, D=42-159 мм, газовая сварка t=3-5 мм, D=25-114 мм наружных сетей водоснабжения и канализации из н/у  сталей во всех пространственных положениях, кроме сверху-вниз.  \n111 T BW W01 A  R RA  t3-10 D42-159 PA PB PD  PF PC ss nb\n311 T BW W01 W01 wm t3-5 D25-114 PA PB PD  PF PC ss nb'),(685,'111 T BW W01 В t8 D159 PF PC ss nb\n311 T BW W01 wm t4 D57 PF PC ss nb\nРучная дуговая сварка покрытым электродом  t=3-16 мм, D>76 мм, газовая сварка t=3-5 мм, D=25-114 мм наружных сетей водоснабжения и канализации из н/у  сталей во всех пространственных положениях, кроме сверху-вниз.  \n111 T BW W01 A В R RA RВ  t3-16 D>76 PA PB PD  PF PC ss(nb; mb) bs(ng; gg) \n311 T BW W01 W01 wm t3-5 D25-114 PA PB PD  PF PC ss nb'),(687,'111 T BW W01 R t5 D89 PF PC ss nb\n311 T BW W01 wm t4 D57 PF PC ss nb\nРучная дуговая сварка покрытым электродом  t=3-10 мм, D=42-159 мм, газовая сварка t=3-5 мм, D=25-114 мм наружных сетей водоснабжения и канализации из н/у  сталей во всех пространственных положениях, кроме сверху-вниз.  \n111 T BW W01 A  R RA  t3-10 D42-159 PA PB PD  PF PC ss nb\n311 T BW W01 W01 wm t3-5 D25-114 PA PB PD  PF PC ss nb'),(689,'111 T BW W01 R t5 D89 PF PC ss nb\n311 T BW W01 wm t4 D57 PF PC ss nb\nРучная дуговая сварка покрытым электродом  t=3-10 мм, D=42-159 мм, газовая сварка t=3-5 мм, D=25-114 мм наружных сетей водоснабжения и канализации из н/у  сталей во всех пространственных положениях, кроме сверху-вниз.  \n111 T BW W01 A  R RA  t3-10 D42-159 PA PB PD  PF PC ss nb\n311 T BW W01 W01 wm t3-5 D25-114 PA PB PD  PF PC ss nb');
/*!40000 ALTER TABLE `resolution_certification` ENABLE KEYS */;
UNLOCK TABLES;

--
-- Table structure for table `section`
--

DROP TABLE IF EXISTS `section`;
/*!40101 SET @saved_cs_client     = @@character_set_client */;
/*!40101 SET character_set_client = utf8 */;
CREATE TABLE `section` (
  `id_section` bigint(20) NOT NULL AUTO_INCREMENT,
  `description` text,
  `order_index` int(11) DEFAULT NULL,
  `title` varchar(255) DEFAULT NULL,
  PRIMARY KEY (`id_section`)
) ENGINE=InnoDB AUTO_INCREMENT=5 DEFAULT CHARSET=utf8;
/*!40101 SET character_set_client = @saved_cs_client */;

--
-- Dumping data for table `section`
--

LOCK TABLES `section` WRITE;
/*!40000 ALTER TABLE `section` DISABLE KEYS */;
INSERT INTO `section` VALUES (1,'Теория сварочного дела',1,'Теоретическое обучение'),(2,'Практика сварочного дела',2,'Практика'),(4,'',0,'Аттестация');
/*!40000 ALTER TABLE `section` ENABLE KEYS */;
UNLOCK TABLES;

--
-- Table structure for table `section_topic`
--

DROP TABLE IF EXISTS `section_topic`;
/*!40101 SET @saved_cs_client     = @@character_set_client */;
/*!40101 SET character_set_client = utf8 */;
CREATE TABLE `section_topic` (
  `id_topic` bigint(20) NOT NULL,
  `id_section` bigint(20) NOT NULL,
  KEY `FKB1FF2F55D97BCD7E` (`id_topic`),
  KEY `FKB1FF2F55DC6CE8EA` (`id_section`),
  CONSTRAINT `FKB1FF2F55D97BCD7E` FOREIGN KEY (`id_topic`) REFERENCES `topic` (`id_topic`),
  CONSTRAINT `FKB1FF2F55DC6CE8EA` FOREIGN KEY (`id_section`) REFERENCES `section` (`id_section`) ON DELETE CASCADE ON UPDATE CASCADE
) ENGINE=InnoDB DEFAULT CHARSET=utf8;
/*!40101 SET character_set_client = @saved_cs_client */;

--
-- Dumping data for table `section_topic`
--

LOCK TABLES `section_topic` WRITE;
/*!40000 ALTER TABLE `section_topic` DISABLE KEYS */;
INSERT INTO `section_topic` VALUES (1,1),(2,1),(4,1),(5,1),(6,1),(7,1),(8,1),(9,1),(10,1),(11,1),(12,1),(13,1),(3,2),(16,2),(17,2),(22,4),(23,4);
/*!40000 ALTER TABLE `section_topic` ENABLE KEYS */;
UNLOCK TABLES;

--
-- Table structure for table `steel_group`
--

DROP TABLE IF EXISTS `steel_group`;
/*!40101 SET @saved_cs_client     = @@character_set_client */;
/*!40101 SET character_set_client = utf8 */;
CREATE TABLE `steel_group` (
  `id_steel_group` bigint(20) NOT NULL AUTO_INCREMENT,
  `description` text,
  `st_group` varchar(255) DEFAULT NULL,
  PRIMARY KEY (`id_steel_group`)
) ENGINE=InnoDB AUTO_INCREMENT=4 DEFAULT CHARSET=utf8;
/*!40101 SET character_set_client = @saved_cs_client */;

--
-- Dumping data for table `steel_group`
--

LOCK TABLES `steel_group` WRITE;
/*!40000 ALTER TABLE `steel_group` DISABLE KEYS */;
INSERT INTO `steel_group` VALUES (1,'Углеродистые стали','W01'),(2,'','W11'),(3,'','W02');
/*!40000 ALTER TABLE `steel_group` ENABLE KEYS */;
UNLOCK TABLES;

--
-- Table structure for table `steel_type`
--

DROP TABLE IF EXISTS `steel_type`;
/*!40101 SET @saved_cs_client     = @@character_set_client */;
/*!40101 SET character_set_client = utf8 */;
CREATE TABLE `steel_type` (
  `id_steel_type` bigint(20) NOT NULL AUTO_INCREMENT,
  `type` varchar(255) DEFAULT NULL,
  `id_steel_group` bigint(20) DEFAULT NULL,
  PRIMARY KEY (`id_steel_type`),
  KEY `FK8468DD2E1154C497` (`id_steel_group`),
  CONSTRAINT `FK8468DD2E1154C497` FOREIGN KEY (`id_steel_group`) REFERENCES `steel_group` (`id_steel_group`) ON DELETE SET NULL ON UPDATE CASCADE
) ENGINE=InnoDB AUTO_INCREMENT=6 DEFAULT CHARSET=utf8;
/*!40101 SET character_set_client = @saved_cs_client */;

--
-- Dumping data for table `steel_type`
--

LOCK TABLES `steel_type` WRITE;
/*!40000 ALTER TABLE `steel_type` DISABLE KEYS */;
INSERT INTO `steel_type` VALUES (1,'Сталь 20',1),(2,'Ст. 2пс',1),(3,'Ст3',1),(4,'Сталь Х18Н9Т',2),(5,'Сталь 12Х1МФ',3);
/*!40000 ALTER TABLE `steel_type` ENABLE KEYS */;
UNLOCK TABLES;

--
-- Table structure for table `teacher`
--

DROP TABLE IF EXISTS `teacher`;
/*!40101 SET @saved_cs_client     = @@character_set_client */;
/*!40101 SET character_set_client = utf8 */;
CREATE TABLE `teacher` (
  `id_teacher` bigint(20) NOT NULL AUTO_INCREMENT,
  `name` varchar(255) DEFAULT NULL,
  `secname` varchar(255) DEFAULT NULL,
  `surname` varchar(255) DEFAULT NULL,
  PRIMARY KEY (`id_teacher`)
) ENGINE=InnoDB AUTO_INCREMENT=6 DEFAULT CHARSET=utf8;
/*!40101 SET character_set_client = @saved_cs_client */;

--
-- Dumping data for table `teacher`
--

LOCK TABLES `teacher` WRITE;
/*!40000 ALTER TABLE `teacher` DISABLE KEYS */;
INSERT INTO `teacher` VALUES (1,'Александр','Владимирович','Ашукин'),(2,'Андрей','Анатольевич','Чуйко'),(3,'Дмитрий','Анатольевич','Крапива'),(4,'Светлана','Александровна','Касьяненко'),(5,'Вяли','Алиевич','Шарибжанов');
/*!40000 ALTER TABLE `teacher` ENABLE KEYS */;
UNLOCK TABLES;

--
-- Table structure for table `theory_test`
--

DROP TABLE IF EXISTS `theory_test`;
/*!40101 SET @saved_cs_client     = @@character_set_client */;
/*!40101 SET character_set_client = utf8 */;
CREATE TABLE `theory_test` (
  `id_theory_test` bigint(20) NOT NULL AUTO_INCREMENT,
  `rating` varchar(255) DEFAULT NULL,
  `ticket_number` varchar(255) DEFAULT NULL,
  PRIMARY KEY (`id_theory_test`)
) ENGINE=InnoDB AUTO_INCREMENT=690 DEFAULT CHARSET=utf8;
/*!40101 SET character_set_client = @saved_cs_client */;

--
-- Dumping data for table `theory_test`
--

LOCK TABLES `theory_test` WRITE;
/*!40000 ALTER TABLE `theory_test` DISABLE KEYS */;
INSERT INTO `theory_test` VALUES (31,'Сдано','19; 8'),(32,'Сдано','4; 1'),(41,'Сдано','11; 10'),(43,'Сдано','6; 6'),(44,'Сдано','17; 10; 7'),(48,'Сдано','22; 7'),(50,'Сдано','13'),(53,'Сдано','1; 8'),(60,'Сдано','11; 6'),(62,'Сдано','8; 5'),(65,'Сдано','17; 2'),(67,'Сдано','10; 6'),(73,'Сдано','4; 2; 18; 10'),(74,'Сдано','17; 5'),(76,'Сдано','16; 7'),(80,'Сдано','7; 6'),(83,'Сдано','16; 19; 2'),(85,'Сдано','3; 5; 15; 5'),(89,'Сдано','2; 4; 4'),(91,'Сдано','10; 17; 9'),(93,'Сдано','8; 11; 1'),(96,'Сдано','6; 23; 3'),(98,'Сдано','9; 20; 8'),(100,'Сдано','12; 7'),(102,'Сдано','21; 1; 6'),(104,'Сдано','19; 16; 7; 10'),(106,'Сдано','18; 22; 9'),(108,'Сдано','1; 13; 8'),(110,'Сдано','21; 12; 3'),(111,'Сдано','22; 8; 10'),(112,'Сдано','20; 9; 1'),(115,'Сдано','4; 10'),(116,'Сдано','12'),(118,'Сдано','10'),(120,'Сдано','6; 2'),(122,'Сдано','17;  5'),(124,'Сдано','6; 8'),(128,'Сдано','20; 9; 6'),(130,'Сдано','23'),(134,'Сдано','11; 6; 3'),(136,'Сдано','8; 2; 1'),(138,'Сдано','3; 17; 4'),(140,'Сдано','15; 5; 2'),(143,'Сдано','10; 4; 5'),(144,'Сдано','12; 21; 7'),(146,'Сдано','13; 1; 8'),(148,'Сдано','22'),(151,'Сдано','18; 7; 9'),(153,'Сдано','16; 19; 10'),(155,'Сдано','11'),(157,'Сдано','19'),(159,'Сдано','13; 15; 4'),(161,'Сдано','17; 3; 1'),(163,'Сдано','2; 8; 3'),(165,'Сдано','20; 9; 10'),(167,'Сдано','23; 6; 9'),(169,'Сдано','19; 11; 8'),(170,'Сдано','16; 21; 7'),(171,'Сдано','12; 4; 5'),(172,'Сдано','10; 5; 2'),(173,'Сдано','7; 18; 6'),(174,'Сдано','22; 1; 8'),(175,'Сдано','23; 9; 10'),(177,'Сдано','9; 23; 10'),(179,'Сдано','20; 8; 8'),(180,'Сдано','2; 3; 3'),(181,'Сдано','17; 1; 1'),(182,'Сдано','18; 22; 5'),(183,'Сдано','7; 5; 7'),(185,'Сдано','10; 4; 9'),(186,'Сдано','12; 21; 4'),(187,'Сдано','16; 11; 6'),(188,'Сдано','19; 6; 2'),(189,'Сдано','15; 13; 7'),(190,'Сдано','12; 4; 5'),(192,'Сдано','4; 8'),(194,'Сдано','12'),(197,'Сдано','7; 2'),(200,'Сдано','10; 7'),(202,'Сдано','20'),(204,'Сдано','13; 15; 5'),(206,'Сдано','6'),(208,'Сдано','19; 11; 1'),(210,'Сдано','16'),(217,'Сдано','4; 10; 8'),(219,'Сдано','5; 10'),(221,'Сдано','7'),(223,'Сдано','18; 2'),(225,'Сдано','22'),(226,'Сдано','21; 3'),(230,'Сдано','14; 2'),(232,'Сдано','10; 8'),(234,'Сдано','4; 10'),(236,'Сдано','10; 2'),(238,'Сдано','4; 12; 10'),(240,'Сдано','21; 8'),(243,'Сдано','16; 3'),(245,'Сдано','11; 1'),(247,'Сдано','19; 5'),(252,'Сдано','15 ;4'),(253,'Сдано','6; 6'),(255,'Сдано','13; 9'),(258,'Сдано','17; 7'),(260,'Сдано','16; 10'),(262,'Сдано','4; 6'),(264,'Сдано','12; 1'),(266,'Сдано','7; 9'),(268,'Сдано','14; 6; 2'),(271,'Сдано','10; 3'),(273,'Сдано','12; 10'),(276,'Сдано','18; 2'),(278,'Сдано','10; 3'),(282,'Сдано','6; 12'),(284,'Сдано','11; 2;10'),(287,'Сдано','7; 12; 1'),(289,'Сдано','6; 2'),(291,'Сдано','12; 1; 8'),(293,'Сдано','10; 7; 6'),(296,'Сдано','17; 6; 9'),(298,'Сдано','5; 3; 4'),(300,'Сдано','12; 3; 7'),(302,'Сдано','16; 5'),(304,'Сдано','8; 14; 3'),(308,'Сдано','9; 16; 1'),(312,'Сдано','5; 2; 3'),(316,'Сдано','8; 12; 2'),(317,'Сдано','10; 18'),(318,'Сдано','3; 10'),(321,'Сдано','2; 9'),(322,'Сдано','16; 10'),(324,'Сдано','7; 1; 8'),(326,'Сдано','4; 9'),(329,'Сдано','14; 6; 2'),(332,'Сдано','12; 10'),(334,'Сдано','6; 10'),(337,'Сдано','8; 5'),(339,'Сдано','17; 7'),(341,'Сдано','3; 2; 9'),(344,'Сдано','8; 4'),(346,'Сдано','20; 23; 6'),(348,'Сдано','9; 5'),(350,'Сдано','22; 18; 1'),(352,'Сдано','7; 5; 3'),(354,'Сдано','1; 8'),(356,'Сдано','13; 15; 10'),(358,'Сдано','6; 19; 2'),(360,'Сдано','18; 22; 2'),(362,'Сдано','9; 10'),(364,'Сдано','23; 8'),(366,'Сдано','20; 3'),(370,'Сдано','3; 17; 1'),(372,'Сдано','15; 1'),(373,'Сдано','2; 8'),(375,'Сдано','11; 5; 4'),(377,'Сдано','5; 4'),(379,'Сдано','11; 9'),(381,'Сдано','1; 7'),(383,'Сдано','15; 17; 3'),(386,'Сдано','5; 8'),(388,'Сдано','2; 10'),(390,'Сдано','8; 10'),(392,'Сдано','7; 2'),(394,'Сдано','16; 6'),(396,'Сдано','21; 5'),(398,'Сдано','12; 1'),(400,'Сдано','4; 8'),(402,'Сдано','10; 3'),(406,'Сдано','13; 20; 9'),(407,'Сдано','19; 6; 7'),(411,'Сдано','12; 2'),(412,'Сдано','4; 10'),(414,'Сдано','16; 5'),(416,'Сдано','7; 10; 1'),(418,'Сдано','8; 3'),(420,'Сдано','12; 5; 9'),(422,'Сдано','16; 10'),(424,'Сдано','6'),(426,'Сдано','12; 2'),(428,'Сдано','21; 4'),(430,'Сдано','16; 9'),(432,'Сдано','7; 7'),(435,'Сдано','8; 1'),(437,'Сдано','23; 5'),(439,'Сдано','9; 6'),(441,'Сдано','22; 2'),(443,'Сдано','18; 10'),(445,'Сдано','2; 3'),(447,'Сдано','3; 8'),(449,'Сдано','17; 4'),(451,'Сдано','6'),(453,'Сдано','23'),(455,'Сдано','17; 8'),(457,'Сдано','3; 18; 5'),(460,'Сдано','2; 22; 5'),(462,'Сдано','9; 3'),(464,'Сдано','23; 10'),(466,'Сдано','16; 7; 2'),(468,'Сдано','10; 8'),(470,'Сдано','10; 1'),(472,'Сдано','2; 5'),(474,'Сдано','16; 2'),(476,'Сдано','6; 9'),(478,'Сдано','12; 1'),(480,'Сдано','8; 5'),(482,'Сдано','20; 8'),(484,'Сдано','8; 7; 3'),(486,'Сдано','16; 21; 10'),(488,'Сдано','15; 1; 2'),(490,'Сдано','11; 5; 6'),(492,'Сдано','20; 13; 1'),(494,'Сдано','6; 19; 7'),(496,'Сдано','10; 4; 9'),(499,'Сдано','12; 23; 4'),(501,'Сдано','9; 22; 5'),(503,'Сдано','21; 8'),(505,'Сдано','16; 7; 5'),(507,'Сдано','8; 2; 4'),(509,'Сдано','18; 3; 9'),(511,'Сдано','17; 22; 7'),(513,'Сдано','9; 23; 1'),(515,'Сдано','12; 4;6'),(517,'Сдано','10; 19; 2'),(520,'Сдано','6; 13; 10'),(522,'Сдано','20; 5; 3'),(524,'Сдано','11; 1; 8'),(526,'Сдано','15; 3'),(528,'Сдано','1; 10'),(530,'Сдано','11; 2'),(532,'Сдано','5; 6'),(534,'Сдано','20; 1'),(536,'Сдано','13; 7'),(538,'Сдано','6; 9'),(540,'Сдано','19; 4'),(542,'Сдано','10; 5'),(544,'Сдано','4; 8'),(546,'Сдано','12; 7'),(548,'Сдано','2'),(550,'Сдано','1; 7'),(552,'Сдано','11; 5; 9'),(555,'Сдано','23; 3'),(557,'Сдано','9; 22; 10'),(559,'Сдано','17; 3; 2'),(561,'Сдано','18; 5; 6'),(563,'Сдано','15; 11; 1'),(565,'Сдано','1; 2; 9'),(567,'Сдано','7; 16; 7'),(569,'Сдано','21; 8; 4'),(571,'Сдано','20; 13; 5'),(573,'Сдано','64 19; 8'),(575,'Сдано','10; 4; 7'),(577,'Сдано','12; 23; 8'),(579,'Сдано','11; 15; 5'),(581,'Сдано','23'),(583,'Сдано','14; 2; 8'),(585,'Сдано','2; 6; 1'),(587,'Сдано','8; 10; 3'),(589,'Сдано','5; 10'),(591,'Сдано','16; 5'),(594,'Сдано','14; 2; 10'),(596,'Сдано','6; 10; 1'),(599,'Сдано','11; 5'),(601,'Сдано','15'),(603,'Сдано','10'),(608,'Сдано','17; 2'),(609,'Сдано','10; 5'),(611,'Сдано','8; 10'),(613,'Сдано','5; 8'),(615,'Сдано','11; 1'),(618,'Сдано','14; 3; 10'),(620,'Сдано','10; 17; 1'),(623,'Сдано','6; 8; 2'),(625,'Сдано','14; 2; 6'),(627,'Сдано','7; 2'),(629,'Сдано','1; 3'),(631,'Сдано','10; 8'),(633,'Сдано','6; 1'),(635,'Сдано','18; 10'),(637,'Сдано','12; 4; 4'),(640,'Сдано','10; 19; 1'),(642,'Сдано','6; 13; 6'),(645,'Сдано','20; 8; 2'),(647,'Сдано','21; 16; 10'),(649,'Сдано','7; 2; 3'),(651,'Сдано','1; 5; 9'),(653,'Сдано','18; 3; 5'),(655,'Сдано','17; 22; 8'),(657,'Сдано','9; 23; 7'),(659,'Сдано','15; 11; 6'),(661,'Сдано','13; 6; 1'),(662,'Сдано','19; 10; 4'),(663,'Сдано','4; 12; 10'),(664,'Сдано','20; 8; 3'),(665,'Сдано','21; 16; 9'),(666,'Сдано','7; 2; 5'),(667,'Сдано','1; 5; 8'),(669,'Сдано','8; 12; 4'),(671,'Сдано','4; 19; 1'),(673,'Сдано','6; 11; 6'),(675,'Сдано','23; 9; 7'),(677,'Сдано','21; 16; 8'),(679,'Сдано','2; 3; 5'),(681,'Сдано','5; 18; 9'),(683,'Сдано','10; 20; 3'),(685,'Сдано','15; 13; 10'),(687,'Сдано','22; 17; 2'),(689,'Сдано','7; 1; 5');
/*!40000 ALTER TABLE `theory_test` ENABLE KEYS */;
UNLOCK TABLES;

--
-- Table structure for table `topic`
--

DROP TABLE IF EXISTS `topic`;
/*!40101 SET @saved_cs_client     = @@character_set_client */;
/*!40101 SET character_set_client = utf8 */;
CREATE TABLE `topic` (
  `id_topic` bigint(20) NOT NULL AUTO_INCREMENT,
  `description` text,
  `order_index` int(11) DEFAULT NULL,
  `timelong` double DEFAULT NULL,
  `title` varchar(255) DEFAULT NULL,
  PRIMARY KEY (`id_topic`)
) ENGINE=InnoDB AUTO_INCREMENT=24 DEFAULT CHARSET=utf8;
/*!40101 SET character_set_client = @saved_cs_client */;

--
-- Dumping data for table `topic`
--

LOCK TABLES `topic` WRITE;
/*!40000 ALTER TABLE `topic` DISABLE KEYS */;
INSERT INTO `topic` VALUES (1,'Сущность процессов, напряжения и деформации при сварке, понятия и показатели свариваемости',1,2,'Основы сварки плавлением'),(2,'Классификация, положения при сварке, зачистка кромок',2,2,'Сварные соединения и швы'),(3,'',3,2,'Инструктаж по охране труда. Ознакомление с оборудованием.'),(4,'Стали, электроды и сварочная проволока',0,2,'Основные и сварочные материалы'),(5,'',0,2,'Газы, используемые для газопламенной обработки металлов'),(6,'',0,2,'Газовое факельное пламя.'),(7,'',0,2,'Сварочное оборудование'),(8,'',0,2,'Техника и технология выполнения сварных соединений металлоконструкций'),(9,'',0,2,'Техника и технология выполнения сварных соединений трубопроводов'),(10,'',0,2,'Дефекты сварных соединений'),(11,'',0,2,'Контроль качества сварных соединений'),(12,'',0,1,'Организация сварочных работ'),(13,'',0,1,'Нормативно-техническая документация'),(16,'',0,4,'Упражнения по сварке стыковых и угловых соединений'),(17,'',0,4,'Сварка контрольных образцов в неповоротном вертикальном и горизонтальном положениях'),(22,'',0,2,'Охрана труда при выполнении сварочных работ'),(23,'',0,6,'Консультации и экзамен');
/*!40000 ALTER TABLE `topic` ENABLE KEYS */;
UNLOCK TABLES;

--
-- Table structure for table `total_protocol`
--

DROP TABLE IF EXISTS `total_protocol`;
/*!40101 SET @saved_cs_client     = @@character_set_client */;
/*!40101 SET character_set_client = utf8 */;
CREATE TABLE `total_protocol` (
  `id_total_protocol` bigint(20) NOT NULL AUTO_INCREMENT,
  `number` varchar(255) DEFAULT NULL,
  `date_cert` date DEFAULT NULL,
  `id_journal` bigint(20) DEFAULT NULL,
  `id_commission_certification` bigint(20) DEFAULT NULL,
  PRIMARY KEY (`id_total_protocol`),
  KEY `FK_TOTAL_PROTOCOL_JOURNAL` (`id_journal`),
  KEY `FK_TOTAL_PROTOCOL_COMMISSION_idx` (`id_commission_certification`),
  CONSTRAINT `FK_TOTAL_PROTOCOL_COMMISSION` FOREIGN KEY (`id_commission_certification`) REFERENCES `commission_certification` (`id_commission_certification`) ON DELETE SET NULL ON UPDATE CASCADE,
  CONSTRAINT `FK_TOTAL_PROTOCOL_JOURNAL` FOREIGN KEY (`id_journal`) REFERENCES `journal` (`id_journal`) ON DELETE CASCADE ON UPDATE CASCADE
) ENGINE=InnoDB AUTO_INCREMENT=47 DEFAULT CHARSET=utf8;
/*!40101 SET character_set_client = @saved_cs_client */;

--
-- Dumping data for table `total_protocol`
--

LOCK TABLES `total_protocol` WRITE;
/*!40000 ALTER TABLE `total_protocol` DISABLE KEYS */;
INSERT INTO `total_protocol` VALUES (5,'17','2015-10-09',5,1),(6,'18','2015-10-16',6,1),(7,'19','2015-11-06',7,1),(8,'20','2015-11-13',8,1),(9,'21','2015-11-20',9,1),(10,'22','2015-11-27',10,1),(11,'23','2015-12-04',11,1),(12,'24','2015-12-18',12,1),(13,'1','2016-02-19',13,1),(14,'3','2016-04-01',14,1),(16,'4','2016-04-08',16,1),(17,'5','2016-04-22',17,NULL),(18,'6','2016-05-11',18,1),(19,'7','2016-05-13',19,1),(20,'8','2016-06-03',20,1),(21,'9','2016-07-08',21,1),(22,'10','2016-07-15',22,1),(23,'11','2016-08-05',23,1),(24,'12','2016-08-19',24,1),(25,'13','2016-09-09',25,1),(26,'14','2016-09-30',26,1),(28,'15','2016-10-21',28,1),(29,'16','2016-10-28',29,1),(30,'17','2016-11-11',30,1),(31,'18','2016-11-25',31,1),(32,'19','2016-12-09',32,1),(35,'20','2016-12-16',35,1),(36,'21','2016-12-23',36,1),(37,'22','2016-12-30',37,1),(38,'1','2017-01-20',38,1),(39,'2','2017-02-03',39,1),(40,'3','2017-02-24',40,1),(41,'4','2017-03-17',41,1),(42,'5','2017-04-14',42,1),(43,'6','2017-05-16',43,1),(44,'7','2017-05-19',44,1),(45,'8','2017-05-26',45,1),(46,'9','2017-06-02',46,NULL);
/*!40000 ALTER TABLE `total_protocol` ENABLE KEYS */;
UNLOCK TABLES;

--
-- Table structure for table `visual_test`
--

DROP TABLE IF EXISTS `visual_test`;
/*!40101 SET @saved_cs_client     = @@character_set_client */;
/*!40101 SET character_set_client = utf8 */;
CREATE TABLE `visual_test` (
  `id_visual_test` bigint(20) NOT NULL AUTO_INCREMENT,
  `defects` varchar(255) DEFAULT NULL,
  `number` varchar(255) DEFAULT NULL,
  `prot_date` date DEFAULT NULL,
  `id_evaluation` bigint(20) DEFAULT NULL,
  `id_weld_pattern` bigint(20) DEFAULT NULL,
  PRIMARY KEY (`id_visual_test`),
  KEY `FKB129FE31D7AE25E9` (`id_weld_pattern`),
  KEY `FKB129FE31588CCF58` (`id_evaluation`),
  CONSTRAINT `FKB129FE31588CCF58` FOREIGN KEY (`id_evaluation`) REFERENCES `evaluation` (`id_evaluation`) ON DELETE SET NULL ON UPDATE CASCADE,
  CONSTRAINT `FKB129FE31D7AE25E9` FOREIGN KEY (`id_weld_pattern`) REFERENCES `weld_pattern` (`id_weld_pattern`) ON DELETE CASCADE ON UPDATE CASCADE
) ENGINE=InnoDB AUTO_INCREMENT=806 DEFAULT CHARSET=utf8;
/*!40101 SET character_set_client = @saved_cs_client */;

--
-- Dumping data for table `visual_test`
--

LOCK TABLES `visual_test` WRITE;
/*!40000 ALTER TABLE `visual_test` DISABLE KEYS */;
INSERT INTO `visual_test` VALUES (1,'ДНО','14-001','2014-11-06',1,NULL),(2,'ДНО','15-001','2015-08-18',1,NULL),(4,'Пора 0,8мм','15-001','2015-08-18',1,NULL),(8,'ДНО','16','2015-09-11',1,NULL),(9,'ДНО','16','2015-09-11',1,NULL),(10,'ДНО','16','2015-09-11',1,NULL),(11,'ДНО','16','2015-09-11',1,NULL),(12,'ДНО','16','2015-09-11',1,NULL),(13,'ДНО','16','2015-09-11',1,NULL),(14,'ДНО','16','2015-09-11',1,NULL),(15,'','17','2015-10-09',1,NULL),(16,'','17','2015-10-09',1,NULL),(17,'','17','2015-10-09',1,NULL),(36,'','17','2015-10-09',1,NULL),(40,'','17','2015-10-09',1,NULL),(44,'','17','2015-10-09',1,NULL),(45,'','17','2015-10-09',1,NULL),(47,'','17','2015-10-09',1,NULL),(50,'','17','2015-10-09',1,NULL),(56,'','17','2015-10-09',1,NULL),(58,'','17','2015-10-09',1,NULL),(70,'','17','2015-10-09',1,NULL),(72,'','17','2015-10-09',1,NULL),(73,'','17','2015-10-09',1,NULL),(74,'','17','2015-10-09',1,NULL),(75,'','17','2015-10-09',1,NULL),(77,'','17','2015-10-09',1,NULL),(78,'','17','2015-10-09',1,NULL),(79,'','17','2015-10-09',1,NULL),(80,'','17','2015-10-09',1,NULL),(81,'','17','2015-10-09',1,NULL),(82,'','17','2015-10-09',1,NULL),(83,'','17','2015-10-09',1,NULL),(84,'','17','2015-10-09',1,NULL),(85,'','17','2015-10-09',1,NULL),(86,'','17','2015-10-09',1,NULL),(87,'','17','2015-10-09',1,NULL),(88,'','17','2015-10-09',1,NULL),(89,'','17','2015-10-09',1,NULL),(90,'','17','2015-10-09',1,NULL),(91,'','17','2015-10-09',1,NULL),(93,'','18','2015-10-16',1,NULL),(94,'','18','2015-10-16',1,NULL),(96,'','18','2015-10-16',1,NULL),(97,'','18','2015-10-16',1,NULL),(98,'','18','2015-10-16',1,NULL),(103,'','18','2015-10-16',1,NULL),(104,'','18','2015-10-16',1,NULL),(105,'','18','2015-10-16',1,NULL),(106,'','18','2015-10-16',1,NULL),(107,'','18','2015-10-16',1,NULL),(111,'','17','2015-10-09',1,NULL),(112,'','18','2015-10-16',1,NULL),(114,'','18','2015-10-16',1,NULL),(115,'','18','2015-10-16',1,NULL),(117,'','18','2015-10-16',1,NULL),(118,'','18','2015-10-16',1,NULL),(120,'','18','2015-10-16',1,NULL),(122,'','18','2015-10-16',1,NULL),(123,'','18','2015-10-16',1,NULL),(124,'','18','2015-10-16',1,NULL),(126,'','18','2015-10-16',1,NULL),(127,'','18','2015-10-16',1,NULL),(129,'','18','2015-10-16',1,NULL),(130,'','18','2015-10-16',1,NULL),(131,'','18','2015-10-16',1,NULL),(132,'','18','2015-10-16',1,NULL),(133,'','18','2015-10-16',1,NULL),(134,'','18','2015-10-16',1,NULL),(136,'','18','2015-10-16',1,NULL),(138,'','18','2015-10-16',1,NULL),(139,'','18','2015-10-16',1,NULL),(140,'','18','2015-10-16',1,NULL),(141,'','18','2015-10-16',1,NULL),(142,'','18','2015-10-16',1,NULL),(143,'','18','2015-10-16',1,NULL),(144,'','18','2015-10-16',1,NULL),(145,'','18','2015-10-16',1,NULL),(147,'','18','2015-10-16',1,NULL),(148,'','18','2015-10-16',1,NULL),(149,'','18','2015-10-16',1,NULL),(150,'','18','2015-10-16',1,NULL),(151,'','18','2015-10-16',1,NULL),(152,'','18','2015-10-16',1,NULL),(153,'','18','2015-10-16',1,NULL),(155,'','18','2015-10-16',1,NULL),(156,'','18','2015-10-16',1,NULL),(157,'','18','2015-10-16',1,NULL),(158,'','18','2015-10-16',1,NULL),(159,'','19','2015-11-06',1,NULL),(160,'','19','2015-11-06',1,NULL),(161,'','19','2015-11-06',1,NULL),(162,'','19','2015-11-06',1,NULL),(163,'','19','2015-11-06',1,NULL),(164,'','19','2015-11-06',1,NULL),(165,'','19','2015-11-06',1,NULL),(166,'','19','2015-11-06',1,NULL),(167,'','19','2015-11-06',NULL,NULL),(171,'','20','2015-11-13',1,NULL),(172,'','20','2015-11-13',1,NULL),(174,'','20','2015-11-13',1,NULL),(175,'','20','2015-11-13',1,NULL),(176,'','20','2015-11-13',1,NULL),(177,'','20','2015-11-13',1,NULL),(178,'','20','2015-11-13',1,NULL),(181,'','20','2015-11-13',1,NULL),(182,'','20','2015-11-13',1,NULL),(183,'','20','2015-11-13',1,NULL),(184,'','20','2015-11-13',1,NULL),(185,'','20','2015-11-13',1,NULL),(186,'','20','2015-11-13',1,NULL),(187,'','20','2015-11-13',1,NULL),(188,'','20','2015-11-13',1,NULL),(189,'','20','2015-11-13',1,NULL),(190,'','20','2015-11-13',1,NULL),(192,'','20','2015-11-13',1,NULL),(193,'','20','2015-11-13',1,NULL),(195,'','20','2015-11-13',1,NULL),(196,'','20','2015-11-13',1,NULL),(198,'','20','2015-11-13',1,NULL),(199,'','20','2015-11-13',1,NULL),(200,'','20','2015-11-13',1,NULL),(201,'','20','2015-11-13',1,NULL),(202,'','20','2015-11-13',1,NULL),(203,'','20','2015-11-13',1,NULL),(207,'','21','2015-11-20',1,NULL),(208,'','21','2015-11-20',1,NULL),(209,'','21','2015-11-20',1,NULL),(210,'','21','2015-11-20',1,NULL),(212,'','21','2015-11-20',1,NULL),(213,'','21','2015-11-20',1,NULL),(214,'','21','2015-11-20',1,NULL),(215,'','21','2015-11-20',1,NULL),(216,'','21','2015-11-20',1,NULL),(217,'','21','2015-11-20',1,NULL),(218,'','21','2015-11-20',1,NULL),(221,'','21','2015-11-20',1,NULL),(222,'','21','2015-11-20',1,NULL),(223,'','21','2015-11-20',1,NULL),(224,'','21','2015-11-20',1,NULL),(225,'','21','2015-11-20',1,NULL),(226,'','21','2015-11-20',1,NULL),(227,'','21','2015-11-20',1,NULL),(228,'','21','2015-11-20',1,NULL),(229,'','21','2015-11-20',1,NULL),(231,'','21','2015-11-20',1,NULL),(232,'','21','2015-11-20',1,NULL),(233,'','21','2015-11-20',1,NULL),(234,'','21','2015-11-20',1,NULL),(235,'','22','2015-11-27',1,NULL),(237,'','22','2015-11-27',1,NULL),(238,'','22','2015-11-27',1,NULL),(239,'','22','2015-11-27',1,NULL),(240,'','22','2015-11-27',NULL,NULL),(241,'','22','2015-11-27',1,NULL),(242,'','22','2015-11-27',1,NULL),(243,'','22','2015-11-27',1,NULL),(244,'','22','2015-11-27',1,NULL),(246,'','22','2015-11-27',1,NULL),(247,'','22','2015-11-27',1,NULL),(250,'','22','2015-11-27',1,NULL),(251,'','22','2015-11-27',1,NULL),(252,'','22','2015-11-27',1,NULL),(253,'','22','2015-11-27',1,NULL),(254,'','22','2015-11-27',1,NULL),(256,'','22','2015-11-27',1,NULL),(257,'','22','2015-11-27',1,NULL),(258,'','22','2015-11-27',1,NULL),(259,'','22','2015-11-27',1,NULL),(260,'','22','2015-11-27',1,NULL),(261,'','22','2015-11-27',1,NULL),(262,'','22','2015-11-27',1,NULL),(263,'','22','2015-11-27',1,NULL),(265,'','23','2015-12-04',1,NULL),(269,'','23','2015-12-04',1,NULL),(270,'','23','2015-12-04',1,NULL),(271,'','23','2015-12-04',1,NULL),(273,'','23','2015-12-04',1,NULL),(274,'','23','2015-12-04',1,NULL),(275,'','23','2015-12-04',1,NULL),(276,'','24','2015-12-18',1,NULL),(277,'','24','2015-12-18',1,NULL),(278,'','24','2015-12-18',1,NULL),(279,'','24','2015-12-18',1,NULL),(280,'','24','2015-12-18',1,NULL),(281,'','24','2015-12-18',1,NULL),(282,'','24','2015-12-18',1,NULL),(283,'','24','2015-12-18',1,NULL),(285,'','24','2015-12-18',1,NULL),(286,'','24','2015-12-18',1,NULL),(287,'','24','2015-12-18',1,NULL),(288,'','24','2015-12-18',1,NULL),(289,'','24','2015-12-18',1,NULL),(290,'','24','2015-12-18',1,NULL),(291,'','24','2015-12-18',1,NULL),(292,'','1','2016-02-19',1,NULL),(293,'','1','2016-02-19',1,NULL),(294,'','1','2016-02-19',1,NULL),(296,'','1','2016-02-19',1,NULL),(297,'','1','2016-02-19',1,NULL),(298,'','3','2016-04-01',1,NULL),(299,'','3','2016-04-01',1,NULL),(300,'','3','2016-04-01',1,NULL),(301,'','3','2016-04-01',1,NULL),(302,'','3','2016-04-01',1,NULL),(303,'','3','2016-04-01',1,NULL),(304,'','3','2016-04-01',1,NULL),(305,'','3','2016-04-01',1,NULL),(306,'','3','2016-04-01',1,NULL),(307,'','3','2016-04-01',1,NULL),(308,'','3','2016-04-01',1,NULL),(309,'','3','2016-04-01',1,NULL),(310,'','3','2016-04-01',1,NULL),(314,'','3','2016-04-01',1,NULL),(315,'','3','2016-04-01',1,NULL),(316,'','3','2016-04-01',1,NULL),(318,'','3','2016-04-01',1,NULL),(319,'','3','2016-04-01',1,NULL),(320,'','3','2016-04-01',1,NULL),(322,'','3','2016-04-01',1,NULL),(324,'','3','2016-04-01',1,NULL),(325,'','3','2016-04-01',1,NULL),(326,'','3','2016-04-01',1,NULL),(327,'','4','2016-04-08',1,NULL),(328,'','4','2016-04-08',1,NULL),(329,'','4','2016-04-08',1,NULL),(330,'','4','2016-04-08',1,NULL),(331,'','4','2016-04-08',1,NULL),(332,'','4','2016-04-08',1,NULL),(333,'','4','2016-04-08',1,NULL),(334,'','4','2016-04-08',1,NULL),(335,'','4','2016-04-08',1,NULL),(336,'','4','2016-04-08',1,NULL),(337,'','4','2016-04-08',1,NULL),(339,'','4','2016-04-08',1,NULL),(340,'','4','2016-04-08',1,NULL),(341,'','4','2016-04-08',1,NULL),(342,'','4','2016-04-08',1,NULL),(343,'','4','2016-04-08',1,NULL),(344,'','5','2016-04-22',1,NULL),(345,'','5','2016-04-22',1,NULL),(346,'','5','2016-04-22',1,NULL),(347,'','5','2016-04-22',1,NULL),(348,'','5','2016-04-22',1,NULL),(349,'','5','2016-04-22',1,NULL),(350,'','6','2016-05-11',1,NULL),(351,'','6','2016-05-11',1,NULL),(352,'','6','2016-05-11',1,NULL),(353,'','6','2016-05-11',1,NULL),(354,'','6','2016-05-11',1,NULL),(355,'','6','2016-05-11',1,NULL),(356,'','6','2016-05-11',1,NULL),(357,'','6','2016-05-11',1,NULL),(358,'','6','2016-05-11',1,NULL),(359,'','6','2016-05-11',1,NULL),(360,'','6','2016-05-11',1,NULL),(361,'','6','2016-05-11',1,NULL),(364,'','6','2016-05-11',1,NULL),(366,'','6','2016-05-11',1,NULL),(367,'','6','2016-05-11',1,NULL),(368,'','6','2016-05-11',1,NULL),(369,'','6','2016-05-11',1,NULL),(370,'','6','2016-05-11',1,NULL),(371,'','7','2016-05-13',1,NULL),(372,'','7','2016-05-13',1,NULL),(374,'','7','2016-05-13',1,NULL),(375,'','7','2016-05-13',1,NULL),(377,'','7','2016-05-13',1,NULL),(378,'','7','2016-05-13',1,NULL),(380,'','7','2016-05-13',1,NULL),(381,'','7','2016-05-13',1,NULL),(382,'','7','2016-05-13',1,NULL),(383,'','7','2016-05-13',1,NULL),(384,'','7','2016-05-13',1,NULL),(385,'','7','2016-05-13',1,NULL),(386,'','7','2016-05-13',1,NULL),(387,'','7','2016-05-13',1,NULL),(388,'','7','2016-05-13',1,NULL),(389,'','7','2016-05-13',1,NULL),(390,'','7','2016-05-13',1,NULL),(391,'','8','2016-06-03',1,NULL),(392,'','8','2016-06-03',1,NULL),(393,'','8','2016-06-03',1,NULL),(394,'','8','2016-06-03',1,NULL),(395,'','8','2016-06-03',1,NULL),(396,'','8','2016-06-03',1,NULL),(397,'','8','2016-06-03',1,NULL),(398,'','8','2016-06-03',1,NULL),(399,'','8','2016-06-03',1,NULL),(400,'','8','2016-06-03',1,NULL),(401,'','8','2016-06-03',1,NULL),(402,'','8','2016-06-03',1,NULL),(403,'','8','2016-06-03',1,NULL),(404,'','9','2016-07-08',1,NULL),(405,'','9','2016-07-08',1,NULL),(406,'','9','2016-07-08',1,NULL),(407,'','9','2016-07-08',1,NULL),(408,'','9','2016-07-08',1,NULL),(409,'','9','2016-07-08',1,NULL),(410,'','9','2016-07-08',1,NULL),(411,'','9','2016-07-08',1,NULL),(412,'','9','2016-07-08',1,NULL),(413,'','9','2016-07-08',1,NULL),(415,'','9','2016-07-08',1,NULL),(416,'','9','2016-07-08',1,NULL),(417,'','9','2016-07-08',1,NULL),(418,'','9','2016-07-08',NULL,NULL),(420,'','9','2016-07-08',1,NULL),(421,'','9','2016-07-08',1,NULL),(422,'','9','2016-07-08',1,NULL),(423,'','9','2016-07-08',1,NULL),(424,'','9','2016-07-08',1,NULL),(426,'','9','2016-07-08',1,NULL),(427,'','9','2016-07-08',1,NULL),(428,'','9','2016-07-08',1,NULL),(429,'','9','2016-07-08',NULL,NULL),(430,'','9','2016-07-08',1,NULL),(431,'','9','2016-07-08',1,NULL),(433,'','9','2016-07-08',1,NULL),(434,'','9','2016-07-08',1,NULL),(435,'','9','2016-07-08',1,NULL),(436,'','9','2016-07-08',1,NULL),(437,'','9','2016-07-08',1,NULL),(438,'','10','2016-07-15',1,NULL),(439,'','10','2016-07-15',1,NULL),(440,'','10','2016-07-15',1,NULL),(441,'','10','2016-07-15',1,NULL),(442,'','10','2016-07-15',1,NULL),(443,'','10','2016-07-15',1,NULL),(444,'','10','2016-07-15',1,NULL),(445,'','10','2016-07-15',1,NULL),(446,'','10','2016-07-15',1,NULL),(447,'','10','2016-07-15',1,NULL),(449,'','10','2016-07-15',1,NULL),(450,'','10','2016-07-15',1,NULL),(451,'','10','2016-07-15',1,NULL),(452,'','10','2016-07-15',1,NULL),(453,'','10','2016-07-15',1,NULL),(454,'','10','2016-07-15',1,NULL),(455,'','11','2016-08-05',1,NULL),(456,'','11','2016-08-05',1,NULL),(459,'','11','2016-08-05',1,NULL),(460,'','11','2016-08-05',1,NULL),(461,'','11','2016-08-05',1,NULL),(462,'','11','2016-08-05',1,NULL),(463,'','11','2016-08-05',1,NULL),(464,'','11','2016-08-05',1,NULL),(465,'','11','2016-08-05',1,NULL),(466,'','11','2016-08-05',1,NULL),(467,'','11','2016-08-05',1,NULL),(468,'','11','2016-08-05',1,NULL),(469,'','11','2016-08-05',1,NULL),(470,'','11','2016-08-05',1,NULL),(471,'','11','2016-08-05',1,NULL),(472,'','11','2016-08-05',1,NULL),(473,'','12','2016-08-19',1,NULL),(474,'','12','2016-08-19',1,NULL),(476,'','12','2016-08-19',1,NULL),(477,'','12','2016-08-19',1,NULL),(478,'','12','2016-08-19',1,NULL),(479,'','12','2016-08-19',1,NULL),(480,'','12','2016-08-19',1,NULL),(481,'','12','2016-08-19',1,NULL),(482,'','12','2016-08-19',NULL,NULL),(483,'','12','2016-08-19',1,NULL),(484,'','12','2016-08-19',1,NULL),(485,'','12','2016-08-19',1,NULL),(486,'','12','2016-08-19',1,NULL),(487,'','12','2016-08-19',1,NULL),(488,'','12','2016-08-19',1,NULL),(489,'','12','2016-08-19',1,NULL),(490,'','12','2016-08-19',1,NULL),(491,'','12','2016-08-19',1,NULL),(492,'','13','2016-09-09',1,NULL),(493,'','13','2016-09-09',1,NULL),(494,'','13','2016-09-09',1,NULL),(495,'','13','2016-09-09',1,NULL),(496,'','13','2016-09-09',1,NULL),(497,'','13','2016-09-09',1,NULL),(498,'','13','2016-09-09',1,NULL),(499,'','13','2016-09-09',1,NULL),(501,'','13','2016-09-09',1,NULL),(502,'','13','2016-09-09',1,NULL),(503,'','13','2016-09-09',1,NULL),(504,'','13','2016-09-09',1,NULL),(506,'','14','2016-09-30',1,NULL),(507,'','14','2016-09-30',1,NULL),(508,'','14','2016-09-30',1,NULL),(509,'','14','2016-09-30',1,NULL),(510,'','14','2016-09-30',1,NULL),(511,'','14','2016-09-30',1,NULL),(512,'','14','2016-09-30',1,NULL),(513,'','14','2016-09-30',1,NULL),(514,'','14','2016-09-30',1,NULL),(516,'','15','2016-10-21',1,NULL),(517,'','15','2016-10-21',1,NULL),(518,'','15','2016-10-21',1,NULL),(519,'','15','2016-10-21',1,NULL),(520,'','15','2016-10-21',1,NULL),(521,'','15','2016-10-21',1,NULL),(522,'','15','2016-10-21',1,NULL),(523,'','15','2016-10-21',1,NULL),(525,'','15','2016-10-21',1,NULL),(527,'','15','2016-10-21',1,NULL),(528,'','15','2016-10-21',1,NULL),(529,'','15','2016-10-21',1,NULL),(530,'','15','2016-10-21',1,NULL),(531,'','15','2016-10-21',1,NULL),(532,'','15','2016-10-21',1,NULL),(533,'','15','2016-10-21',1,NULL),(534,'','15','2016-10-21',1,NULL),(535,'','15','2016-10-21',1,NULL),(536,'','15','2016-10-21',1,NULL),(537,'','15','2016-10-21',1,NULL),(538,'','15','2016-10-21',NULL,NULL),(539,'','15','2016-10-21',1,NULL),(540,'','15','2016-10-21',1,NULL),(541,'','15','2016-10-21',1,NULL),(542,'','15','2016-10-21',1,NULL),(543,'','15','2016-10-21',1,NULL),(544,'','15','2016-10-21',1,NULL),(545,'','15','2016-10-21',1,NULL),(546,'','15','2016-10-21',1,NULL),(547,'','15','2016-10-21',1,NULL),(548,'','15','2016-10-21',1,NULL),(549,'','15','2016-10-21',1,NULL),(550,'','15','2016-10-21',1,NULL),(551,'','15','2016-10-21',1,NULL),(552,'','15','2016-10-21',1,NULL),(553,'','15','2016-10-21',1,NULL),(554,'','15','2016-10-21',1,NULL),(555,'','15','2016-10-21',1,NULL),(556,'','15','2016-10-21',1,NULL),(557,'','15','2016-10-21',1,NULL),(558,'','15','2016-10-21',1,NULL),(560,'','15','2016-10-21',1,NULL),(561,'','16','2016-10-28',1,NULL),(562,'','16','2016-10-28',1,NULL),(563,'','17','2016-11-11',1,NULL),(564,'','17','2016-11-11',NULL,NULL),(565,'','17','2016-11-11',1,NULL),(566,'','17','2016-11-11',1,NULL),(567,'','17','2016-11-11',1,NULL),(568,'','17','2016-11-11',1,NULL),(569,'','17','2016-11-11',1,NULL),(570,'','17','2016-11-11',1,NULL),(571,'','17','2016-11-11',1,NULL),(572,'','17','2016-11-11',1,NULL),(574,'','18','2016-11-25',1,NULL),(576,'','18','2016-11-25',1,NULL),(577,'','18','2016-11-25',1,NULL),(578,'','18','2016-11-25',1,NULL),(579,'','18','2016-11-25',1,NULL),(580,'','18','2016-11-25',1,NULL),(582,'','19','2016-12-09',1,NULL),(583,'','19','2016-12-09',1,NULL),(584,'','19','2016-12-09',1,NULL),(585,'','19','2016-12-09',1,NULL),(586,'','19','2016-12-09',1,NULL),(587,'','19','2016-12-09',1,NULL),(588,'','19','2016-12-09',1,NULL),(589,'','19','2016-12-09',1,NULL),(590,'','19','2016-12-09',1,NULL),(592,'','19','2016-12-09',1,NULL),(593,'','20','2016-12-16',1,NULL),(594,'','20','2016-12-16',1,NULL),(595,'','20','2016-12-16',1,NULL),(596,'','20','2016-12-16',1,NULL),(598,'','20','2016-12-16',1,NULL),(599,'','20','2016-12-16',1,NULL),(600,'','20','2016-12-16',1,NULL),(601,'','20','2016-12-16',1,NULL),(602,'','20','2016-12-16',1,NULL),(603,'','20','2016-12-16',1,NULL),(604,'','20','2016-12-16',1,NULL),(605,'','20','2016-12-16',1,NULL),(606,'','20','2016-12-16',1,NULL),(607,'','20','2016-12-16',1,NULL),(608,'','20','2016-12-16',1,NULL),(609,'','20','2016-12-16',1,NULL),(610,'','20','2016-12-16',1,NULL),(611,'','20','2016-12-16',1,NULL),(612,'','21','2016-12-23',1,NULL),(613,'','21','2016-12-23',1,NULL),(614,'','21','2016-12-23',1,NULL),(615,'','21','2016-12-23',1,NULL),(616,'','21','2016-12-23',1,NULL),(617,'','21','2016-12-23',1,NULL),(618,'','21','2016-12-23',1,NULL),(619,'','21','2016-12-23',1,NULL),(620,'','21','2016-12-23',1,NULL),(621,'','21','2016-12-23',1,NULL),(622,'','21','2016-12-23',1,NULL),(623,'','21','2016-12-23',1,NULL),(624,'','21','2016-12-23',1,NULL),(625,'','21','2016-12-23',1,NULL),(626,'','21','2016-12-23',1,NULL),(627,'','21','2016-12-23',1,NULL),(628,'','21','2016-12-23',1,NULL),(630,'','21','2016-12-23',1,NULL),(631,'','21','2016-12-23',1,NULL),(632,'','21','2016-12-23',1,NULL),(633,'','21','2016-12-23',1,NULL),(634,'','21','2016-12-23',1,NULL),(635,'','21','2016-12-23',1,NULL),(636,'','22','2016-12-30',1,NULL),(638,'','22','2016-12-30',1,NULL),(639,'','22','2016-12-30',1,NULL),(640,'','22','2016-12-30',1,NULL),(641,'','22','2016-12-30',1,NULL),(642,'','22','2016-12-30',1,NULL),(643,'','22','2016-12-30',1,NULL),(644,'','22','2016-12-30',1,NULL),(645,'','22','2016-12-30',1,NULL),(646,'','22','2016-12-30',1,NULL),(647,'','22','2016-12-30',1,NULL),(648,'','22','2016-12-30',1,NULL),(649,'','22','2016-12-30',1,NULL),(650,'','22','2016-12-30',1,NULL),(651,'','22','2016-12-30',1,NULL),(652,'','1','2017-01-20',1,NULL),(653,'','1','2017-01-20',1,NULL),(655,'','1','2017-01-20',1,NULL),(657,'','1','2017-01-20',1,NULL),(659,'','1','2017-01-20',1,NULL),(661,'','1','2017-01-20',1,NULL),(663,'','1','2017-01-20',1,NULL),(666,'','1','2017-01-20',1,NULL),(668,'','1','2017-01-20',1,NULL),(670,'','1','2017-01-20',1,NULL),(672,'','1','2017-01-20',1,NULL),(674,'','1','2017-01-20',1,NULL),(676,'','1','2017-01-20',1,NULL),(677,'','1','2017-01-20',1,NULL),(678,'','1','2017-01-20',1,NULL),(679,'','1','2017-01-20',1,NULL),(680,'','1','2017-01-20',1,NULL),(681,'','1','2017-01-20',1,NULL),(682,'','1','2017-01-20',1,NULL),(683,'','1','2017-01-20',1,NULL),(684,'','1','2017-01-20',1,NULL),(685,'','1','2017-01-20',1,NULL),(686,'','1','2017-01-20',1,NULL),(687,'','1','2017-01-20',1,NULL),(688,'','1','2017-01-20',1,NULL),(689,'','1','2017-01-20',1,NULL),(690,'','1','2017-01-20',1,NULL),(691,'','1','2017-01-20',1,NULL),(692,'','2','2017-02-03',1,NULL),(693,'','2','2017-02-03',1,NULL),(694,'','2','2017-02-03',1,NULL),(695,'','2','2017-02-03',1,NULL),(697,'','2','2017-02-03',1,NULL),(698,'','2','2017-02-03',1,NULL),(699,'','2','2017-02-03',1,NULL),(700,'','2','2017-02-03',1,NULL),(701,'','2','2017-02-03',1,NULL),(702,'','2','2017-02-03',1,NULL),(703,'','2','2017-02-03',1,NULL),(704,'','3','2017-02-24',1,NULL),(705,'','3','2017-02-24',1,NULL),(706,'','3','2017-02-24',1,NULL),(707,'','3','2017-02-24',1,NULL),(708,'','3','2017-02-24',1,NULL),(709,'','3','2017-02-24',1,NULL),(710,'','3','2017-02-24',1,NULL),(711,'','3','2017-02-24',1,NULL),(712,'','4','2017-03-17',1,NULL),(713,'','4','2017-03-17',1,NULL),(714,'','4','2017-03-17',1,NULL),(715,'','4','2017-03-17',1,NULL),(717,'','4','2017-03-17',1,NULL),(718,'','4','2017-03-17',1,NULL),(720,'','4','2017-03-17',1,NULL),(721,'','4','2017-03-17',1,NULL),(722,'','4','2017-03-17',1,NULL),(723,'','4','2017-03-17',1,NULL),(724,'','4','2017-03-17',1,NULL),(726,'','5','2017-04-14',1,NULL),(728,'','5','2017-04-14',1,NULL),(729,'','5','2017-04-14',1,NULL),(730,'','5','2017-04-14',1,NULL),(731,'','5','2017-04-14',1,NULL),(733,'','5','2017-04-14',1,NULL),(734,'','6','2017-05-16',1,NULL),(735,'','6','2017-05-16',1,NULL),(736,'','6','2017-05-16',1,NULL),(737,'','6','2017-05-16',1,NULL),(738,'','6','2017-05-16',1,NULL),(739,'','6','2017-05-16',1,NULL),(740,'','6','2017-05-16',1,NULL),(741,'','6','2017-05-16',1,NULL),(742,'','6','2017-05-16',1,NULL),(743,'','6','2017-05-16',1,NULL),(744,'','6','2017-05-16',1,NULL),(745,'','6','2017-05-16',1,NULL),(746,'','7','2017-05-19',1,NULL),(747,'','7','2017-05-19',1,NULL),(748,'','7','2017-05-19',1,NULL),(749,'','7','2017-05-19',1,NULL),(750,'','7','2017-05-19',1,NULL),(751,'','7','2017-05-19',1,NULL),(752,'','7','2017-05-19',1,NULL),(753,'','7','2017-05-19',1,NULL),(755,'','7','2017-05-19',1,NULL),(756,'','7','2017-05-19',1,NULL),(757,'','7','2017-05-19',1,NULL),(758,'','7','2017-05-19',1,NULL),(759,'','7','2017-05-19',1,NULL),(760,'','7','2017-05-19',1,NULL),(761,'','7','2017-05-19',1,NULL),(762,'','7','2017-05-19',1,NULL),(763,'','7','2017-05-19',1,NULL),(764,'','7','2017-05-19',1,NULL),(765,'','7','2017-05-19',1,NULL),(766,'','7','2017-05-19',1,NULL),(767,'','7','2017-05-19',1,NULL),(768,'','7','2017-05-19',1,NULL),(769,'','7','2017-05-19',1,NULL),(770,'','7','2017-05-19',1,NULL),(771,'','7','2017-05-19',1,NULL),(772,'','7','2017-05-19',1,NULL),(773,'','7','2017-05-19',1,NULL),(774,'','7','2017-05-19',1,NULL),(775,'','7','2017-05-19',1,NULL),(776,'','7','2017-05-19',1,NULL),(777,'','7','2017-05-19',1,NULL),(778,'','7','2017-05-19',1,NULL),(779,'','7','2017-05-19',1,NULL),(780,'','7','2017-05-19',1,NULL),(781,'','7','2017-05-19',1,NULL),(782,'','7','2017-05-19',1,NULL),(783,'','8','2017-05-26',1,NULL),(784,'','8','2017-05-26',1,NULL),(785,'','8','2017-05-26',1,NULL),(786,'','8','2017-05-26',1,NULL),(787,'','8','2017-05-26',1,NULL),(788,'','8','2017-05-26',1,NULL),(789,'','8','2017-05-26',1,NULL),(790,'','8','2017-05-26',1,NULL),(792,'','8','2017-05-26',1,NULL),(793,'','8','2017-05-26',1,NULL),(794,'','8','2017-05-26',1,NULL),(795,'','8','2017-05-26',1,NULL),(796,'','8','2017-05-26',1,NULL),(797,'','8','2017-05-26',1,NULL),(798,'','8','2017-05-26',1,NULL),(799,'','8','2017-05-26',1,NULL),(800,'','8','2017-05-26',1,NULL),(801,'','8','2017-05-26',1,NULL),(802,'','8','2017-05-26',1,NULL),(803,'','8','2017-05-26',1,NULL),(804,'','8','2017-05-26',1,NULL),(805,'','8','2017-05-26',1,NULL);
/*!40000 ALTER TABLE `visual_test` ENABLE KEYS */;
UNLOCK TABLES;

--
-- Table structure for table `weld_detail`
--

DROP TABLE IF EXISTS `weld_detail`;
/*!40101 SET @saved_cs_client     = @@character_set_client */;
/*!40101 SET character_set_client = utf8 */;
CREATE TABLE `weld_detail` (
  `id_weld_detail` bigint(20) NOT NULL AUTO_INCREMENT,
  `code` varchar(255) DEFAULT NULL,
  `type` varchar(255) DEFAULT NULL,
  PRIMARY KEY (`id_weld_detail`)
) ENGINE=InnoDB AUTO_INCREMENT=3 DEFAULT CHARSET=utf8;
/*!40101 SET character_set_client = @saved_cs_client */;

--
-- Dumping data for table `weld_detail`
--

LOCK TABLES `weld_detail` WRITE;
/*!40000 ALTER TABLE `weld_detail` DISABLE KEYS */;
INSERT INTO `weld_detail` VALUES (1,'P','Пластина'),(2,'T','Труба');
/*!40000 ALTER TABLE `weld_detail` ENABLE KEYS */;
UNLOCK TABLES;

--
-- Table structure for table `weld_gas`
--

DROP TABLE IF EXISTS `weld_gas`;
/*!40101 SET @saved_cs_client     = @@character_set_client */;
/*!40101 SET character_set_client = utf8 */;
CREATE TABLE `weld_gas` (
  `id_weld_gas` bigint(20) NOT NULL AUTO_INCREMENT,
  `type` varchar(255) DEFAULT NULL,
  PRIMARY KEY (`id_weld_gas`)
) ENGINE=InnoDB AUTO_INCREMENT=4 DEFAULT CHARSET=utf8;
/*!40101 SET character_set_client = @saved_cs_client */;

--
-- Dumping data for table `weld_gas`
--

LOCK TABLES `weld_gas` WRITE;
/*!40000 ALTER TABLE `weld_gas` DISABLE KEYS */;
INSERT INTO `weld_gas` VALUES (1,'CO2'),(2,'C2Н2'),(3,'Ar');
/*!40000 ALTER TABLE `weld_gas` ENABLE KEYS */;
UNLOCK TABLES;

--
-- Table structure for table `weld_join_type`
--

DROP TABLE IF EXISTS `weld_join_type`;
/*!40101 SET @saved_cs_client     = @@character_set_client */;
/*!40101 SET character_set_client = utf8 */;
CREATE TABLE `weld_join_type` (
  `id_weld_join_type` bigint(20) NOT NULL AUTO_INCREMENT,
  `type` varchar(45) DEFAULT NULL,
  `description` varchar(200) DEFAULT NULL,
  PRIMARY KEY (`id_weld_join_type`)
) ENGINE=InnoDB AUTO_INCREMENT=11 DEFAULT CHARSET=utf8;
/*!40101 SET character_set_client = @saved_cs_client */;

--
-- Dumping data for table `weld_join_type`
--

LOCK TABLES `weld_join_type` WRITE;
/*!40000 ALTER TABLE `weld_join_type` DISABLE KEYS */;
INSERT INTO `weld_join_type` VALUES (1,'BW','Стыковой шов'),(2,'FW','Угловой шов'),(3,'ss','Одностороннее сварное соединение'),(4,'bs','Двухстороннее сварное соединение'),(5,'mb','С подкладкой'),(6,'nb','Без подкладки'),(7,'gg','С зачисткой корня шва'),(8,'ng','Без зачистки корня шва'),(9,'wm','С присадочным материалом'),(10,'nm','Без присадочного материала');
/*!40000 ALTER TABLE `weld_join_type` ENABLE KEYS */;
UNLOCK TABLES;

--
-- Table structure for table `weld_method`
--

DROP TABLE IF EXISTS `weld_method`;
/*!40101 SET @saved_cs_client     = @@character_set_client */;
/*!40101 SET character_set_client = utf8 */;
CREATE TABLE `weld_method` (
  `id_weld_method` bigint(20) NOT NULL AUTO_INCREMENT,
  `code` varchar(255) DEFAULT NULL,
  `name` varchar(255) DEFAULT NULL,
  PRIMARY KEY (`id_weld_method`)
) ENGINE=InnoDB AUTO_INCREMENT=5 DEFAULT CHARSET=utf8;
/*!40101 SET character_set_client = @saved_cs_client */;

--
-- Dumping data for table `weld_method`
--

LOCK TABLES `weld_method` WRITE;
/*!40000 ALTER TABLE `weld_method` DISABLE KEYS */;
INSERT INTO `weld_method` VALUES (1,'111','РДЭ'),(2,'311','ГС'),(3,'141','ВИГ'),(4,'135','МАГ');
/*!40000 ALTER TABLE `weld_method` ENABLE KEYS */;
UNLOCK TABLES;

--
-- Table structure for table `weld_pattern`
--

DROP TABLE IF EXISTS `weld_pattern`;
/*!40101 SET @saved_cs_client     = @@character_set_client */;
/*!40101 SET character_set_client = utf8 */;
CREATE TABLE `weld_pattern` (
  `id_weld_pattern` bigint(20) NOT NULL AUTO_INCREMENT,
  `diameter` double DEFAULT NULL,
  `is_heat_treatment` tinyint(1) DEFAULT NULL,
  `is_heating` tinyint(1) DEFAULT NULL,
  `mark` varchar(255) DEFAULT NULL,
  `thickness` double DEFAULT NULL,
  `id_electrode` bigint(20) DEFAULT NULL,
  `id_mechanical_test` bigint(20) DEFAULT NULL,
  `id_personal_protocol` bigint(20) DEFAULT NULL,
  `id_radiation_test` bigint(20) DEFAULT NULL,
  `id_steel_type` bigint(20) DEFAULT NULL,
  `id_visual_test` bigint(20) DEFAULT NULL,
  `id_weld_detail` bigint(20) DEFAULT NULL,
  `id_weld_gas` bigint(20) DEFAULT NULL,
  `id_weld_method` bigint(20) DEFAULT NULL,
  `id_weld_wire` bigint(20) DEFAULT NULL,
  PRIMARY KEY (`id_weld_pattern`),
  KEY `FKA8EE0D17291D9D2B` (`id_radiation_test`),
  KEY `FKA8EE0D177B944AC7` (`id_personal_protocol`),
  KEY `FKA8EE0D17FC0038FB` (`id_weld_gas`),
  KEY `FKA8EE0D17941E64B9` (`id_weld_detail`),
  KEY `FKA8EE0D17B2D5D5D9` (`id_weld_method`),
  KEY `FKA8EE0D17245C603B` (`id_visual_test`),
  KEY `FKA8EE0D17A5C46FBB` (`id_steel_type`),
  KEY `FKA8EE0D17427C121B` (`id_mechanical_test`),
  KEY `FKA8EE0D178677AE3A` (`id_electrode`),
  KEY `FKA8EE0D178415AEE1` (`id_weld_wire`),
  CONSTRAINT `FKA8EE0D17245C603B` FOREIGN KEY (`id_visual_test`) REFERENCES `visual_test` (`id_visual_test`) ON DELETE SET NULL ON UPDATE CASCADE,
  CONSTRAINT `FKA8EE0D17291D9D2B` FOREIGN KEY (`id_radiation_test`) REFERENCES `radiation_test` (`id_radiation_test`) ON DELETE SET NULL ON UPDATE CASCADE,
  CONSTRAINT `FKA8EE0D17427C121B` FOREIGN KEY (`id_mechanical_test`) REFERENCES `mechanical_test` (`id_mechanical_test`) ON DELETE SET NULL ON UPDATE CASCADE,
  CONSTRAINT `FKA8EE0D177B944AC7` FOREIGN KEY (`id_personal_protocol`) REFERENCES `personal_protocol` (`id_personal_protocol`) ON DELETE CASCADE ON UPDATE CASCADE,
  CONSTRAINT `FKA8EE0D178415AEE1` FOREIGN KEY (`id_weld_wire`) REFERENCES `weld_wire` (`id_weld_wire`) ON DELETE SET NULL ON UPDATE CASCADE,
  CONSTRAINT `FKA8EE0D178677AE3A` FOREIGN KEY (`id_electrode`) REFERENCES `electrode` (`id_electrode`) ON DELETE SET NULL ON UPDATE CASCADE,
  CONSTRAINT `FKA8EE0D17941E64B9` FOREIGN KEY (`id_weld_detail`) REFERENCES `weld_detail` (`id_weld_detail`) ON DELETE SET NULL ON UPDATE CASCADE,
  CONSTRAINT `FKA8EE0D17A5C46FBB` FOREIGN KEY (`id_steel_type`) REFERENCES `steel_type` (`id_steel_type`) ON DELETE SET NULL ON UPDATE CASCADE,
  CONSTRAINT `FKA8EE0D17B2D5D5D9` FOREIGN KEY (`id_weld_method`) REFERENCES `weld_method` (`id_weld_method`) ON DELETE SET NULL ON UPDATE CASCADE,
  CONSTRAINT `FKA8EE0D17FC0038FB` FOREIGN KEY (`id_weld_gas`) REFERENCES `weld_gas` (`id_weld_gas`) ON DELETE SET NULL ON UPDATE CASCADE
) ENGINE=InnoDB AUTO_INCREMENT=671 DEFAULT CHARSET=utf8;
/*!40101 SET character_set_client = @saved_cs_client */;

--
-- Dumping data for table `weld_pattern`
--

LOCK TABLES `weld_pattern` WRITE;
/*!40000 ALTER TABLE `weld_pattern` DISABLE KEYS */;
INSERT INTO `weld_pattern` VALUES (13,108,0,0,'1',6,4,NULL,10,14,1,15,2,NULL,1,NULL),(14,57,0,0,'2',4,6,NULL,11,15,5,16,2,NULL,1,NULL),(15,159,0,0,'2',8,6,NULL,11,16,5,17,2,NULL,1,NULL),(16,57,0,0,'3',4,NULL,17,12,90,3,89,2,NULL,2,2),(17,40,0,0,'3',2,NULL,NULL,12,78,4,77,2,3,3,3),(18,57,0,0,'4',4,6,NULL,13,79,5,78,2,NULL,1,NULL),(19,159,0,0,'4',8,6,NULL,13,80,5,79,2,NULL,1,NULL),(20,57,0,0,'5',4,4,NULL,14,82,3,81,2,NULL,1,NULL),(21,159,0,0,'5',6,4,NULL,14,83,1,82,2,NULL,1,NULL),(22,89,0,0,'6',5,1,NULL,15,84,3,83,2,NULL,1,NULL),(23,57,0,0,'6',4,NULL,19,15,92,3,91,2,NULL,2,2),(24,57,0,0,'7',4,NULL,14,16,76,3,75,2,NULL,2,2),(25,0,0,0,'8',6,1,NULL,17,36,3,36,1,NULL,1,NULL),(26,159,0,0,'9',13,6,NULL,18,85,5,84,2,NULL,1,NULL),(27,57,0,0,'9',4,6,NULL,18,40,5,40,2,NULL,1,NULL),(28,57,0,0,'10',4,4,NULL,19,44,3,44,2,NULL,1,NULL),(29,159,0,0,'10',8,4,NULL,19,45,1,45,2,NULL,1,NULL),(30,57,0,0,'10',4,NULL,18,19,91,3,90,2,NULL,2,2),(31,57,0,0,'11',4,NULL,12,20,47,3,47,2,NULL,2,2),(32,89,0,0,'12',5,1,NULL,21,50,3,50,2,NULL,1,NULL),(33,57,0,0,'12',4,NULL,16,21,86,3,85,2,NULL,2,2),(34,0,0,0,'13',6,1,NULL,22,56,3,56,1,NULL,1,NULL),(35,57,0,0,'14',4,6,NULL,23,87,5,86,2,NULL,1,NULL),(36,159,0,0,'14',8,6,NULL,23,88,5,87,2,NULL,1,NULL),(37,57,0,0,'15',4,6,NULL,24,89,5,88,2,NULL,1,NULL),(38,159,0,0,'15',8,6,NULL,24,58,5,58,2,NULL,1,NULL),(39,57,0,0,'16',4,4,NULL,25,73,3,72,2,NULL,1,NULL),(40,159,0,0,'16',6,4,NULL,25,74,1,73,2,NULL,1,NULL),(41,40,0,0,'16',2,NULL,NULL,25,75,4,74,2,3,3,3),(42,57,0,0,'4',4,7,NULL,13,71,4,70,2,NULL,1,NULL),(43,159,0,0,'4',8,7,NULL,13,81,4,80,2,NULL,1,NULL),(44,57,0,0,'1',4,NULL,21,26,99,3,98,2,NULL,2,2),(45,57,0,0,'1',4,6,NULL,26,94,5,93,2,NULL,1,NULL),(46,159,0,0,'1',8,6,NULL,26,95,5,94,2,NULL,1,NULL),(47,57,0,0,'1',4,7,NULL,26,98,4,97,2,NULL,1,NULL),(48,159,0,0,'1',8,7,NULL,26,97,4,96,2,NULL,1,NULL),(49,57,0,0,'2',4,NULL,NULL,27,104,5,103,2,3,3,4),(50,159,0,0,'2',8,NULL,NULL,27,105,5,104,2,3,3,4),(51,40,0,0,'2',2,NULL,NULL,27,150,4,148,2,3,3,3),(52,159,0,0,'2',4,NULL,NULL,27,107,4,105,2,3,3,3),(53,57,0,0,'3',4,NULL,22,28,108,3,106,2,NULL,2,5),(54,40,0,0,'3',2,NULL,NULL,28,109,4,107,2,3,3,3),(55,57,0,0,'4',4,NULL,NULL,29,151,3,149,2,NULL,2,5),(56,40,0,0,'4',2,NULL,NULL,29,152,4,150,2,3,3,3),(57,159,0,0,'4',6,7,NULL,29,153,4,151,2,NULL,1,NULL),(58,57,0,0,'16',4,NULL,24,25,113,3,111,2,NULL,2,5),(59,57,0,0,'5',4,NULL,25,30,114,3,112,2,NULL,2,5),(60,57,0,0,'5',4,6,NULL,30,161,5,158,2,NULL,1,NULL),(61,159,0,0,'5',8,6,NULL,30,116,5,114,2,NULL,1,NULL),(62,57,0,0,'6',4,NULL,26,31,117,3,115,2,NULL,2,5),(63,40,0,0,'6',2,NULL,NULL,31,157,4,155,2,NULL,3,3),(64,57,0,0,'7',4,NULL,27,32,119,3,117,2,NULL,2,5),(65,159,0,0,'7',8,4,NULL,32,120,1,118,2,NULL,1,NULL),(66,57,0,0,'8',4,NULL,NULL,33,154,3,152,2,NULL,2,5),(67,57,0,0,'8',4,6,NULL,33,122,5,120,2,NULL,1,NULL),(68,159,0,0,'8',8,6,NULL,33,155,5,153,2,NULL,1,NULL),(69,57,0,0,'9',4,NULL,29,34,124,3,122,2,NULL,2,5),(70,57,0,0,'9',4,6,NULL,34,125,5,123,2,NULL,1,NULL),(71,159,0,0,'9',8,6,NULL,34,126,5,124,2,NULL,1,NULL),(72,57,0,0,'10',4,NULL,38,35,158,3,156,2,NULL,2,5),(73,57,0,0,'11',4,NULL,31,36,128,3,126,2,NULL,2,5),(74,57,0,0,'11',4,6,NULL,36,129,5,127,2,NULL,1,NULL),(75,159,0,0,'11',8,6,NULL,36,159,5,157,2,NULL,1,NULL),(76,57,0,0,'12',4,NULL,32,37,131,3,129,2,NULL,2,5),(77,40,0,0,'12',2,NULL,NULL,37,132,4,130,2,3,3,3),(78,57,0,0,'12',4,6,NULL,37,133,5,131,2,NULL,1,NULL),(79,159,0,0,'12',8,6,NULL,37,134,5,132,2,NULL,1,NULL),(80,57,0,0,'12',4,7,NULL,37,135,4,133,2,NULL,1,NULL),(81,159,0,0,'12',8,6,NULL,37,136,4,134,2,NULL,1,NULL),(82,57,0,0,'13',4,NULL,34,38,138,3,136,2,NULL,2,5),(83,57,0,0,'13',4,6,NULL,38,149,5,147,2,NULL,1,NULL),(84,159,0,0,'13',8,6,NULL,38,140,5,138,2,NULL,1,NULL),(85,57,0,0,'13',4,7,NULL,38,141,4,139,2,NULL,1,NULL),(86,159,0,0,'13',8,7,NULL,38,142,4,140,2,NULL,1,NULL),(87,57,0,0,'14',4,NULL,35,39,143,3,141,2,NULL,2,5),(88,40,0,0,'14',2,NULL,NULL,39,144,4,142,2,3,3,3),(89,57,0,0,'15',4,NULL,36,40,145,3,143,2,NULL,2,5),(90,57,0,0,'15',4,6,NULL,40,146,5,144,2,NULL,1,NULL),(91,159,0,0,'15',8,6,NULL,40,147,5,145,2,NULL,1,NULL),(92,159,0,0,'1',10,4,NULL,41,162,1,159,2,NULL,1,NULL),(93,0,0,0,'2',6,1,NULL,42,163,3,160,1,NULL,1,NULL),(94,0,0,0,'3',6,1,NULL,43,164,3,161,1,NULL,1,NULL),(95,57,0,0,'4',4,4,NULL,44,165,3,162,2,NULL,1,NULL),(96,159,0,0,'4',13,4,NULL,44,166,1,163,2,NULL,1,NULL),(97,57,0,0,'5',4,4,NULL,45,167,3,164,2,NULL,1,NULL),(98,159,0,0,'5',13,4,NULL,45,168,1,165,2,NULL,1,NULL),(99,57,0,0,'6',4,4,NULL,46,169,3,166,2,NULL,1,NULL),(100,159,0,0,'6',13,4,NULL,46,170,1,167,2,NULL,1,NULL),(101,40,0,0,'1',4,1,NULL,47,204,3,198,2,NULL,1,NULL),(102,40,0,0,'1',4,NULL,58,47,205,3,199,2,NULL,2,5),(103,0,0,0,'2',2,NULL,41,48,175,3,171,1,1,4,2),(104,0,0,0,'2',8,NULL,42,48,176,3,172,1,1,4,2),(105,57,0,0,'3',4,NULL,45,49,180,3,175,2,NULL,2,5),(106,89,0,0,'3',5,1,NULL,49,178,3,174,2,NULL,1,NULL),(107,89,0,0,'4',5,1,NULL,50,181,3,176,2,NULL,1,NULL),(108,57,0,0,'4',4,NULL,46,50,182,3,177,2,NULL,2,5),(109,89,0,0,'5',5,1,NULL,51,183,3,178,2,NULL,1,NULL),(110,57,0,0,'5',4,NULL,NULL,51,206,3,200,2,NULL,2,5),(111,89,0,0,'6',5,1,NULL,52,207,3,201,2,NULL,1,NULL),(112,57,0,0,'6',4,NULL,48,52,187,3,181,2,NULL,2,5),(113,40,0,0,'7',4,1,NULL,53,188,3,182,2,NULL,1,NULL),(114,40,0,0,'7',4,NULL,49,53,189,3,183,2,NULL,2,5),(115,89,0,0,'',5,1,NULL,54,190,3,184,2,NULL,1,NULL),(116,57,0,0,'8',4,NULL,50,54,191,3,185,2,NULL,2,5),(117,89,0,0,'9',5,1,NULL,55,192,3,186,2,NULL,1,NULL),(118,57,0,0,'9',4,NULL,51,55,193,3,187,2,NULL,2,5),(119,0,0,0,'10',2,NULL,52,56,194,3,188,1,1,4,2),(120,0,0,0,'10',8,NULL,53,56,195,3,189,1,1,4,2),(121,89,0,0,'10',5,1,NULL,57,196,3,190,2,NULL,1,NULL),(122,57,0,0,'11',4,NULL,NULL,57,208,3,202,2,NULL,2,5),(123,89,0,0,'12',5,1,NULL,58,198,3,192,2,NULL,1,NULL),(124,57,0,0,'12',4,NULL,55,58,199,3,193,2,NULL,2,5),(125,0,0,0,'13',6,1,NULL,59,201,3,195,1,NULL,1,NULL),(126,0,0,0,'14',2,NULL,56,60,202,3,196,1,1,4,2),(127,0,0,0,'14',8,NULL,NULL,60,209,3,203,1,1,4,2),(128,89,0,0,'1',5,1,NULL,61,241,3,234,2,NULL,1,NULL),(129,57,0,0,'1',4,NULL,61,61,214,3,207,2,NULL,2,5),(130,89,0,0,'2',5,1,NULL,62,215,3,208,2,NULL,1,NULL),(131,57,0,0,'',4,NULL,62,62,216,3,209,2,NULL,2,5),(132,89,0,0,'3',5,1,NULL,63,217,3,210,2,NULL,1,NULL),(133,57,0,0,'3',4,NULL,64,63,219,3,212,2,NULL,2,5),(134,89,0,0,'4',5,1,NULL,64,220,3,213,2,NULL,1,NULL),(135,57,0,0,'4',4,NULL,65,64,221,3,214,2,NULL,2,5),(136,89,0,0,'5',5,1,NULL,65,222,3,215,2,NULL,1,NULL),(137,57,0,0,'5',4,NULL,66,65,223,3,216,2,NULL,2,5),(138,89,0,0,'6',5,1,NULL,66,224,3,217,2,NULL,1,NULL),(139,57,0,0,'6',4,NULL,67,66,225,3,218,2,NULL,2,5),(140,89,0,0,'7',5,1,NULL,67,240,3,233,2,NULL,1,NULL),(141,57,0,0,'7',4,NULL,69,67,228,3,221,2,NULL,2,5),(142,89,0,0,'8',5,1,NULL,68,229,3,222,2,NULL,1,NULL),(143,57,0,0,'8',4,NULL,70,68,230,3,223,2,NULL,2,5),(144,89,0,0,'9',5,1,NULL,69,231,3,224,2,NULL,1,NULL),(145,57,0,0,'9',4,NULL,71,69,232,3,225,2,NULL,2,5),(146,89,0,0,'10',5,1,NULL,70,233,3,226,2,NULL,1,NULL),(147,57,0,0,'10',4,NULL,72,70,234,3,227,2,NULL,2,5),(148,89,0,0,'11',5,1,NULL,71,235,3,228,2,NULL,1,NULL),(149,57,0,0,'11',4,NULL,73,71,236,3,229,2,NULL,2,5),(150,89,0,0,'12',5,1,NULL,72,238,3,231,2,NULL,1,NULL),(151,57,0,0,'12',4,NULL,74,72,239,3,232,2,NULL,2,5),(152,89,0,0,'1',5,1,NULL,73,242,3,235,2,NULL,1,NULL),(153,57,0,0,'1',4,NULL,88,73,268,3,261,2,NULL,2,5),(154,89,0,0,'2',5,1,NULL,74,244,3,237,2,NULL,1,NULL),(155,57,0,0,'2',4,NULL,76,74,245,3,238,2,NULL,2,5),(156,89,0,0,'3',5,1,NULL,75,246,3,239,2,NULL,1,NULL),(157,57,0,0,'3',4,NULL,77,75,247,3,240,2,NULL,2,5),(158,89,0,0,'4',5,1,NULL,76,248,3,241,2,NULL,1,NULL),(159,57,0,0,'4',4,NULL,78,76,249,3,242,2,NULL,2,5),(160,89,0,0,'5',5,1,NULL,77,250,3,243,2,NULL,1,NULL),(161,57,0,0,'5',4,NULL,79,77,251,3,244,2,NULL,2,5),(162,89,0,0,'6',5,1,NULL,78,269,3,262,2,NULL,1,NULL),(163,57,0,0,'6',4,NULL,80,78,253,3,246,2,NULL,2,5),(164,89,0,0,'7',5,1,NULL,79,254,3,247,2,NULL,1,NULL),(165,57,0,0,'7',4,NULL,89,79,270,3,263,2,NULL,2,5),(166,89,0,0,'8',5,1,NULL,80,258,3,251,2,NULL,1,NULL),(167,57,0,0,'8',4,NULL,82,80,257,3,250,2,NULL,2,5),(168,89,0,0,'9',5,1,NULL,81,259,3,252,2,NULL,1,NULL),(169,57,0,0,'9',4,NULL,83,81,260,3,253,2,NULL,2,5),(170,89,0,0,'10',5,1,NULL,82,261,3,254,2,NULL,1,NULL),(171,57,0,0,'10',4,NULL,85,82,263,3,256,2,NULL,2,5),(172,89,0,0,'11',5,1,NULL,83,264,3,257,2,NULL,1,NULL),(173,57,0,0,'11',4,NULL,86,83,265,3,258,2,NULL,2,5),(174,89,0,0,'12',5,1,NULL,84,266,3,259,2,NULL,1,NULL),(175,57,0,0,'12',4,NULL,87,84,267,3,260,2,NULL,2,5),(176,89,0,0,'1',5,4,NULL,85,282,3,275,2,NULL,1,NULL),(177,0,0,0,'2',6,1,NULL,86,272,3,265,1,NULL,1,NULL),(178,57,0,0,'3',4,4,NULL,87,281,3,274,2,NULL,1,NULL),(179,159,0,0,'3',8,4,NULL,87,276,3,269,2,NULL,1,NULL),(180,57,0,0,'4',4,4,NULL,88,277,3,270,2,NULL,1,NULL),(181,159,0,0,'',10,4,NULL,88,278,3,271,2,NULL,1,NULL),(182,0,0,0,'5',6,1,NULL,89,280,3,273,1,NULL,1,NULL),(183,89,0,0,'1',5,4,NULL,90,283,3,276,2,NULL,1,NULL),(184,57,0,0,'1',4,NULL,90,90,284,3,277,2,NULL,2,5),(185,0,0,0,'2',6,1,NULL,91,285,3,278,1,NULL,1,NULL),(186,89,0,0,'3',5,4,NULL,92,286,3,279,2,NULL,1,NULL),(187,57,0,0,'3',4,NULL,91,92,287,3,280,2,NULL,2,5),(188,0,0,0,'4',6,1,NULL,93,288,3,281,1,NULL,1,NULL),(189,89,0,0,'5',5,1,NULL,90,289,3,282,2,NULL,1,NULL),(190,89,0,0,'5',5,1,NULL,94,290,3,283,2,NULL,1,NULL),(191,89,0,0,'6',5,4,NULL,95,293,3,286,2,NULL,1,NULL),(192,57,0,0,'6',4,NULL,92,95,292,3,285,2,NULL,2,5),(193,89,0,0,'7',5,4,NULL,96,294,3,287,2,NULL,1,NULL),(194,0,0,0,'8',6,1,NULL,97,295,3,288,1,NULL,1,NULL),(195,57,0,0,'9',4,4,NULL,98,296,3,289,2,NULL,1,NULL),(196,159,0,0,'9',8,4,NULL,98,297,3,290,2,NULL,1,NULL),(197,0,0,0,'10',6,1,NULL,99,298,3,291,1,NULL,1,NULL),(198,57,0,0,'1',4,4,NULL,100,299,3,292,2,NULL,1,NULL),(199,159,0,0,'1',13,4,NULL,100,300,1,293,2,NULL,1,NULL),(200,40,0,0,'2',4,1,NULL,101,301,3,294,2,NULL,1,NULL),(201,40,0,0,'3',4,1,NULL,102,304,3,297,2,NULL,1,NULL),(202,108,0,0,'3',5,1,NULL,102,303,3,296,2,NULL,1,NULL),(203,21,0,0,'1',2.5,1,NULL,103,305,3,298,2,NULL,1,NULL),(204,40,0,0,'1',2.5,1,NULL,103,306,3,299,2,NULL,1,NULL),(205,21,0,0,'2',2.5,1,NULL,104,307,3,300,2,NULL,1,NULL),(206,40,0,0,'2',2.5,1,NULL,104,308,3,301,2,NULL,1,NULL),(207,21,0,0,'2',2.5,NULL,93,104,309,3,302,2,NULL,2,5),(208,40,0,0,'3',4,6,NULL,105,310,5,303,2,NULL,1,NULL),(209,40,0,0,'3',4,NULL,NULL,105,311,5,304,2,3,3,2),(210,159,0,0,'3',14,6,NULL,105,312,5,305,2,NULL,1,NULL),(211,159,0,0,'3',14,NULL,NULL,105,313,5,306,2,3,3,4),(213,21,0,0,'4',2.5,1,NULL,106,314,3,307,2,NULL,1,NULL),(214,40,0,0,'4',2.5,1,NULL,106,315,3,308,2,NULL,1,NULL),(215,21,0,0,'5',2.5,1,NULL,107,316,3,309,2,NULL,1,NULL),(216,40,0,0,'5',2.5,1,NULL,107,317,3,310,2,NULL,1,NULL),(217,40,0,0,'6',4,NULL,NULL,108,NULL,5,NULL,2,3,3,2),(218,40,0,0,'6',4,6,NULL,108,331,5,324,2,NULL,1,NULL),(219,159,0,0,'6',14,NULL,NULL,108,NULL,5,NULL,2,3,3,4),(220,159,0,0,'6',14,6,NULL,108,333,5,326,2,NULL,1,NULL),(221,21,0,0,'7',2.5,1,NULL,109,322,3,315,2,NULL,1,NULL),(222,40,0,0,'7',2.5,1,NULL,109,321,3,314,2,NULL,1,NULL),(223,21,0,0,'8',2.5,1,NULL,110,323,3,316,2,NULL,1,NULL),(226,40,0,0,'8',2.5,1,NULL,110,325,3,318,2,NULL,1,NULL),(227,40,1,1,'9',4,NULL,NULL,111,NULL,5,NULL,2,3,3,2),(228,40,1,1,'9',4,6,NULL,111,326,5,319,2,NULL,1,NULL),(229,159,1,1,'9',14,NULL,NULL,111,NULL,5,NULL,2,3,3,4),(230,159,1,1,'9',14,6,NULL,111,327,5,320,2,NULL,1,NULL),(231,21,0,0,'10',2.5,1,NULL,112,332,3,325,2,NULL,1,NULL),(232,40,0,0,'10',2.5,1,NULL,112,329,3,322,2,NULL,1,NULL),(233,57,0,0,'1',4,4,NULL,113,334,3,327,2,NULL,1,NULL),(234,159,0,0,'1',8,4,NULL,113,335,1,328,2,NULL,1,NULL),(235,89,0,0,'2',5,4,NULL,114,336,3,329,2,NULL,1,NULL),(236,40,0,0,'3',4,NULL,NULL,115,NULL,5,330,2,3,3,2),(237,40,0,0,'3',4,6,NULL,115,337,5,331,2,NULL,1,NULL),(238,159,0,0,'3',14,NULL,NULL,115,NULL,5,332,2,3,3,4),(239,159,0,0,'3',14,6,NULL,115,338,5,333,2,NULL,1,NULL),(240,40,0,0,'4',4,NULL,NULL,116,NULL,5,334,2,3,3,2),(241,40,0,0,'4',4,6,NULL,116,339,5,335,2,NULL,1,NULL),(242,159,0,0,'4',14,NULL,NULL,116,NULL,5,NULL,2,3,3,4),(243,159,0,0,'4',14,6,NULL,116,340,5,336,2,NULL,1,NULL),(244,89,0,0,'5',5,1,NULL,117,341,3,337,2,NULL,1,NULL),(245,57,0,0,'5',4,NULL,95,117,343,3,339,2,NULL,2,5),(246,40,0,0,'6',4,NULL,NULL,118,NULL,5,340,2,3,3,2),(247,40,0,0,'6',4,6,NULL,118,344,5,341,2,NULL,1,NULL),(248,159,0,0,'6',14,NULL,NULL,118,NULL,5,342,2,3,3,4),(249,159,0,0,'6',14,6,NULL,118,345,5,343,2,NULL,1,NULL),(250,89,0,0,'1',5,4,NULL,119,346,3,344,2,NULL,1,NULL),(251,57,0,0,'2',4,4,NULL,120,347,3,345,2,NULL,1,NULL),(252,159,0,0,'2',10,4,NULL,120,348,1,346,2,NULL,1,NULL),(253,0,0,0,'3',4,1,NULL,121,349,3,347,1,NULL,1,NULL),(254,0,0,0,'3',4,NULL,96,121,350,3,348,1,NULL,2,5),(255,0,0,0,'4',6,NULL,97,122,351,3,349,1,1,4,2),(256,159,0,0,'1',8,1,NULL,123,352,3,350,2,NULL,1,NULL),(257,159,0,0,'1',8,NULL,98,123,353,3,351,2,1,4,2),(258,159,0,0,'2',8,1,NULL,124,354,3,352,2,NULL,1,NULL),(259,57,0,0,'2',4,NULL,99,124,355,3,353,2,NULL,2,5),(260,159,0,0,'3',8,1,NULL,125,356,3,354,2,NULL,1,NULL),(261,159,0,0,'4',8,1,NULL,126,357,3,355,2,NULL,1,NULL),(262,57,0,0,'4',4,NULL,100,126,358,3,356,2,NULL,2,5),(263,159,0,0,'5',8,1,NULL,127,359,3,357,2,NULL,1,NULL),(264,57,0,0,'5',4,NULL,101,127,360,3,358,2,NULL,2,5),(265,159,0,0,'6',8,1,NULL,128,361,3,359,2,NULL,1,NULL),(266,57,0,0,'6',4,NULL,102,128,362,3,360,2,NULL,2,5),(267,159,0,0,'7',8,1,NULL,129,363,3,361,2,NULL,1,NULL),(268,57,0,0,'7',4,NULL,NULL,129,370,3,368,2,NULL,2,5),(269,159,0,0,'8',8,1,NULL,130,371,3,369,2,NULL,1,NULL),(270,57,0,0,'8',4,NULL,104,130,366,3,364,2,NULL,2,5),(271,57,0,0,'9',4,NULL,NULL,131,372,3,370,2,NULL,2,5),(272,159,0,0,'10',8,1,NULL,132,368,3,366,2,NULL,1,NULL),(273,57,0,0,'10',4,NULL,106,132,369,3,367,2,NULL,2,5),(274,0,0,0,'1',4,1,NULL,133,373,3,371,1,NULL,1,NULL),(275,0,0,0,'1',4,NULL,107,133,374,3,372,1,NULL,2,5),(276,159,0,0,'2',8,1,NULL,134,377,3,375,2,NULL,1,NULL),(277,57,0,0,'2',4,NULL,108,134,376,3,374,2,NULL,2,5),(278,159,0,0,'3',8,1,NULL,135,379,3,377,2,NULL,1,NULL),(279,159,0,0,'4',4,1,NULL,136,380,3,378,2,NULL,1,NULL),(280,57,0,0,'4',4,NULL,110,136,382,3,380,2,NULL,2,5),(281,0,0,0,'5',4,1,NULL,137,383,3,381,2,NULL,1,NULL),(282,0,0,0,'5',4,NULL,111,137,384,3,382,1,NULL,2,5),(283,89,0,0,'6',5,1,NULL,138,385,3,383,2,NULL,1,NULL),(284,57,0,0,'6',4,NULL,112,138,386,3,384,2,NULL,2,5),(285,159,0,0,'7',8,4,NULL,139,387,1,385,2,NULL,1,NULL),(286,57,0,0,'7',4,4,NULL,139,388,3,386,2,NULL,1,NULL),(287,159,0,0,'8',8,1,NULL,140,389,3,387,2,NULL,1,NULL),(288,57,0,0,'8',4,NULL,113,140,390,3,388,2,NULL,2,5),(289,0,0,0,'9',4,1,NULL,141,391,3,389,1,NULL,1,NULL),(290,0,0,0,'9',4,NULL,114,141,392,3,390,1,NULL,2,5),(291,21,0,0,'1',2.5,4,NULL,142,393,3,391,2,NULL,1,NULL),(292,57,0,0,'1',4,4,NULL,142,394,3,392,2,NULL,1,NULL),(293,159,0,0,'1',8,4,NULL,142,395,3,393,2,NULL,1,NULL),(294,21,0,0,'1',2.5,NULL,115,142,396,3,394,2,NULL,2,5),(295,57,0,0,'1',4,NULL,116,142,397,3,395,2,NULL,2,5),(296,21,0,0,'2',2.5,1,NULL,143,398,3,396,2,NULL,1,NULL),(297,57,0,0,'2',5,1,NULL,143,399,3,397,2,NULL,1,NULL),(298,108,0,0,'2',5,1,NULL,143,400,3,398,2,NULL,1,NULL),(299,0,0,0,'3',8,1,NULL,144,401,3,399,1,NULL,1,NULL),(300,0,0,0,'3',4,NULL,117,144,402,3,400,1,NULL,2,5),(301,21,0,0,'4',2.5,4,NULL,145,403,3,401,2,NULL,1,NULL),(302,40,0,0,'',5,4,NULL,145,404,3,402,2,NULL,1,NULL),(303,89,0,0,'',5,4,NULL,145,405,3,403,2,NULL,1,NULL),(304,21,0,0,'1',2.5,1,NULL,146,406,3,404,2,NULL,1,NULL),(305,40,0,0,'1',3,1,NULL,146,407,3,405,2,NULL,1,NULL),(306,21,0,0,'2',2.5,1,NULL,147,408,3,406,2,NULL,1,NULL),(307,40,0,0,'2',3,1,NULL,147,409,3,407,2,NULL,1,NULL),(308,21,0,0,'2',2.5,NULL,118,147,410,3,408,2,NULL,2,5),(309,40,0,0,'2',3,NULL,119,147,411,3,409,2,NULL,2,5),(310,21,0,0,'3',2.5,NULL,120,148,412,3,410,2,NULL,2,5),(311,40,0,0,'3',3,NULL,121,148,413,3,411,2,NULL,2,5),(312,57,0,0,'4',4,NULL,NULL,149,NULL,5,433,2,3,3,2),(313,57,0,0,'4',4,6,NULL,149,414,5,412,2,NULL,1,NULL),(314,159,0,0,'4',14,6,NULL,149,415,5,413,2,NULL,1,NULL),(315,159,0,0,'4',14,NULL,NULL,149,NULL,5,434,2,3,3,4),(316,57,0,0,'5',4,4,NULL,150,416,1,415,2,NULL,1,NULL),(317,159,0,0,'5',13,4,NULL,150,417,1,416,2,NULL,1,NULL),(318,21,0,0,'6',2.5,1,NULL,151,418,3,417,2,NULL,1,NULL),(319,40,0,0,'6',3,1,NULL,151,419,3,418,2,NULL,1,NULL),(320,21,0,0,'6',2.5,NULL,125,151,430,3,437,2,NULL,2,5),(321,40,0,0,'6',3,NULL,123,151,421,3,420,2,NULL,2,5),(322,57,0,0,'7',4,NULL,NULL,152,NULL,5,430,2,3,3,2),(323,57,0,0,'7',4,6,NULL,152,422,5,421,2,NULL,1,NULL),(324,159,0,0,'7',14,NULL,NULL,152,NULL,5,431,2,3,3,4),(325,159,0,0,'7',14,6,NULL,152,423,5,422,2,NULL,1,NULL),(326,57,0,0,'8',4,4,NULL,153,424,1,423,2,NULL,1,NULL),(327,159,0,0,'8',13,4,NULL,153,425,1,424,2,NULL,1,NULL),(328,57,0,0,'9',4,NULL,NULL,154,NULL,5,426,2,3,3,2),(329,57,0,0,'9',4,6,NULL,154,426,5,427,2,NULL,1,NULL),(330,159,0,0,'9',14,NULL,NULL,154,NULL,5,428,2,3,3,4),(331,159,0,0,'9',14,6,NULL,154,427,5,429,2,NULL,1,NULL),(332,89,0,0,'10',5,4,NULL,155,428,3,435,2,NULL,1,NULL),(333,57,0,0,'10',4,NULL,124,155,429,3,436,2,NULL,2,5),(334,89,0,0,'1',5,1,NULL,156,431,3,438,2,NULL,1,NULL),(335,57,0,0,'1',4,NULL,126,156,432,3,439,2,NULL,2,5),(336,57,0,0,'2',4,NULL,NULL,157,NULL,5,NULL,2,3,3,4),(337,57,0,0,'2',4,6,NULL,157,433,5,440,2,NULL,1,NULL),(338,159,0,0,'2',14,NULL,NULL,157,NULL,5,NULL,2,3,3,2),(339,159,0,0,'2',14,6,NULL,157,434,5,441,2,NULL,1,NULL),(340,57,0,0,'3',4,NULL,NULL,158,NULL,5,NULL,2,3,3,3),(341,57,0,0,'3',4,6,NULL,158,435,5,442,2,NULL,1,NULL),(342,159,0,0,'3',14,NULL,NULL,158,NULL,5,NULL,2,3,3,2),(343,159,0,0,'3',14,6,NULL,158,436,5,443,2,NULL,1,NULL),(344,40,0,0,'4',4,6,NULL,159,437,5,444,2,NULL,1,NULL),(345,89,0,0,'4',5,6,NULL,159,438,5,445,2,NULL,1,NULL),(346,0,0,0,'5',6,1,NULL,160,439,3,446,1,NULL,1,NULL),(347,0,0,0,'5',6,NULL,127,160,440,3,447,1,1,4,2),(348,89,0,0,'6',5,1,NULL,161,443,3,450,2,NULL,1,NULL),(349,57,0,0,'6',4,NULL,128,161,442,3,449,2,NULL,2,5),(350,0,0,0,'7',4,1,NULL,162,444,3,451,1,NULL,1,NULL),(351,0,0,0,'7',4,NULL,129,162,445,3,452,2,NULL,2,5),(352,40,0,0,'8',4,NULL,NULL,163,NULL,5,NULL,2,3,3,4),(353,40,0,0,'8',4,6,NULL,163,446,5,453,2,NULL,1,NULL),(354,89,0,0,'8',5,NULL,NULL,163,NULL,5,NULL,2,3,3,4),(355,89,0,0,'8',5,6,NULL,163,447,5,454,2,NULL,1,NULL),(356,57,0,0,'1',4,4,NULL,164,448,3,455,2,NULL,1,NULL),(357,159,0,0,'1',14,4,NULL,164,449,1,456,2,NULL,1,NULL),(358,57,0,0,'2',4,NULL,NULL,165,NULL,5,460,2,3,3,4),(359,57,0,0,'2',4,6,NULL,165,451,5,461,2,NULL,1,NULL),(360,159,0,0,'2',14,NULL,NULL,165,NULL,5,459,2,3,3,2),(361,159,0,0,'2',14,6,NULL,165,452,5,462,2,NULL,1,NULL),(362,57,0,0,'3',4,4,NULL,166,453,3,463,2,NULL,1,NULL),(363,159,0,0,'3',14,4,NULL,166,454,1,464,2,NULL,1,NULL),(364,57,0,0,'4',4,NULL,130,167,455,3,465,2,NULL,2,5),(365,89,0,0,'4',5,NULL,131,167,456,3,466,2,1,4,2),(366,57,0,0,'5',4,NULL,NULL,168,NULL,5,467,2,3,3,4),(367,57,0,0,'5',4,6,NULL,168,457,5,468,2,NULL,1,NULL),(368,159,0,0,'5',14,NULL,NULL,168,NULL,5,469,2,3,3,2),(369,159,0,0,'5',14,6,NULL,168,458,5,470,2,NULL,1,NULL),(370,57,0,0,'6',4,4,NULL,169,459,3,471,2,NULL,1,NULL),(371,159,0,0,'6',14,4,NULL,169,460,1,472,2,NULL,1,NULL),(372,57,0,0,'1',4,4,NULL,170,461,3,473,2,NULL,1,NULL),(373,159,0,0,'1',14,4,NULL,170,462,1,474,2,NULL,1,NULL),(374,57,0,0,'2',4,4,NULL,171,465,3,477,2,NULL,1,NULL),(375,159,0,0,'2',14,4,NULL,171,464,1,476,2,NULL,1,NULL),(376,57,0,0,'3',4,4,NULL,172,466,3,478,2,NULL,1,NULL),(377,159,0,0,'3',14,4,NULL,172,467,1,479,2,NULL,1,NULL),(378,57,0,0,'4',4,4,NULL,173,468,3,480,2,NULL,1,NULL),(379,159,0,0,'4',14,4,NULL,173,469,1,481,2,NULL,1,NULL),(380,57,0,0,'5',4,4,NULL,174,470,3,482,2,NULL,1,NULL),(381,159,0,0,'5',14,4,NULL,174,471,1,483,2,NULL,1,NULL),(382,57,0,0,'6',4,4,NULL,175,472,3,484,2,NULL,1,NULL),(383,159,0,0,'6',14,4,NULL,175,473,1,485,2,NULL,1,NULL),(384,57,0,0,'8',4,4,NULL,176,474,3,486,2,NULL,1,NULL),(385,159,0,0,'8',14,4,NULL,176,475,1,487,2,NULL,1,NULL),(386,89,0,0,'9',5,1,NULL,177,476,3,488,2,NULL,1,NULL),(387,57,0,0,'9',4,NULL,132,177,477,3,489,2,NULL,2,5),(388,89,0,0,'7',5,6,NULL,178,478,5,490,2,NULL,1,NULL),(389,57,0,0,'7',4,NULL,133,178,479,3,491,2,NULL,2,5),(390,57,0,0,'1',4,4,NULL,179,480,3,492,2,NULL,1,NULL),(391,159,0,0,'1',14,4,NULL,179,481,1,493,2,NULL,1,NULL),(392,57,0,0,'2',4,4,NULL,180,482,3,494,2,NULL,1,NULL),(393,159,0,0,'2',14,4,NULL,180,483,1,495,2,NULL,1,NULL),(394,57,0,0,'3',4,4,NULL,181,484,3,496,2,NULL,1,NULL),(395,159,0,0,'3',8,4,NULL,181,485,1,497,2,NULL,1,NULL),(396,89,0,0,'4',5,1,NULL,182,486,3,498,2,NULL,1,NULL),(397,57,0,0,'4',4,NULL,134,182,487,3,499,2,NULL,2,5),(398,57,0,0,'5',4,4,NULL,183,490,3,502,2,NULL,1,NULL),(399,159,0,0,'5',14,4,NULL,183,489,1,501,2,NULL,1,NULL),(400,89,0,0,'6',5,1,NULL,184,491,3,503,2,NULL,1,NULL),(401,57,0,0,'6',4,NULL,135,184,492,3,504,2,NULL,2,5),(402,57,0,0,'1',4,NULL,NULL,185,NULL,5,509,2,3,3,2),(403,57,0,0,'1',4,6,NULL,185,493,5,506,2,NULL,1,NULL),(404,159,0,0,'1',14,NULL,NULL,185,NULL,5,507,2,3,3,4),(405,159,0,0,'1',14,6,NULL,185,494,5,508,2,NULL,1,NULL),(406,0,0,0,'2',6,1,NULL,186,495,3,510,1,NULL,1,NULL),(407,57,0,0,'3',4,NULL,NULL,187,NULL,5,511,2,3,3,2),(408,57,0,0,'3',4,6,NULL,187,496,5,512,2,NULL,1,NULL),(409,159,0,0,'3',14,NULL,NULL,187,NULL,5,513,2,3,3,4),(410,159,0,0,'3',14,6,NULL,187,497,5,514,2,NULL,1,NULL),(411,57,0,0,'1',4,NULL,NULL,197,NULL,5,517,2,3,3,2),(412,57,0,0,'1',4,6,NULL,197,498,5,516,2,NULL,1,NULL),(413,159,0,0,'1',14,NULL,NULL,197,NULL,5,518,2,3,3,4),(414,159,0,0,'1',14,6,NULL,197,499,5,519,2,NULL,1,NULL),(415,57,0,0,'2',4,NULL,NULL,198,NULL,5,520,2,3,3,2),(416,57,0,0,'2',4,6,NULL,198,500,5,521,2,NULL,1,NULL),(417,159,0,0,'',14,NULL,NULL,198,NULL,5,522,2,3,3,4),(418,159,0,0,'2',14,6,NULL,198,501,5,523,2,NULL,1,NULL),(419,57,0,0,'3',4,6,NULL,199,521,5,560,2,NULL,1,NULL),(420,159,0,0,'3',14,6,NULL,199,503,5,525,2,NULL,1,NULL),(421,57,0,0,'4',4,NULL,NULL,200,NULL,5,530,2,3,3,2),(422,57,0,0,'4',4,6,NULL,200,504,5,527,2,NULL,1,NULL),(423,159,0,0,'4',14,NULL,NULL,200,NULL,5,528,2,3,3,4),(424,159,0,0,'4',14,6,NULL,200,505,5,529,2,NULL,1,NULL),(425,57,0,0,'5',4,NULL,NULL,201,NULL,5,531,2,3,3,2),(426,57,0,0,'5',4,6,NULL,201,506,5,532,2,NULL,1,NULL),(427,159,0,0,'5',14,NULL,NULL,201,NULL,5,533,2,3,3,4),(428,159,0,0,'5',14,6,NULL,201,507,5,534,2,NULL,1,NULL),(429,57,0,0,'6',4,NULL,NULL,202,NULL,5,535,2,3,3,2),(430,57,0,0,'6',4,6,NULL,202,508,5,536,2,NULL,1,NULL),(431,159,0,0,'6',14,NULL,NULL,202,NULL,5,537,2,3,3,4),(432,159,0,0,'6',14,6,NULL,202,509,5,538,2,NULL,1,NULL),(433,57,0,0,'7',4,NULL,NULL,203,NULL,5,539,2,3,3,2),(434,57,0,0,'7',4,6,NULL,203,510,5,540,2,NULL,1,NULL),(435,159,0,0,'7',14,NULL,NULL,203,NULL,5,541,2,3,3,4),(436,159,0,0,'7',14,6,NULL,203,511,5,542,2,NULL,1,NULL),(437,57,0,0,'8',4,NULL,NULL,204,NULL,5,543,2,3,3,2),(438,57,0,0,'8',4,6,NULL,204,512,5,544,2,NULL,1,NULL),(439,159,0,0,'8',14,NULL,NULL,204,NULL,5,545,2,3,3,4),(440,159,0,0,'8',14,6,NULL,204,513,5,546,2,NULL,1,NULL),(441,57,0,0,'9',4,NULL,NULL,205,NULL,5,547,2,3,3,2),(442,57,0,0,'9',4,6,NULL,205,514,5,548,2,NULL,1,NULL),(443,159,0,0,'9',14,NULL,NULL,205,NULL,5,549,2,3,3,4),(444,159,0,0,'9',14,6,NULL,205,515,5,550,2,NULL,1,NULL),(445,57,0,0,'10',4,NULL,NULL,206,NULL,5,551,2,3,3,2),(446,57,0,0,'10',4,6,NULL,206,516,5,552,2,NULL,1,NULL),(447,159,0,0,'10',14,NULL,NULL,206,NULL,5,553,2,3,3,4),(448,159,0,0,'10',14,6,NULL,206,517,5,554,2,NULL,1,NULL),(449,57,0,0,'11',4,NULL,NULL,207,NULL,5,555,2,3,3,2),(450,57,0,0,'11',4,6,NULL,207,518,5,556,2,NULL,1,NULL),(451,159,0,0,'11',14,NULL,NULL,207,NULL,5,557,2,3,3,4),(452,159,0,0,'11',14,6,NULL,207,519,5,558,2,NULL,1,NULL),(453,0,0,0,'1',6,1,NULL,208,522,3,561,1,NULL,1,NULL),(454,0,0,0,'2',6,1,NULL,209,523,3,562,1,NULL,1,NULL),(455,57,0,0,'1',4,4,NULL,210,524,3,563,2,NULL,1,NULL),(456,159,0,0,'1',8,4,NULL,210,525,1,564,2,NULL,1,NULL),(457,57,0,0,'2',4,NULL,136,211,526,3,565,2,NULL,2,5),(458,89,0,0,'2',5,NULL,137,211,527,3,566,2,1,4,2),(459,89,0,0,'3',5,4,NULL,212,528,3,567,2,NULL,1,NULL),(460,57,0,0,'3',4,NULL,138,212,529,3,568,2,NULL,2,5),(461,57,0,0,'4',4,4,NULL,213,530,3,569,2,NULL,1,NULL),(462,159,0,0,'4',8,4,NULL,213,531,1,570,2,NULL,1,NULL),(463,57,0,0,'5',4,4,NULL,214,532,3,571,2,NULL,1,NULL),(464,159,0,0,'5',8,4,NULL,214,533,1,572,2,NULL,1,NULL),(465,57,0,0,'1',4,4,NULL,215,541,3,580,2,NULL,1,NULL),(466,57,0,0,'1',4,NULL,139,215,535,3,574,2,NULL,2,5),(467,159,0,0,'2',8,4,NULL,216,537,1,576,2,NULL,1,NULL),(468,57,0,0,'3',4,NULL,140,217,538,3,577,2,NULL,2,5),(469,57,0,0,'4',4,4,NULL,218,539,3,578,2,NULL,1,NULL),(470,159,0,0,'4',8,4,NULL,218,540,1,579,2,NULL,1,NULL),(471,57,0,0,'1',4,4,NULL,219,553,3,592,2,NULL,1,NULL),(472,159,0,0,'1',14,4,NULL,219,543,1,582,2,NULL,1,NULL),(473,57,0,0,'2',4,4,NULL,220,551,3,590,2,NULL,1,NULL),(474,159,0,0,'2',14,4,NULL,220,544,1,583,2,NULL,1,NULL),(475,57,0,0,'3',4,4,NULL,221,545,3,584,2,NULL,1,NULL),(476,159,0,0,'3',14,4,NULL,221,546,1,585,2,NULL,1,NULL),(477,57,0,0,'4',4,4,NULL,222,547,3,586,2,NULL,1,NULL),(478,159,0,0,'4',14,4,NULL,222,548,1,587,2,NULL,1,NULL),(479,57,0,0,'5',4,4,NULL,223,549,3,588,2,NULL,1,NULL),(480,159,0,0,'5',14,4,NULL,223,550,1,589,2,NULL,1,NULL),(481,89,0,0,'1',5,1,NULL,240,554,3,593,2,NULL,1,NULL),(482,57,0,0,'1',4,NULL,141,240,555,3,594,2,NULL,2,5),(483,89,0,0,'2',5,1,NULL,241,556,3,595,2,NULL,1,NULL),(484,57,0,0,'2',4,NULL,142,241,557,3,596,2,NULL,2,5),(485,89,0,0,'3',5,1,NULL,242,572,3,611,2,NULL,1,NULL),(486,57,0,0,'3',4,NULL,144,242,559,3,598,2,NULL,2,5),(487,89,0,0,'4',5,1,NULL,243,560,3,599,2,NULL,1,NULL),(488,57,0,0,'4',4,NULL,145,243,561,3,600,2,NULL,2,5),(489,89,0,0,'5',5,1,NULL,244,562,3,601,2,NULL,1,NULL),(490,57,0,0,'5',4,NULL,146,244,563,3,602,2,NULL,2,5),(491,89,0,0,'7',5,1,NULL,246,564,3,603,2,NULL,1,NULL),(492,57,0,0,'7',4,NULL,147,246,565,3,604,2,NULL,2,5),(493,159,0,0,'6',5,1,NULL,245,566,3,605,2,NULL,1,NULL),(494,57,0,0,'6',4,NULL,148,245,567,3,606,2,NULL,2,5),(495,159,0,0,'8',5,1,NULL,247,568,3,607,2,NULL,1,NULL),(496,57,0,0,'8',4,NULL,149,247,569,3,608,2,NULL,2,5),(497,159,0,0,'9',5,1,NULL,248,570,3,609,2,NULL,1,NULL),(498,57,0,0,'9',4,NULL,150,248,571,3,610,2,NULL,2,5),(499,57,0,0,'1',4,4,NULL,249,573,3,612,2,NULL,1,NULL),(500,159,0,0,'1',14,4,NULL,249,574,1,613,2,NULL,1,NULL),(501,159,0,0,'2',5,1,NULL,250,575,3,614,2,NULL,1,NULL),(502,57,0,0,'2',4,NULL,151,250,576,3,615,2,NULL,2,5),(503,57,0,0,'3',4,4,NULL,251,577,3,616,2,NULL,1,NULL),(504,89,0,0,'3',5,4,NULL,251,578,3,617,2,NULL,1,NULL),(505,57,0,0,'3',4,NULL,152,251,579,3,618,2,NULL,2,5),(506,159,0,0,'4',5,1,NULL,252,580,3,619,2,NULL,1,NULL),(507,57,0,0,'4',4,NULL,153,252,581,3,620,2,NULL,2,5),(508,159,0,0,'5',5,1,NULL,253,582,3,621,2,NULL,1,NULL),(509,57,0,0,'5',4,NULL,154,253,583,3,622,2,NULL,2,5),(510,159,0,0,'7',5,1,NULL,255,584,3,623,2,NULL,1,NULL),(511,57,0,0,'7',4,NULL,155,255,585,3,624,2,NULL,2,5),(512,159,0,0,'10',5,1,NULL,258,586,3,625,2,NULL,1,NULL),(513,57,0,0,'10',4,NULL,156,258,587,3,626,2,NULL,2,5),(514,89,0,0,'6',5,1,NULL,254,588,3,627,2,NULL,1,NULL),(515,57,0,0,'6',4,NULL,157,254,589,3,628,2,NULL,2,5),(516,89,0,0,'8',5,1,NULL,256,596,3,635,2,NULL,1,NULL),(517,57,0,0,'8',4,NULL,158,256,591,3,630,2,NULL,2,5),(518,89,0,0,'9',5,1,NULL,257,592,3,631,2,NULL,1,NULL),(519,57,0,0,'9',4,NULL,159,257,593,3,632,2,NULL,2,5),(520,57,0,0,'11',4,4,NULL,259,594,3,633,2,NULL,1,NULL),(521,159,0,0,'11',14,4,NULL,259,595,1,634,2,NULL,1,NULL),(522,159,1,1,'1',14,6,NULL,260,597,5,636,2,NULL,1,NULL),(523,159,0,0,'2',14,NULL,161,261,599,1,638,2,1,4,2),(524,159,0,0,'3',14,NULL,162,262,600,1,639,2,2,4,2),(525,159,0,0,'4',14,NULL,163,263,601,1,640,2,1,4,2),(526,159,0,0,'5',14,NULL,164,264,602,1,641,2,1,4,2),(527,159,1,1,'6',14,6,NULL,265,603,5,642,2,NULL,1,NULL),(528,159,0,0,'7',14,NULL,165,266,604,1,643,2,1,4,2),(529,159,1,1,'8',14,6,NULL,267,605,5,644,2,NULL,1,NULL),(530,159,0,0,'9',14,NULL,166,268,606,1,645,2,1,4,2),(531,159,1,1,'10',14,6,NULL,269,607,5,646,2,NULL,1,NULL),(532,159,1,1,'11',14,6,NULL,270,608,5,647,2,NULL,1,NULL),(533,0,0,0,'12',6,1,NULL,271,609,3,648,1,NULL,1,NULL),(534,89,0,0,'13',5,1,NULL,272,610,3,649,2,NULL,1,NULL),(535,89,0,0,'14',5,1,NULL,273,611,3,650,2,NULL,1,NULL),(536,57,0,0,'14',4,NULL,167,273,612,3,651,2,NULL,2,5),(537,57,0,0,'1',4,4,NULL,274,613,3,652,2,NULL,1,NULL),(538,159,0,0,'1',14,4,NULL,274,614,1,653,2,NULL,1,NULL),(539,89,0,0,'2',5,4,NULL,275,639,3,678,2,NULL,1,NULL),(540,57,0,0,'2',4,NULL,168,275,616,3,655,2,NULL,2,5),(541,89,0,0,'3',5,4,NULL,276,640,3,679,2,NULL,1,NULL),(542,57,0,0,'3',4,NULL,169,276,618,3,657,2,NULL,2,5),(543,89,0,0,'4',5,4,NULL,277,641,3,680,2,NULL,1,NULL),(544,57,0,0,'4',4,NULL,170,277,620,3,659,2,NULL,2,5),(545,89,0,0,'6',5,4,NULL,279,643,3,682,2,NULL,1,NULL),(546,57,0,0,'6',4,NULL,171,279,622,3,661,2,NULL,2,5),(547,89,0,0,'7',5,4,NULL,280,644,3,683,2,NULL,1,NULL),(548,57,0,0,'7',4,NULL,172,280,624,3,663,2,NULL,2,5),(549,89,0,0,'9',5,4,NULL,282,646,3,685,2,NULL,1,NULL),(550,89,0,0,'10',5,4,NULL,283,647,3,686,2,NULL,1,NULL),(551,57,0,0,'10',4,NULL,173,283,627,3,666,2,NULL,2,5),(552,89,0,0,'12',5,4,NULL,284,648,3,687,2,NULL,1,NULL),(553,57,0,0,'12',4,NULL,174,284,629,3,668,2,NULL,2,5),(554,89,0,0,'13',5,4,NULL,285,649,3,688,2,NULL,1,NULL),(555,57,0,0,'13',4,NULL,175,285,631,3,670,2,NULL,2,5),(556,89,0,0,'14',5,4,NULL,286,650,3,689,2,NULL,1,NULL),(557,57,0,0,'14',4,NULL,176,286,633,3,672,2,NULL,2,5),(558,89,0,0,'5',5,4,NULL,278,642,3,681,2,NULL,1,NULL),(559,57,0,0,'5',4,NULL,177,278,635,3,674,2,NULL,2,5),(560,89,0,0,'8',5,4,NULL,281,638,3,677,2,NULL,1,NULL),(561,57,0,0,'8',4,NULL,178,281,637,3,676,2,NULL,2,5),(562,57,0,0,'9',4,NULL,179,282,645,3,684,2,NULL,2,5),(563,0,0,0,'15',6,1,NULL,287,651,3,690,1,NULL,1,NULL),(564,0,0,0,'15',6,NULL,180,287,652,3,691,1,1,4,2),(565,89,0,0,'1',5,4,NULL,288,653,3,692,2,NULL,1,NULL),(566,57,0,0,'1',4,NULL,181,288,654,3,693,2,NULL,2,5),(567,57,0,0,'2',4,NULL,NULL,289,NULL,5,694,2,3,3,4),(568,57,1,1,'2',4,6,NULL,289,655,5,695,2,NULL,1,NULL),(569,159,0,0,'2',14,NULL,NULL,289,NULL,5,697,2,3,3,2),(570,159,1,1,'2',14,6,NULL,289,656,5,698,2,NULL,1,NULL),(571,108,0,0,'3',6,1,NULL,290,657,3,699,2,NULL,1,NULL),(572,57,0,0,'3',4,NULL,182,290,658,3,700,2,NULL,2,5),(573,57,0,0,'4',4,1,NULL,291,659,3,701,2,NULL,1,NULL),(574,108,0,0,'4',6,1,NULL,291,660,3,702,2,NULL,1,NULL),(575,159,0,0,'5',5,4,NULL,292,661,3,703,2,NULL,1,NULL),(576,89,0,0,'1',5,1,NULL,293,662,3,704,2,NULL,1,NULL),(577,57,0,0,'1',4,NULL,183,293,663,3,705,2,NULL,2,5),(578,89,0,0,'2',5,1,NULL,294,664,3,706,2,NULL,1,NULL),(579,57,0,0,'2',4,NULL,184,294,665,3,707,2,NULL,2,5),(580,159,0,0,'3',8,1,NULL,295,666,3,708,2,NULL,1,NULL),(581,0,0,0,'4',6,1,NULL,296,667,3,709,1,NULL,1,NULL),(582,0,0,0,'4',6,NULL,185,296,668,3,710,1,1,4,2),(583,0,0,0,'5',6,1,NULL,297,669,3,711,1,NULL,1,NULL),(584,57,0,0,'1',4,4,NULL,298,670,3,712,2,NULL,1,NULL),(585,159,0,0,'1',14,4,NULL,298,671,1,713,2,NULL,1,NULL),(586,57,0,0,'1',4,NULL,186,298,672,3,714,2,1,4,2),(587,159,0,0,'1',14,NULL,187,298,673,1,715,2,1,4,2),(588,159,0,0,'2',10,4,NULL,299,675,1,717,2,NULL,1,NULL),(589,57,0,0,'3',4,4,NULL,300,676,3,718,2,NULL,1,NULL),(590,159,0,0,'3',14,4,NULL,300,682,1,724,2,NULL,1,NULL),(591,57,0,0,'3',4,NULL,188,300,678,3,720,2,1,4,2),(592,159,0,0,'3',14,NULL,189,300,679,1,721,2,1,4,2),(593,159,0,0,'4',10,4,NULL,301,680,1,722,2,NULL,1,NULL),(594,159,0,0,'5',10,4,NULL,302,681,1,723,2,NULL,1,NULL),(595,159,0,0,'1',5,1,NULL,303,686,3,728,2,NULL,1,NULL),(596,57,0,0,'1',4,NULL,190,303,684,3,726,2,NULL,2,5),(597,108,0,0,'2',5,4,NULL,304,687,3,729,2,NULL,1,NULL),(598,57,0,0,'2',4,NULL,191,304,688,3,730,2,NULL,2,5),(599,108,0,0,'3',5,4,NULL,305,689,3,731,2,NULL,1,NULL),(600,57,0,0,'3',4,NULL,193,305,691,3,733,2,NULL,2,5),(601,89,0,0,'1',5,1,NULL,306,692,3,734,2,NULL,1,NULL),(602,57,0,0,'1',4,NULL,194,306,693,3,735,2,NULL,2,5),(603,57,1,0,'2',4,6,NULL,307,694,5,736,2,NULL,1,NULL),(604,159,1,0,'2',14,6,NULL,307,695,5,737,2,NULL,1,NULL),(605,57,1,0,'3',4,6,NULL,308,696,5,738,2,NULL,1,NULL),(606,159,1,0,'3',14,6,NULL,308,697,5,739,2,NULL,1,NULL),(607,57,1,0,'4',4,6,NULL,309,698,5,740,2,NULL,1,NULL),(608,159,1,0,'4',14,6,NULL,309,699,5,741,2,NULL,1,NULL),(609,57,1,0,'6',4,6,NULL,311,700,5,742,2,NULL,1,NULL),(610,159,1,0,'6',14,6,NULL,311,701,5,743,2,NULL,1,NULL),(611,57,0,0,'5',4,4,NULL,310,702,3,744,2,NULL,1,NULL),(612,159,0,0,'5',8,4,NULL,310,703,1,745,2,NULL,1,NULL),(613,159,0,0,'1',8,4,NULL,312,704,3,746,2,NULL,1,NULL),(614,57,0,0,'1',4,NULL,195,312,705,3,747,2,NULL,2,5),(615,89,0,0,'2',5,1,NULL,313,706,3,748,2,NULL,1,NULL),(616,57,0,0,'2',4,NULL,196,313,707,3,749,2,NULL,2,5),(617,89,0,0,'3',5,1,NULL,314,708,3,750,2,NULL,1,NULL),(618,57,0,0,'3',4,NULL,197,314,709,3,751,2,NULL,2,5),(619,159,0,0,'4',8,4,NULL,315,710,3,752,2,NULL,1,NULL),(620,57,0,0,'4',4,NULL,198,315,711,3,753,2,NULL,2,5),(621,159,0,0,'5',8,4,NULL,316,714,3,756,2,NULL,1,NULL),(622,57,0,0,'5',4,NULL,199,316,713,3,755,2,NULL,2,5),(623,159,0,0,'6',8,4,NULL,317,715,3,757,2,NULL,1,NULL),(624,57,0,0,'6',4,NULL,200,317,716,3,758,2,NULL,2,5),(625,159,0,0,'7',8,4,NULL,318,717,3,759,2,NULL,1,NULL),(626,57,0,0,'7',4,NULL,201,318,718,3,760,2,NULL,2,5),(627,159,0,0,'8',8,4,NULL,319,719,3,761,2,NULL,1,NULL),(628,57,0,0,'8',4,NULL,202,319,720,3,762,2,NULL,2,5),(629,159,0,0,'10',8,4,NULL,321,721,3,763,2,NULL,1,NULL),(630,57,0,0,'10',4,NULL,203,321,722,3,764,2,NULL,2,5),(631,159,0,0,'11',8,4,NULL,322,723,3,765,2,NULL,1,NULL),(632,57,0,0,'11',4,NULL,204,322,724,3,766,2,NULL,2,5),(633,159,0,0,'12',8,NULL,NULL,323,725,3,767,2,NULL,1,NULL),(634,57,0,0,'12',4,NULL,205,323,726,3,768,2,NULL,2,5),(635,159,0,0,'13',8,4,NULL,324,727,3,769,2,NULL,1,NULL),(636,57,0,0,'13',4,NULL,206,324,728,3,770,2,NULL,2,5),(637,159,0,0,'15',8,4,NULL,326,729,3,771,2,NULL,1,NULL),(638,57,0,0,'15',4,NULL,207,326,730,3,772,2,NULL,2,5),(639,89,0,0,'9',5,1,NULL,320,731,3,773,2,NULL,1,NULL),(640,57,0,0,'9',4,NULL,208,320,732,3,774,2,NULL,2,5),(641,89,0,0,'14',5,1,NULL,325,733,3,775,2,NULL,1,NULL),(642,57,0,0,'14',4,NULL,209,325,734,3,776,2,NULL,2,5),(643,89,0,0,'16',5,1,NULL,327,735,3,777,2,NULL,1,NULL),(644,57,0,0,'16',4,NULL,210,327,736,3,778,2,NULL,2,5),(645,89,0,0,'17',5,1,NULL,328,737,3,779,2,NULL,1,NULL),(646,57,0,0,'17',4,NULL,211,328,738,3,780,2,NULL,2,5),(647,89,0,0,'18',5,1,NULL,329,739,3,781,2,NULL,1,NULL),(648,57,0,0,'18',4,NULL,212,329,740,3,782,2,NULL,2,5),(649,89,0,0,'1',5,1,NULL,330,741,3,783,2,NULL,1,NULL),(650,57,0,0,'1',4,NULL,213,330,742,3,784,2,NULL,2,5),(651,89,0,0,'2',5,1,NULL,331,743,3,785,2,NULL,1,NULL),(652,57,0,0,'2',4,NULL,214,331,744,3,786,2,NULL,2,5),(653,89,0,0,'3',5,1,NULL,332,745,3,787,2,NULL,1,NULL),(654,57,0,0,'3',4,NULL,215,332,746,3,788,2,NULL,2,5),(655,159,0,0,'4',8,4,NULL,333,747,3,789,2,NULL,1,NULL),(656,57,0,0,'4',4,NULL,216,333,748,3,790,2,NULL,2,5),(657,159,0,0,'5',8,4,NULL,334,755,3,797,2,NULL,1,NULL),(658,57,0,0,'5',4,NULL,217,334,750,3,792,2,NULL,2,5),(659,89,0,0,'6',5,1,NULL,335,751,3,793,2,NULL,1,NULL),(660,57,0,0,'6',4,NULL,218,335,752,3,794,2,NULL,2,5),(661,89,0,0,'7',5,1,NULL,336,753,3,795,2,NULL,1,NULL),(662,57,0,0,'7',4,NULL,219,336,754,3,796,2,NULL,2,5),(663,89,0,0,'8',5,1,NULL,337,756,3,798,2,NULL,1,NULL),(664,57,0,0,'8',4,NULL,220,337,757,3,799,2,NULL,2,5),(665,159,0,0,'9',8,4,NULL,338,758,3,800,2,NULL,1,NULL),(666,57,0,0,'9',4,NULL,221,338,759,3,801,2,NULL,2,5),(667,89,0,0,'10',5,1,NULL,339,760,3,802,2,NULL,1,NULL),(668,57,0,0,'10',4,NULL,222,339,761,3,803,2,NULL,2,5),(669,89,0,0,'11',5,1,NULL,340,762,3,804,2,NULL,1,NULL),(670,57,0,0,'11',4,NULL,223,340,763,3,805,2,NULL,2,5);
/*!40000 ALTER TABLE `weld_pattern` ENABLE KEYS */;
UNLOCK TABLES;

--
-- Table structure for table `weld_pattern_weld_join_type`
--

DROP TABLE IF EXISTS `weld_pattern_weld_join_type`;
/*!40101 SET @saved_cs_client     = @@character_set_client */;
/*!40101 SET character_set_client = utf8 */;
CREATE TABLE `weld_pattern_weld_join_type` (
  `id_weld_pattern` bigint(20) NOT NULL,
  `id_weld_join_type` bigint(20) NOT NULL,
  KEY `FK_weld_pattern_weld_join_type_1` (`id_weld_pattern`),
  KEY `FK_weld_pattern_weld_join_type_2` (`id_weld_join_type`),
  CONSTRAINT `FK_weld_pattern_weld_join_type_1` FOREIGN KEY (`id_weld_pattern`) REFERENCES `weld_pattern` (`id_weld_pattern`) ON DELETE CASCADE ON UPDATE CASCADE,
  CONSTRAINT `FK_weld_pattern_weld_join_type_2` FOREIGN KEY (`id_weld_join_type`) REFERENCES `weld_join_type` (`id_weld_join_type`) ON DELETE CASCADE ON UPDATE CASCADE
) ENGINE=InnoDB DEFAULT CHARSET=utf8;
/*!40101 SET character_set_client = @saved_cs_client */;

--
-- Dumping data for table `weld_pattern_weld_join_type`
--

LOCK TABLES `weld_pattern_weld_join_type` WRITE;
/*!40000 ALTER TABLE `weld_pattern_weld_join_type` DISABLE KEYS */;
INSERT INTO `weld_pattern_weld_join_type` VALUES (13,1),(13,3),(13,6),(14,1),(14,3),(14,6),(15,1),(15,3),(15,6),(25,1),(25,3),(25,6),(27,1),(27,3),(27,6),(28,1),(28,3),(28,6),(29,1),(29,3),(29,6),(31,1),(31,3),(31,6),(32,1),(32,3),(32,6),(34,1),(34,3),(34,6),(38,1),(38,3),(38,6),(42,1),(42,3),(42,6),(39,1),(39,3),(39,6),(40,1),(40,3),(40,6),(41,1),(41,3),(41,6),(24,1),(24,3),(24,6),(17,1),(17,3),(17,6),(18,1),(18,3),(18,6),(19,1),(19,3),(19,6),(43,1),(43,3),(43,6),(20,1),(20,3),(20,6),(21,1),(21,3),(21,6),(22,1),(22,3),(22,6),(26,1),(26,3),(26,6),(33,1),(33,3),(33,6),(35,1),(35,3),(35,6),(36,1),(36,3),(36,6),(37,1),(37,3),(37,6),(16,1),(16,3),(16,6),(30,1),(30,3),(30,6),(23,1),(23,3),(23,6),(45,1),(45,3),(45,6),(46,1),(46,3),(46,6),(48,1),(48,3),(48,6),(47,1),(47,3),(47,6),(44,1),(44,3),(44,6),(49,1),(49,3),(49,6),(50,1),(50,3),(50,6),(52,1),(52,3),(52,6),(53,1),(53,3),(53,6),(54,1),(54,3),(54,6),(58,1),(58,3),(58,6),(59,1),(59,3),(59,6),(61,1),(61,3),(61,6),(62,1),(62,3),(62,6),(64,1),(64,3),(64,6),(65,1),(65,3),(65,6),(67,1),(67,3),(67,6),(69,1),(69,3),(69,6),(70,1),(70,3),(70,6),(71,1),(71,3),(71,6),(73,1),(73,3),(73,6),(74,1),(74,3),(74,6),(76,1),(76,3),(76,4),(77,1),(77,3),(77,6),(78,1),(78,3),(78,6),(79,1),(79,3),(79,6),(80,1),(80,3),(80,6),(81,1),(81,3),(81,6),(82,1),(82,3),(82,6),(84,1),(84,3),(84,6),(85,1),(85,3),(85,6),(86,1),(86,3),(86,6),(87,1),(87,3),(87,6),(88,1),(88,3),(88,6),(89,1),(89,3),(89,6),(90,1),(90,3),(90,6),(91,1),(91,3),(91,6),(83,1),(83,3),(83,6),(51,1),(51,3),(51,6),(55,1),(55,3),(55,6),(56,1),(56,3),(56,6),(57,1),(57,3),(57,6),(66,1),(66,3),(66,6),(68,1),(68,3),(68,6),(63,1),(63,3),(63,6),(72,1),(72,3),(72,6),(75,1),(75,3),(75,6),(60,1),(60,3),(60,6),(92,1),(92,3),(92,6),(93,1),(93,3),(93,6),(94,1),(94,3),(94,6),(95,1),(95,3),(95,6),(96,1),(96,3),(96,6),(97,1),(97,3),(97,6),(98,1),(98,3),(98,6),(99,1),(99,3),(99,6),(100,1),(100,3),(100,6),(103,1),(103,3),(103,6),(104,1),(104,3),(104,6),(106,1),(106,3),(106,6),(105,1),(105,3),(105,6),(107,1),(107,3),(107,6),(108,1),(108,3),(108,6),(109,1),(109,3),(109,6),(112,1),(112,3),(112,6),(113,1),(113,3),(113,6),(114,1),(114,3),(114,6),(115,1),(115,3),(115,6),(116,1),(116,3),(116,6),(117,1),(117,3),(117,6),(118,1),(118,3),(118,6),(119,1),(119,3),(119,6),(120,1),(120,3),(120,6),(121,1),(121,3),(121,6),(123,1),(123,3),(123,6),(124,1),(124,3),(124,6),(125,1),(125,3),(125,6),(126,1),(126,3),(126,6),(101,1),(101,3),(101,6),(102,1),(102,3),(102,6),(110,1),(110,3),(110,6),(111,1),(111,3),(111,6),(122,1),(122,3),(122,6),(127,1),(127,3),(127,6),(129,1),(129,3),(129,6),(130,1),(130,3),(130,6),(131,1),(131,3),(131,6),(132,1),(132,3),(132,6),(133,1),(133,3),(133,6),(134,1),(134,3),(134,6),(135,1),(135,3),(135,6),(136,1),(136,3),(136,6),(137,1),(137,3),(137,6),(138,1),(138,3),(138,6),(139,1),(139,3),(139,6),(141,1),(141,3),(141,6),(142,1),(142,3),(142,6),(143,1),(143,3),(143,6),(144,1),(144,3),(144,6),(145,1),(145,3),(145,6),(146,1),(146,3),(146,6),(147,1),(147,3),(147,6),(148,1),(148,3),(148,6),(149,1),(149,3),(149,6),(150,1),(150,3),(150,6),(151,1),(151,3),(151,6),(140,1),(140,3),(140,6),(128,1),(128,3),(128,6),(152,1),(152,3),(152,6),(154,1),(154,3),(154,6),(155,1),(155,3),(155,6),(156,1),(156,3),(156,6),(157,1),(157,3),(157,6),(158,1),(158,3),(158,6),(159,1),(159,3),(159,6),(160,1),(160,3),(160,6),(161,1),(161,3),(161,6),(163,1),(163,3),(163,6),(164,1),(164,3),(164,6),(167,1),(167,3),(167,6),(166,1),(166,3),(166,6),(168,1),(168,3),(168,6),(169,1),(169,3),(169,6),(170,1),(170,3),(170,6),(171,1),(171,3),(171,6),(172,1),(172,3),(172,6),(173,1),(173,3),(173,6),(174,1),(174,3),(174,6),(175,1),(175,3),(175,6),(153,1),(153,3),(153,6),(162,1),(162,3),(162,6),(165,1),(165,3),(165,6),(177,1),(177,3),(177,6),(179,1),(179,3),(179,6),(180,1),(180,3),(180,6),(181,1),(181,3),(181,6),(182,1),(182,3),(182,6),(178,1),(178,3),(178,6),(176,1),(176,3),(176,6),(183,1),(183,3),(183,6),(184,1),(184,3),(184,6),(185,1),(185,3),(185,6),(186,1),(186,3),(186,6),(187,1),(187,3),(187,6),(188,1),(188,3),(188,6),(189,1),(189,3),(189,6),(190,1),(190,3),(190,6),(192,1),(192,3),(192,6),(191,1),(191,3),(191,6),(193,1),(193,3),(193,6),(194,1),(194,3),(194,6),(195,1),(195,3),(195,6),(196,1),(196,3),(196,6),(197,1),(197,3),(197,6),(198,1),(198,3),(198,6),(199,1),(199,3),(199,6),(200,1),(200,3),(200,6),(202,1),(202,3),(202,6),(201,1),(201,3),(201,6),(203,1),(203,3),(203,6),(204,1),(204,3),(204,6),(205,1),(205,3),(205,6),(206,1),(206,3),(206,6),(207,1),(207,3),(207,6),(208,1),(208,3),(208,6),(209,1),(209,3),(209,6),(210,1),(210,3),(210,6),(211,1),(211,3),(211,6),(213,1),(213,3),(213,6),(214,1),(214,3),(214,6),(215,1),(215,3),(215,6),(216,1),(216,3),(216,6),(217,1),(217,3),(217,6),(219,1),(219,3),(219,6),(222,1),(222,3),(222,6),(221,1),(221,3),(221,6),(223,1),(223,3),(223,6),(226,1),(226,3),(226,6),(227,1),(227,3),(227,6),(228,1),(228,3),(228,6),(229,1),(229,3),(229,6),(230,1),(230,3),(230,6),(232,1),(232,3),(232,6),(218,1),(218,3),(218,6),(231,1),(231,3),(231,6),(220,1),(220,3),(220,6),(233,1),(233,3),(233,6),(234,1),(234,3),(234,6),(235,1),(235,3),(235,6),(236,1),(236,3),(236,6),(237,1),(237,3),(237,6),(238,1),(238,3),(238,6),(239,1),(239,3),(239,6),(240,1),(240,3),(240,6),(241,1),(241,3),(241,6),(242,1),(242,3),(242,6),(243,1),(243,3),(243,6),(244,1),(244,3),(244,6),(245,1),(245,3),(245,6),(246,1),(246,3),(246,6),(247,1),(247,3),(247,6),(248,1),(248,3),(248,6),(249,1),(249,3),(249,6),(250,1),(250,3),(250,6),(251,1),(251,3),(251,6),(252,1),(252,3),(252,6),(253,1),(253,3),(253,6),(254,1),(254,3),(254,6),(255,1),(255,3),(255,6),(256,1),(256,3),(256,6),(257,1),(257,3),(257,6),(258,1),(258,3),(258,6),(259,1),(259,3),(259,6),(260,1),(260,3),(260,6),(261,1),(261,3),(261,6),(262,1),(262,3),(262,6),(263,1),(263,3),(263,6),(264,1),(264,3),(264,6),(265,1),(265,3),(265,6),(266,1),(266,3),(266,6),(267,1),(267,3),(267,6),(270,1),(270,3),(270,6),(272,1),(272,3),(272,6),(273,1),(273,3),(273,6),(268,1),(268,3),(268,6),(269,1),(269,3),(269,6),(271,1),(271,3),(271,6),(274,1),(274,3),(274,6),(275,1),(275,3),(275,6),(277,1),(277,3),(277,6),(276,1),(276,3),(276,6),(278,1),(278,3),(278,6),(279,1),(279,3),(279,6),(280,1),(280,3),(280,6),(281,1),(281,3),(281,6),(282,1),(282,3),(282,6),(283,1),(283,3),(283,6),(284,1),(284,3),(284,6),(285,1),(285,3),(285,6),(286,1),(286,3),(286,6),(287,1),(287,3),(287,6),(288,1),(288,3),(288,6),(289,1),(289,3),(289,6),(290,1),(290,3),(290,6),(291,1),(291,3),(291,6),(292,1),(292,3),(292,6),(293,2),(293,3),(293,6),(294,1),(294,3),(294,6),(295,1),(295,3),(295,6),(296,1),(296,3),(296,6),(297,1),(297,3),(297,6),(298,1),(298,3),(298,6),(299,1),(300,1),(300,3),(300,6),(301,1),(301,3),(301,6),(302,1),(302,3),(302,6),(303,1),(303,3),(303,6),(304,1),(304,3),(304,6),(305,1),(305,3),(305,6),(306,1),(306,3),(306,6),(307,1),(307,3),(307,6),(308,1),(308,3),(308,6),(309,1),(309,3),(309,6),(310,1),(310,3),(310,6),(311,1),(311,3),(311,6),(313,1),(313,3),(313,6),(314,1),(314,3),(314,6),(316,1),(316,3),(316,6),(317,1),(317,3),(317,6),(318,1),(318,3),(318,6),(319,1),(319,3),(319,6),(321,1),(321,3),(321,6),(323,1),(323,3),(323,6),(325,1),(325,3),(325,6),(326,1),(326,3),(326,6),(327,1),(327,3),(327,6),(328,1),(328,3),(328,6),(329,1),(329,3),(329,6),(330,1),(330,3),(330,6),(331,1),(331,3),(331,6),(322,1),(322,3),(322,6),(324,1),(324,3),(324,6),(312,1),(312,3),(312,6),(315,1),(315,3),(315,7),(332,1),(332,3),(332,6),(333,1),(333,3),(333,6),(320,1),(320,3),(320,6),(334,1),(334,3),(334,6),(335,1),(335,3),(335,6),(336,1),(336,3),(336,6),(337,1),(337,3),(337,6),(338,1),(338,3),(338,6),(339,1),(339,3),(339,6),(340,1),(340,3),(340,6),(341,1),(341,3),(341,6),(342,1),(342,3),(342,6),(343,1),(343,3),(343,6),(344,1),(344,3),(344,6),(345,1),(345,3),(345,6),(346,1),(346,3),(346,6),(347,1),(347,3),(347,6),(349,1),(349,3),(349,6),(348,1),(348,3),(348,6),(350,1),(350,3),(350,6),(351,1),(351,3),(351,6),(353,1),(353,3),(353,6),(355,1),(355,3),(355,6),(354,1),(354,3),(354,6),(352,1),(352,3),(352,6),(356,1),(356,3),(356,6),(357,1),(357,3),(357,6),(360,1),(360,3),(360,6),(358,1),(358,3),(358,6),(359,1),(359,3),(359,6),(361,1),(361,3),(361,6),(362,1),(362,3),(362,6),(363,1),(363,3),(363,6),(364,1),(364,3),(364,6),(365,1),(365,3),(365,6),(366,1),(366,3),(366,6),(367,1),(367,3),(367,6),(368,1),(368,3),(368,6),(369,1),(369,3),(369,6),(370,1),(370,3),(370,6),(371,1),(371,3),(371,6),(372,1),(372,3),(372,6),(373,1),(373,3),(373,6),(375,1),(375,3),(375,6),(374,1),(374,3),(374,6),(376,1),(376,3),(376,6),(377,1),(377,3),(377,6),(378,1),(378,3),(378,6),(379,1),(379,3),(379,6),(380,1),(380,3),(380,6),(381,1),(381,3),(381,6),(382,1),(382,3),(382,6),(383,1),(383,3),(383,6),(384,1),(384,3),(384,6),(385,1),(385,3),(385,6),(386,1),(386,3),(386,6),(387,1),(387,3),(387,6),(388,1),(388,3),(388,6),(389,1),(389,3),(389,6),(390,1),(390,3),(390,6),(391,1),(391,3),(391,6),(392,1),(392,3),(392,6),(393,1),(393,3),(393,6),(394,1),(394,3),(394,6),(395,1),(395,3),(395,6),(396,1),(396,3),(396,6),(397,1),(397,3),(397,6),(399,1),(399,3),(399,6),(398,1),(398,3),(398,6),(400,1),(400,3),(400,6),(401,1),(401,3),(401,6),(403,1),(403,3),(403,6),(404,1),(404,3),(404,6),(405,1),(405,3),(405,6),(402,1),(402,3),(402,6),(406,1),(406,3),(406,6),(407,1),(407,3),(407,6),(408,1),(408,3),(408,6),(409,1),(409,3),(409,6),(410,1),(410,3),(410,6),(410,8),(412,1),(412,3),(412,6),(411,1),(411,3),(411,6),(413,1),(413,3),(413,6),(414,1),(414,3),(414,6),(415,1),(415,3),(415,6),(416,1),(416,3),(416,6),(417,1),(417,3),(417,6),(418,1),(418,3),(418,6),(420,1),(420,3),(420,6),(422,1),(422,3),(422,6),(423,1),(423,3),(423,6),(424,1),(424,3),(424,6),(421,1),(421,3),(421,6),(425,1),(425,3),(425,6),(426,1),(426,3),(426,6),(427,1),(427,3),(427,6),(428,1),(428,3),(428,6),(429,1),(429,3),(429,6),(430,1),(430,3),(430,6),(431,1),(431,3),(431,6),(432,1),(432,3),(432,6),(433,1),(433,3),(433,6),(434,1),(434,3),(434,6),(435,1),(435,3),(435,6),(436,1),(436,3),(436,6),(437,1),(437,3),(437,6),(438,1),(438,3),(438,6),(439,1),(439,3),(439,6),(440,1),(440,3),(440,6),(441,1),(441,3),(441,6),(442,1),(442,3),(442,6),(443,1),(443,3),(443,6),(444,1),(444,3),(444,6),(445,1),(445,3),(445,6),(446,1),(446,3),(446,6),(447,1),(447,3),(447,6),(448,1),(448,3),(448,6),(449,1),(449,3),(449,6),(450,1),(450,3),(450,6),(451,1),(451,3),(451,6),(452,1),(452,3),(452,6),(419,1),(419,3),(419,6),(453,1),(453,3),(453,6),(454,1),(454,3),(454,6),(455,1),(455,3),(455,6),(456,1),(456,3),(456,6),(457,1),(457,3),(457,6),(458,1),(458,3),(458,6),(459,1),(459,3),(459,6),(460,1),(460,3),(460,6),(461,1),(461,3),(461,6),(462,1),(462,3),(462,6),(463,1),(463,3),(463,6),(464,1),(464,3),(464,6),(466,1),(466,3),(466,6),(467,1),(467,3),(467,6),(468,1),(468,3),(468,6),(469,1),(469,3),(469,6),(470,1),(470,3),(470,6),(465,1),(465,3),(465,6),(472,1),(472,3),(472,6),(474,1),(474,3),(474,6),(475,1),(475,3),(475,6),(476,1),(476,3),(476,6),(477,1),(477,3),(477,6),(478,1),(478,3),(478,6),(479,1),(479,3),(479,6),(480,1),(480,3),(480,6),(473,1),(473,3),(473,6),(471,1),(471,3),(471,6),(481,1),(481,3),(481,6),(482,1),(482,3),(482,6),(483,1),(483,3),(483,6),(484,1),(484,3),(484,6),(486,1),(486,3),(486,6),(487,1),(487,3),(487,6),(488,1),(488,3),(488,6),(489,1),(489,3),(489,6),(490,1),(490,3),(490,6),(491,1),(491,3),(491,6),(492,1),(492,3),(492,6),(493,1),(493,3),(493,6),(494,1),(494,3),(494,6),(495,1),(495,3),(495,6),(496,1),(496,3),(496,6),(497,1),(497,3),(497,6),(498,1),(498,3),(498,6),(485,1),(485,3),(485,6),(499,1),(499,3),(499,6),(500,1),(500,3),(500,6),(501,1),(501,3),(501,6),(502,1),(502,3),(502,6),(503,1),(503,3),(503,6),(504,1),(504,3),(504,6),(505,1),(505,3),(505,6),(506,1),(506,3),(506,6),(507,1),(507,3),(507,6),(508,1),(508,3),(508,6),(509,1),(509,3),(509,6),(510,1),(510,3),(510,6),(511,1),(511,3),(511,6),(512,1),(512,3),(512,6),(513,1),(513,3),(513,6),(514,1),(514,3),(514,6),(515,1),(515,3),(515,6),(517,1),(517,3),(517,6),(518,1),(518,3),(518,6),(519,1),(519,3),(519,6),(520,1),(520,3),(520,6),(521,1),(521,3),(521,6),(516,1),(516,3),(516,6),(522,1),(522,3),(522,6),(523,1),(523,3),(523,6),(524,1),(524,3),(524,6),(525,1),(525,3),(525,6),(526,1),(526,3),(526,6),(527,1),(527,3),(527,6),(528,1),(528,3),(528,6),(529,1),(529,3),(529,6),(530,1),(530,3),(530,6),(531,1),(531,3),(531,6),(532,1),(532,3),(532,6),(533,1),(533,3),(533,5),(534,1),(534,3),(534,6),(535,1),(535,3),(535,6),(536,1),(536,3),(536,6),(537,1),(537,3),(537,6),(538,1),(538,3),(538,6),(540,1),(540,3),(540,6),(542,1),(542,3),(542,6),(544,1),(544,3),(544,6),(546,1),(546,3),(546,6),(548,1),(548,3),(548,6),(551,1),(551,3),(551,6),(553,1),(553,3),(553,6),(555,1),(555,3),(555,6),(557,1),(557,3),(557,6),(559,1),(559,3),(559,6),(561,1),(561,3),(561,6),(560,1),(560,3),(560,6),(539,1),(539,3),(539,6),(541,1),(541,3),(541,6),(543,1),(543,3),(543,6),(558,1),(558,3),(558,6),(545,1),(545,3),(545,6),(547,1),(547,3),(547,6),(562,1),(562,3),(562,6),(549,1),(549,3),(549,6),(550,1),(550,3),(550,6),(552,1),(552,3),(552,6),(554,1),(554,3),(554,6),(556,1),(556,3),(556,6),(563,1),(563,3),(563,6),(564,1),(564,3),(564,6),(565,1),(565,3),(565,6),(566,1),(566,3),(566,6),(567,1),(567,3),(567,6),(568,1),(568,3),(568,6),(569,1),(569,3),(569,6),(570,1),(570,3),(570,6),(571,1),(571,4),(571,6),(572,1),(572,3),(572,6),(573,1),(573,3),(573,6),(574,1),(574,3),(574,5),(575,1),(575,3),(575,6),(576,1),(576,3),(576,6),(577,1),(577,3),(577,6),(578,1),(578,3),(578,6),(579,1),(579,3),(579,6),(580,1),(580,3),(580,6),(581,1),(581,3),(581,6),(582,1),(582,3),(582,6),(583,1),(583,3),(583,6),(584,1),(584,3),(584,6),(585,1),(585,3),(585,6),(586,1),(586,3),(586,6),(587,1),(587,3),(587,6),(588,1),(588,3),(588,6),(589,1),(589,3),(589,6),(591,1),(591,3),(591,6),(592,1),(592,3),(592,6),(593,1),(593,3),(593,6),(594,1),(594,3),(594,6),(590,1),(590,3),(590,6),(596,1),(596,3),(596,6),(595,1),(595,3),(595,6),(597,1),(597,3),(597,6),(598,1),(598,3),(598,6),(599,1),(599,3),(599,6),(600,1),(600,3),(600,6),(601,1),(601,3),(601,6),(602,1),(602,3),(602,6),(603,1),(603,3),(603,6),(604,1),(604,3),(604,6),(605,1),(605,3),(605,6),(606,1),(606,3),(606,6),(607,1),(607,3),(607,6),(608,1),(608,3),(608,6),(609,1),(609,3),(609,6),(610,1),(610,3),(610,6),(611,1),(611,3),(611,6),(612,1),(612,3),(612,6),(613,1),(613,3),(613,6),(614,1),(614,3),(614,6),(615,1),(615,3),(615,6),(616,1),(616,3),(616,6),(617,1),(617,3),(617,6),(618,1),(618,3),(618,6),(619,1),(619,3),(619,6),(620,1),(620,3),(620,6),(622,1),(622,3),(622,6),(621,1),(621,3),(621,6),(623,1),(623,3),(623,6),(624,1),(624,3),(624,6),(625,1),(625,3),(625,6),(626,1),(626,3),(626,6),(627,1),(627,3),(627,6),(628,1),(628,3),(628,6),(629,1),(629,3),(629,6),(630,1),(630,3),(630,6),(631,1),(631,3),(631,6),(632,1),(632,3),(632,6),(633,1),(633,3),(633,6),(634,1),(634,3),(634,6),(635,1),(635,3),(635,6),(636,1),(636,3),(636,6),(637,1),(637,3),(637,6),(638,1),(638,3),(638,6),(639,1),(639,3),(639,6),(640,1),(640,3),(640,6),(641,1),(641,3),(641,6),(642,1),(642,3),(642,6),(643,1),(643,3),(643,6),(644,1),(644,3),(644,6),(645,1),(645,3),(645,6),(646,1),(646,3),(646,6),(647,1),(647,3),(647,6),(648,1),(648,3),(648,6),(649,1),(649,3),(649,6),(650,1),(650,3),(650,6),(651,1),(651,3),(651,6),(652,1),(652,3),(652,6),(653,1),(653,3),(653,6),(654,1),(654,3),(654,6),(655,1),(655,3),(655,6),(656,1),(656,3),(656,6),(658,1),(658,3),(658,6),(659,1),(659,3),(659,6),(660,1),(660,3),(660,6),(661,1),(661,3),(661,6),(662,1),(662,3),(662,6),(657,1),(657,3),(657,6),(663,1),(663,3),(663,6),(664,1),(664,3),(664,6),(665,1),(665,3),(665,6),(666,1),(666,3),(666,6),(667,1),(667,3),(667,6),(668,1),(668,3),(668,6),(669,1),(669,3),(669,6),(670,1),(670,3),(670,6);
/*!40000 ALTER TABLE `weld_pattern_weld_join_type` ENABLE KEYS */;
UNLOCK TABLES;

--
-- Table structure for table `weld_pattern_weld_position`
--

DROP TABLE IF EXISTS `weld_pattern_weld_position`;
/*!40101 SET @saved_cs_client     = @@character_set_client */;
/*!40101 SET character_set_client = utf8 */;
CREATE TABLE `weld_pattern_weld_position` (
  `id_weld_pattern` bigint(20) NOT NULL,
  `id_weld_position` bigint(20) NOT NULL,
  KEY `FK_weld_pattern_weld_position` (`id_weld_pattern`),
  KEY `FK_weld_pattern_weld_position_2` (`id_weld_position`),
  CONSTRAINT `FK_weld_pattern_weld_position` FOREIGN KEY (`id_weld_pattern`) REFERENCES `weld_pattern` (`id_weld_pattern`) ON DELETE CASCADE ON UPDATE CASCADE,
  CONSTRAINT `FK_weld_pattern_weld_position_2` FOREIGN KEY (`id_weld_position`) REFERENCES `weld_position` (`id_weld_position`) ON DELETE CASCADE ON UPDATE CASCADE
) ENGINE=InnoDB DEFAULT CHARSET=utf8;
/*!40101 SET character_set_client = @saved_cs_client */;

--
-- Dumping data for table `weld_pattern_weld_position`
--

LOCK TABLES `weld_pattern_weld_position` WRITE;
/*!40000 ALTER TABLE `weld_pattern_weld_position` DISABLE KEYS */;
INSERT INTO `weld_pattern_weld_position` VALUES (13,5),(14,3),(14,6),(15,3),(15,6),(25,1),(27,3),(27,6),(28,3),(28,6),(29,3),(29,6),(31,3),(31,6),(32,3),(32,6),(34,1),(38,3),(38,6),(42,3),(42,6),(39,3),(39,6),(40,3),(40,6),(41,1),(24,3),(24,6),(17,3),(17,6),(18,3),(18,6),(19,3),(19,6),(43,3),(43,6),(20,3),(20,6),(21,3),(21,6),(22,3),(22,6),(26,3),(26,6),(33,3),(33,6),(35,3),(35,6),(36,3),(36,6),(37,3),(37,6),(16,3),(16,6),(30,3),(30,6),(23,3),(23,6),(45,3),(45,6),(46,3),(46,6),(48,3),(48,6),(47,3),(47,6),(44,3),(44,6),(49,3),(49,6),(50,3),(50,6),(52,3),(52,6),(53,3),(53,6),(54,3),(54,6),(58,3),(58,6),(59,3),(59,6),(61,3),(61,6),(62,3),(62,6),(64,3),(64,6),(65,3),(65,6),(67,3),(67,6),(69,3),(69,6),(70,3),(70,6),(71,3),(71,6),(73,3),(73,6),(74,3),(74,6),(76,3),(76,6),(77,3),(77,6),(78,3),(78,6),(79,3),(79,6),(80,3),(80,6),(81,3),(81,6),(82,3),(82,6),(84,3),(84,6),(85,3),(85,6),(86,3),(86,6),(87,3),(87,6),(88,3),(88,6),(89,3),(89,6),(90,3),(90,6),(91,3),(91,6),(83,3),(83,6),(51,3),(51,6),(55,3),(55,6),(56,3),(56,6),(57,3),(57,6),(66,3),(66,6),(68,3),(68,6),(63,3),(63,6),(72,3),(72,6),(75,3),(75,6),(60,3),(60,6),(92,3),(92,6),(93,1),(94,1),(95,3),(95,6),(96,3),(96,6),(97,3),(97,6),(98,3),(98,6),(99,3),(99,6),(100,3),(100,6),(103,8),(104,8),(106,3),(106,6),(105,3),(105,6),(107,3),(107,6),(108,3),(108,6),(109,3),(109,6),(112,3),(112,6),(113,3),(113,6),(114,3),(114,6),(115,3),(115,6),(116,3),(116,6),(117,3),(117,6),(118,3),(118,6),(119,8),(120,8),(121,3),(121,6),(123,3),(123,6),(124,3),(124,6),(125,1),(126,8),(101,3),(101,6),(102,3),(102,6),(110,3),(110,6),(111,3),(111,6),(122,3),(122,6),(127,8),(129,3),(129,6),(130,3),(130,6),(131,3),(131,6),(132,3),(132,6),(133,3),(133,6),(134,3),(134,6),(135,3),(135,6),(136,3),(136,6),(137,3),(137,6),(138,3),(138,6),(139,3),(139,6),(141,3),(141,6),(142,3),(142,6),(143,3),(143,6),(144,3),(144,6),(145,3),(145,6),(146,3),(146,6),(147,3),(147,6),(148,3),(148,6),(149,3),(149,6),(150,3),(150,6),(151,3),(151,6),(140,3),(140,6),(128,3),(128,6),(152,3),(152,6),(154,3),(154,6),(155,3),(155,6),(156,3),(156,6),(157,3),(157,6),(158,3),(158,6),(159,3),(159,6),(160,3),(160,6),(161,3),(161,6),(163,3),(163,6),(164,3),(164,6),(167,3),(167,6),(166,3),(166,6),(168,3),(168,6),(169,3),(169,6),(170,3),(170,6),(171,3),(171,6),(172,3),(172,6),(173,3),(173,6),(174,3),(174,6),(175,3),(175,6),(153,3),(153,6),(162,3),(162,6),(165,3),(165,6),(177,1),(179,3),(179,6),(180,3),(180,6),(181,3),(181,6),(182,1),(178,3),(178,6),(176,3),(176,6),(183,3),(183,6),(184,3),(184,6),(185,1),(186,3),(186,6),(187,3),(187,6),(188,3),(188,6),(189,3),(189,6),(190,3),(190,6),(192,3),(192,6),(191,3),(191,6),(193,3),(193,6),(194,1),(195,3),(195,6),(196,3),(196,6),(197,3),(197,6),(198,3),(198,6),(199,3),(199,6),(200,3),(200,6),(202,3),(202,6),(201,3),(201,6),(203,3),(203,6),(204,3),(204,6),(205,3),(205,6),(206,3),(206,6),(207,3),(207,6),(208,5),(209,5),(210,3),(210,6),(211,5),(213,3),(213,6),(214,3),(214,6),(215,3),(215,6),(216,3),(216,6),(217,5),(219,5),(222,3),(222,6),(221,3),(221,6),(223,3),(223,6),(226,3),(226,6),(227,5),(228,5),(229,5),(230,5),(232,3),(232,6),(218,5),(231,3),(231,6),(220,5),(233,3),(233,6),(234,3),(234,6),(235,3),(235,6),(236,5),(237,5),(238,5),(239,5),(240,5),(241,5),(242,5),(243,5),(244,3),(244,6),(245,3),(245,6),(246,5),(247,5),(248,5),(249,5),(250,3),(250,6),(251,3),(251,6),(252,3),(252,6),(253,1),(254,1),(255,1),(256,3),(256,6),(257,3),(257,6),(258,3),(258,6),(259,3),(259,6),(260,3),(260,6),(261,3),(261,6),(262,3),(262,6),(263,3),(263,6),(264,3),(264,6),(265,3),(265,6),(266,3),(266,6),(267,3),(267,6),(270,3),(270,6),(272,3),(272,6),(273,3),(273,6),(268,3),(268,6),(269,3),(269,6),(271,3),(271,6),(274,1),(275,1),(277,3),(277,6),(276,3),(276,6),(278,3),(278,6),(279,3),(279,6),(280,3),(280,6),(281,1),(282,1),(283,3),(283,6),(284,3),(284,6),(285,5),(286,5),(287,3),(287,6),(288,3),(288,6),(289,1),(290,1),(291,3),(291,6),(292,3),(292,6),(293,3),(293,6),(294,3),(294,6),(295,3),(295,6),(296,3),(296,6),(297,3),(297,6),(298,3),(298,6),(299,8),(300,8),(301,3),(301,6),(302,3),(302,6),(303,3),(303,6),(304,3),(304,6),(305,3),(305,6),(306,3),(306,6),(307,3),(307,6),(308,3),(308,6),(309,3),(309,6),(310,3),(310,6),(311,3),(311,6),(313,5),(314,5),(316,5),(317,5),(318,3),(318,6),(319,3),(319,6),(321,3),(321,6),(323,5),(325,5),(326,5),(327,5),(328,5),(329,5),(330,5),(331,5),(322,5),(324,5),(312,5),(315,5),(332,3),(332,6),(333,3),(333,6),(320,3),(320,6),(334,3),(334,6),(335,3),(335,6),(336,5),(337,5),(338,5),(339,5),(340,5),(341,5),(342,5),(343,5),(344,3),(344,6),(345,3),(345,6),(346,1),(347,1),(349,3),(349,6),(348,3),(348,6),(350,8),(351,8),(353,3),(353,6),(355,3),(355,6),(354,3),(354,6),(352,3),(352,6),(356,3),(356,6),(357,3),(357,6),(360,5),(358,5),(359,5),(361,5),(362,3),(362,6),(363,3),(363,6),(364,3),(364,6),(365,3),(365,6),(366,5),(367,5),(368,5),(369,5),(370,3),(370,6),(371,3),(371,6),(372,3),(372,6),(373,3),(373,6),(375,3),(375,6),(374,3),(374,6),(376,3),(376,6),(377,3),(377,6),(378,3),(378,6),(379,3),(379,6),(380,3),(380,6),(381,3),(381,6),(382,3),(382,6),(383,3),(383,6),(384,3),(384,6),(385,3),(385,6),(386,3),(386,6),(387,3),(387,6),(388,3),(388,6),(389,3),(389,6),(390,5),(391,5),(392,3),(392,6),(393,3),(393,6),(394,3),(394,6),(395,3),(395,6),(396,3),(396,6),(397,3),(397,6),(399,5),(398,5),(400,3),(400,6),(401,3),(401,6),(403,5),(404,5),(405,5),(402,5),(406,1),(407,5),(408,5),(409,5),(410,5),(412,5),(411,5),(413,5),(414,5),(415,5),(416,5),(417,5),(418,5),(420,5),(422,5),(423,5),(424,5),(421,5),(425,5),(426,5),(427,5),(428,5),(429,5),(430,5),(431,5),(432,5),(433,5),(434,5),(435,5),(436,5),(437,5),(438,5),(439,5),(440,5),(441,5),(442,5),(443,5),(444,5),(445,5),(446,5),(447,5),(448,5),(449,5),(450,5),(451,5),(452,5),(419,5),(453,1),(454,1),(455,3),(455,6),(456,3),(456,6),(457,3),(457,6),(458,3),(458,6),(459,3),(459,6),(460,3),(460,6),(461,3),(461,6),(462,3),(462,6),(463,3),(463,6),(464,3),(464,6),(466,3),(466,6),(467,3),(467,6),(468,3),(468,6),(469,3),(469,6),(470,3),(470,6),(465,3),(465,6),(472,3),(472,6),(474,3),(474,6),(475,3),(475,6),(476,3),(476,6),(477,3),(477,6),(478,3),(478,6),(479,3),(479,6),(480,3),(480,6),(473,3),(473,6),(471,3),(471,6),(481,3),(481,6),(482,3),(482,6),(483,3),(483,6),(484,3),(484,6),(486,3),(486,6),(487,3),(487,6),(488,3),(488,6),(489,3),(489,6),(490,3),(490,6),(491,3),(491,6),(492,3),(492,6),(493,3),(493,6),(494,3),(494,6),(495,3),(495,6),(496,3),(496,6),(497,3),(497,6),(498,3),(498,6),(485,3),(485,6),(499,3),(499,6),(500,3),(500,6),(501,3),(501,6),(502,3),(502,6),(503,3),(503,6),(504,3),(504,6),(505,3),(505,6),(506,3),(506,6),(507,3),(507,6),(508,3),(508,6),(509,3),(509,6),(510,3),(510,6),(511,3),(511,6),(512,3),(512,6),(513,3),(513,6),(514,3),(514,6),(515,3),(515,6),(517,3),(517,6),(518,3),(518,6),(519,3),(519,6),(520,3),(520,6),(521,3),(521,6),(516,3),(516,6),(522,5),(523,5),(524,5),(525,5),(526,5),(527,5),(528,5),(529,5),(530,5),(531,5),(532,5),(533,1),(534,3),(534,6),(535,3),(535,6),(536,3),(536,6),(537,5),(538,5),(540,3),(540,6),(542,3),(542,6),(544,3),(544,6),(546,3),(546,6),(548,3),(548,6),(551,3),(551,6),(553,3),(553,6),(555,3),(555,6),(557,3),(557,6),(559,3),(559,6),(561,3),(561,6),(560,3),(560,6),(539,3),(539,6),(541,3),(541,6),(543,3),(543,6),(558,3),(558,6),(545,3),(545,6),(547,3),(547,6),(562,3),(562,6),(549,3),(549,6),(550,3),(550,6),(552,3),(552,6),(554,3),(554,6),(556,3),(556,6),(563,1),(564,1),(565,3),(565,6),(566,3),(566,6),(567,5),(568,5),(569,5),(570,5),(571,3),(571,6),(572,3),(572,6),(573,3),(573,6),(574,3),(574,6),(575,3),(575,6),(576,3),(576,6),(577,3),(577,6),(578,3),(578,6),(579,3),(579,6),(580,5),(581,1),(582,1),(583,1),(584,5),(585,5),(586,5),(587,5),(588,5),(589,5),(591,5),(592,5),(593,5),(594,5),(590,5),(596,3),(596,6),(595,3),(595,6),(597,3),(597,6),(598,3),(598,6),(599,3),(599,6),(600,3),(600,6),(601,3),(601,6),(602,3),(602,6),(603,5),(604,5),(605,5),(606,5),(607,5),(608,5),(609,5),(610,5),(611,3),(611,6),(612,3),(612,6),(613,3),(613,6),(614,3),(614,6),(615,3),(615,6),(616,3),(616,6),(617,3),(617,6),(618,3),(618,6),(619,3),(619,6),(620,3),(620,6),(622,3),(622,6),(621,3),(621,6),(623,3),(623,6),(624,3),(624,6),(625,3),(625,6),(626,3),(626,6),(627,3),(627,6),(628,3),(628,6),(629,3),(629,6),(630,3),(630,6),(631,3),(631,6),(632,3),(632,6),(633,3),(633,6),(634,3),(634,6),(635,3),(635,6),(636,3),(636,6),(637,3),(637,6),(638,3),(638,6),(639,3),(639,6),(640,3),(640,6),(641,3),(641,6),(642,3),(642,6),(643,3),(643,6),(644,3),(644,6),(645,3),(645,6),(646,3),(646,6),(647,3),(647,6),(648,3),(648,6),(649,3),(649,6),(650,3),(650,6),(651,3),(651,6),(652,3),(652,6),(653,3),(653,6),(654,3),(654,6),(655,3),(655,6),(656,3),(656,6),(658,3),(658,6),(659,3),(659,6),(660,3),(660,6),(661,3),(661,6),(662,3),(662,6),(657,3),(657,6),(663,3),(663,6),(664,3),(664,6),(665,3),(665,6),(666,3),(666,6),(667,3),(667,6),(668,3),(668,6),(669,3),(669,6),(670,3),(670,6);
/*!40000 ALTER TABLE `weld_pattern_weld_position` ENABLE KEYS */;
UNLOCK TABLES;

--
-- Table structure for table `weld_position`
--

DROP TABLE IF EXISTS `weld_position`;
/*!40101 SET @saved_cs_client     = @@character_set_client */;
/*!40101 SET character_set_client = utf8 */;
CREATE TABLE `weld_position` (
  `id_weld_position` bigint(20) NOT NULL AUTO_INCREMENT,
  `code` varchar(255) DEFAULT NULL,
  `type` varchar(255) DEFAULT NULL,
  PRIMARY KEY (`id_weld_position`)
) ENGINE=InnoDB AUTO_INCREMENT=9 DEFAULT CHARSET=utf8;
/*!40101 SET character_set_client = @saved_cs_client */;

--
-- Dumping data for table `weld_position`
--

LOCK TABLES `weld_position` WRITE;
/*!40000 ALTER TABLE `weld_position` DISABLE KEYS */;
INSERT INTO `weld_position` VALUES (1,'PA','Нижнее'),(2,'PB','Горизонтально-вертикальное'),(3,'PF','Вертикальное (снизу-вверх)'),(4,'PG','Вертикальное (сверху-вниз)'),(5,'H-L045','Положение с наклоном'),(6,'PC','Горизонтальное'),(7,'PD','Горизонтально-вертикальное потолочное'),(8,'РЕ','');
/*!40000 ALTER TABLE `weld_position` ENABLE KEYS */;
UNLOCK TABLES;

--
-- Table structure for table `weld_wire`
--

DROP TABLE IF EXISTS `weld_wire`;
/*!40101 SET @saved_cs_client     = @@character_set_client */;
/*!40101 SET character_set_client = utf8 */;
CREATE TABLE `weld_wire` (
  `id_weld_wire` bigint(20) NOT NULL AUTO_INCREMENT,
  `type` varchar(255) DEFAULT NULL,
  PRIMARY KEY (`id_weld_wire`)
) ENGINE=InnoDB AUTO_INCREMENT=6 DEFAULT CHARSET=utf8;
/*!40101 SET character_set_client = @saved_cs_client */;

--
-- Dumping data for table `weld_wire`
--

LOCK TABLES `weld_wire` WRITE;
/*!40000 ALTER TABLE `weld_wire` DISABLE KEYS */;
INSERT INTO `weld_wire` VALUES (2,'Св-08Г2С'),(3,'Св-04Х19Н9'),(4,'Св-08ХМФА'),(5,'Св-08А');
/*!40000 ALTER TABLE `weld_wire` ENABLE KEYS */;
UNLOCK TABLES;

--
-- Table structure for table `welder`
--

DROP TABLE IF EXISTS `welder`;
/*!40101 SET @saved_cs_client     = @@character_set_client */;
/*!40101 SET character_set_client = utf8 */;
CREATE TABLE `welder` (
  `id_welder` bigint(20) NOT NULL AUTO_INCREMENT,
  `birthday` date DEFAULT NULL,
  `date_begin` date DEFAULT NULL,
  `doc_number` varchar(255) DEFAULT NULL,
  `name` varchar(255) DEFAULT NULL,
  `secname` varchar(255) DEFAULT NULL,
  `surname` varchar(255) DEFAULT NULL,
  `id_education` bigint(20) DEFAULT NULL,
  `id_job` bigint(20) DEFAULT NULL,
  `id_organization` bigint(20) DEFAULT NULL,
  `id_qualification` bigint(20) DEFAULT NULL,
  `address` varchar(255) DEFAULT NULL,
  PRIMARY KEY (`id_welder`),
  KEY `FKD0D293F3C491E346` (`id_organization`),
  KEY `FKD0D293F36A83B29A` (`id_job`),
  KEY `FKD0D293F37DB64EFE` (`id_qualification`),
  KEY `FKD0D293F3A3167270` (`id_education`),
  CONSTRAINT `FKD0D293F36A83B29A` FOREIGN KEY (`id_job`) REFERENCES `job` (`id_job`) ON DELETE SET NULL ON UPDATE CASCADE,
  CONSTRAINT `FKD0D293F37DB64EFE` FOREIGN KEY (`id_qualification`) REFERENCES `qualification` (`id_qualification`) ON DELETE SET NULL ON UPDATE CASCADE,
  CONSTRAINT `FKD0D293F3A3167270` FOREIGN KEY (`id_education`) REFERENCES `education` (`id_education`) ON DELETE SET NULL ON UPDATE CASCADE,
  CONSTRAINT `FKD0D293F3C491E346` FOREIGN KEY (`id_organization`) REFERENCES `organization` (`id_organization`) ON DELETE SET NULL ON UPDATE CASCADE
) ENGINE=InnoDB AUTO_INCREMENT=341 DEFAULT CHARSET=utf8;
/*!40101 SET character_set_client = @saved_cs_client */;

--
-- Dumping data for table `welder`
--

LOCK TABLES `welder` WRITE;
/*!40000 ALTER TABLE `welder` DISABLE KEYS */;
INSERT INTO `welder` VALUES (8,'1956-01-01','1976-01-01','НА-33/882','Василий','Васильевич','Колобылин',3,1,3,1,'г. Харьков'),(9,'1955-02-06','1975-01-01','НА-33/620','Григорий','Васильевич','Печерица',3,NULL,3,1,'г. Харьков'),(10,'1973-06-03','1996-01-01','НА-33/618','Николай','Леонидович','Найпак',3,NULL,3,NULL,'г. Харьков'),(11,'1976-06-15','1996-01-01','НА-33/619','Максим','Григорьевич','Филоненко',3,NULL,3,NULL,'г. Харьков'),(12,'1979-01-01','1985-01-01','АН-27-450-13','Александр','Владимирович','Антонов',1,1,4,NULL,'г. Лисичанск'),(13,'1976-09-22','1997-01-01','АН-10/4389-13','Виталий','Анатольевич','Бондаренко',3,1,4,NULL,'г. Лисичанск'),(14,'1981-07-13','2002-01-01','АН-10/4403-13','Андрей','Михайлович','Ватраль',3,3,4,NULL,'г. Лисичанск'),(15,'1981-08-07','2002-01-01','АН-10/4471-13','Андрей','Викторович','Войков',3,1,4,NULL,'г. Лисичанск'),(16,'1984-07-27','2002-06-30','АН-10/4584-13','Кирилл','Петрович','Гончаренко',5,1,4,NULL,''),(17,'1966-06-12','1985-01-01','НА-33/883','Виталий','Николаевич','Григорьев',1,3,5,NULL,'г. Лозовая'),(18,'1987-08-28','2007-02-21','АН-10/4396-13','Дмитрий','Юрьевич','Грицаев',1,2,4,NULL,'г. Лисичанск'),(19,'1964-05-16','1987-04-29','НА-10/4406-13','Александр','Николаевич','Карпенко',5,1,4,NULL,'г. Лисичанск'),(20,'1975-07-20','1984-01-01','АН-10/4388-13','Сергей','Михайлович','Коваленко',3,1,4,NULL,'г. Лисичанск'),(21,'1983-12-28','2003-01-20','НА-10/4369-13','Алексей','Александрович','Лисин',3,3,4,NULL,'г. Лисичанск'),(22,'1979-03-19','1997-06-12','АН-10/4418-13','Владимир','Александрович','Максимов',3,2,4,NULL,'г. Лисичанск'),(23,'1973-04-25','2003-01-01','НА-33/568','Олег','Викторович','Пашков',3,3,6,NULL,'г. Харьков'),(24,'1985-09-13','2004-06-30','АН-10/4414-13','Роман','Викторович','Полищук',3,1,4,NULL,'г. Лисичанск'),(25,'1968-01-01','1989-01-01','НА-33/884','Александр','Григорьевич','Саржевский',3,1,4,NULL,'г. Лисичанск'),(26,'1970-03-05','1991-01-01','АН-10/4393-13','Сергей','Иванович','Сидоренко',3,1,4,NULL,'г. Лисичанск'),(27,'1992-10-07','2000-01-01','НА-10/4564-13; НА-10/4565-13 ','Евгений','Александрович','Шестопалов',5,3,4,NULL,'г. Лисичанск'),(28,'1972-07-17','1995-01-01','НА-33/886','Геннадий','Иванович','Гущин',3,3,4,NULL,'г. Лисичанск'),(29,'1955-08-09','1973-12-26','АН-10/4336-13','Николай','Егорович','Дронов',2,1,4,NULL,'г. Лисичанск'),(30,'1981-01-11','1999-06-17','АН-10/4397-13','Владимир','Сергеевич','Заярный',2,3,4,NULL,'г. Лисичанск'),(31,'1984-07-04','2002-06-27','АН-10/4416-13','Александр','Иванович','Ивахненко',3,3,4,NULL,'г. Лисичанск'),(32,'1962-09-24','1981-07-19','АН-10/4394-13','Валентин','Викторович','Кобцев',3,3,4,NULL,'г. Лисичанск'),(33,'1965-10-28','1984-07-19','АН-10/4398-13','Александр','Иванович','Костыря',3,3,4,NULL,'г. Лисичанск'),(34,'1965-01-01','1985-01-01','7860 НА21','Владимир','Иванович','Макаренко',2,3,7,NULL,'г. Лзовая Харьковской обл.'),(35,'1964-05-31','1982-07-19','АН-10/4391-13','Игорь','Валентинович','Нещерет',3,3,4,NULL,'г. Лисичанск'),(36,'1980-09-12','2006-04-17','АН-10/4497-13','Сергей','Николаевич','Охрименко',3,3,4,NULL,'г. Лисичанск'),(37,'1954-07-23','1971-07-17','НА-10/4399-13','Павел','Андреевич','Рацюк',3,2,4,NULL,'г. Лисичанск'),(38,'1982-01-20','2006-04-17','НА-33/887','Дмитрий','Васильевич','Рыбалко',3,3,4,NULL,'г. Лисичанск'),(39,'1971-12-01','1990-06-26','АН-10/4402-13; АН-10/4401-13','Александр','Васильевич','Сергиенко',3,3,4,NULL,'г. Лисичанск'),(40,'1982-05-16','2000-06-30','АН-10/4410-13; АН-10/4409-13','Владимир','Юрьевич','Сивиркин',3,3,4,NULL,'г. Лисичанск'),(41,'1986-06-17','2004-06-30','АН-10/4392','Николай','Васильевич','Трошин',3,3,4,NULL,'г. Лисичанск'),(42,'1965-11-11','1983-07-18','АН-10/4390','Игорь','Владимирович','Фатеев',3,3,4,NULL,'г. Лисичанск'),(43,'1961-10-17','1981-01-01','НА-21/277','Николай','Иванович','Аносов',2,1,8,NULL,'г. Харьков'),(44,'1986-08-29','2006-01-01','НА-33/892','Геннадий ','Игоревич','Гребенкин',5,NULL,9,NULL,'тел. 050-573-30-04'),(45,'1984-10-06','2010-12-07','НА-33/891','Олег','Александрович','Гуров',1,NULL,9,NULL,'тел. 095-926-77-44'),(46,'1991-08-28','2010-06-25','НА-33/888','Артем','Олегович','Лукинов',3,NULL,10,NULL,'г. Днепропетровск'),(47,'1962-01-01','1982-01-01','НА-33/889','Борис ','Николаевич','Некрасов',3,NULL,10,NULL,'г. Черкассы'),(48,'1964-10-14','1984-01-01','НА-33/890','Юрий','Сергеевич','Платов',3,NULL,10,NULL,'г. Кривой Рог'),(49,'1975-08-24','1993-06-10','НА-33/893','Виталий','Сергеевич','Акулов',3,3,11,2,'г. Харьков'),(50,'1974-07-28','1994-01-01','НА-33/895','Виталий','Николаевич','Алтухов',3,1,NULL,1,'г. Харьков'),(51,'1969-03-14','1987-07-17','НА-33/670','Николай','Дмитриевич','Алифиренко',3,3,13,NULL,'тел. 097-537-75-58'),(52,'1966-03-09','1988-01-01','НА-33/671','Александр','Евгеньевич','Букатин',3,3,13,NULL,'тел. 050-955-82-44'),(53,'1965-06-03','1988-01-01','НА-33/669','Юрий','Иванович','Веприцкий',3,3,13,NULL,'тел. 097-324-80-65'),(54,'1990-10-24','2009-06-25','НА-33/896','Максим','Викторович','Гринчук',3,1,NULL,NULL,'г. Харьков'),(55,'1984-10-20','2003-06-30','НА-33/894','Владимир','Сергеевич','Зазулин',3,3,11,NULL,'г. Харьков'),(56,'1962-01-11','1980-01-01','НА-33/668','Сергей','Иванович','Кордонский',1,3,13,NULL,'тел. 066-451-18-58'),(57,'1972-07-07','2013-03-15','НА-33/656','Алексей','Михайлович','Литвин',3,3,13,NULL,'тел. 099-014-50-43'),(58,'1971-11-22','1991-01-01','НА-33/897','Александр','Николаевич','Науменко',3,1,NULL,NULL,'г. Харьков'),(59,'1967-06-09','1987-01-01','НА-33/62','Петр','Иванович','Пуковецкий',2,3,13,NULL,'Нововодолажский  р-н'),(60,'1983-10-21','2001-01-01','НА-33/654','Андрей ','Михайлович','Тарасенко',3,3,13,NULL,'тел. 067-258-05-41'),(61,'1963-06-27','1983-01-01','НА-33/641','Валерий','Иванович','Чаговец',3,1,14,NULL,'г. Харьков'),(62,'1964-01-01','1984-01-01','НА-33/898','Геннадий','Степанович','Щербаков',3,1,NULL,NULL,'г. Харьков'),(63,'1960-04-30','1993-01-01','НА-33/899','Леонид','Васильевич','Бадерный',2,3,13,NULL,'тел. 067-120-73-09'),(64,'1959-07-21','1976-07-20','НАП-33/657','Александр','Прокопьевич','Змий',3,3,13,NULL,'тел. 06-184-36-37'),(65,'1980-10-20','2000-07-03','НА-33/901','Андрей','Иванович','Копоть',3,3,13,NULL,'тел. 099-912-04-17'),(66,'1971-08-26','1989-06-30','НА-33/902','Константин','Алексеевич','Костоглодов',3,3,13,NULL,'тел. 050-936-20-52'),(67,'1973-03-09','1991-01-01','НА-33/903','Александр','Иванович','Линник',3,3,13,NULL,'тел. 096-684-95-63'),(68,'1966-04-17','1984-07-01','НА-33/904','Сергей','Иванович','Мироненко',3,3,13,NULL,'тел. 067-258-04-79'),(69,'1970-04-16','1991-01-01','НА-33/905','Александр','Николаевич','Носик',3,3,13,NULL,'тел. 6-16-91'),(70,'1996-04-06','2015-06-17','НА-33/906','Сергей','Павлович','Пархоменко',3,3,13,NULL,'тел.093-830-40-82'),(71,'1984-04-12','0204-11-25','НА-33/907','Сергей','Иванович','Федирко',3,3,13,NULL,'тел. 096-16-34-77'),(72,'1964-10-29','1991-01-01','НА-33/908','Василий','Викторович','Шеховцов',2,3,13,NULL,'тел. 778-76-07'),(73,'1992-06-25','2011-06-30','НА-33/909','Михаил','Михайлович','Янчур',3,3,13,NULL,'тел. 093-662-87-75'),(74,'1965-12-12','1986-01-01','НА-33/910','Олег','Григорьевич','Ярмак',3,3,13,NULL,'тел. 095-339-18-57'),(75,'1969-06-20','1987-01-01','НА-33/911','Андрей','Сергеевич','Бурмакин',3,3,13,NULL,'тел. 711-15-33'),(76,'1055-06-16','2007-11-09','НА-33/912','Георгий','Алексеевич','Звонарев',2,3,13,NULL,'г. Харьков'),(77,'1975-07-23','2008-05-21','НА-33/913','Владимир','Ильич','Иванов',3,3,13,NULL,'тел. 097-715-00-50'),(78,'1982-10-29','2012-03-13','НА-33/914','Евгений','Александрович','Ляпин',2,3,13,NULL,'тел. 066-472-24-67'),(79,'1963-09-15','1986-01-01','НА-33/922','Геннадий','Васильевич','Лысянский',2,3,13,NULL,'тел. 067-801-03-68'),(80,'1963-01-01','1983-01-01','НА-33/915','Владимир','Иванович','Манойло',2,3,13,NULL,'тел. 715-00-69'),(81,'1958-05-16','1995-01-01','НА-33/916','Виталий','Викторович','Маслов',2,3,13,NULL,'тел. 067-973-29-64'),(82,'1974-01-08','2003-01-01','НА-33/917','Павел','Николаевич','Расторгуев',3,3,13,NULL,'тел. 93-93-92'),(83,'1974-08-28','1993-01-01','НА-33/918','Александр','Владимирович','Свергун',3,3,13,NULL,'тел. 050-400-70-83'),(84,'1961-08-16','1981-01-01','НА-33/919','Сергей','Петрович','Соколов',3,3,13,NULL,'тел. 716-50-38'),(85,'1956-09-24','1978-01-01','НА-33/920','Дмитрий','Федорович','Субботин',3,3,13,NULL,'тел. 345-02-33'),(86,'1962-07-14','1981-01-01','НА-33/921','Сергей','Николаевич','Харитонов',3,3,13,NULL,'тел. 761-62-27'),(87,'1967-08-17','1984-01-01','НА-33/925','Александр ','Владимирович','Довжинский',3,1,15,NULL,'г. Харьков'),(88,'1980-07-18','2000-01-01','НА-33/924','Сергей','Петрович','Оберемок',1,1,9,NULL,'тел. 066-633-44-92'),(89,'1973-01-01','1993-01-01','НА-33/928','Игорь','Алексеевич','Таран',3,1,8,NULL,'г. Харьков'),(90,'1984-02-21','2002-11-06','НА-33/926','Илья','Михайлович','Тониевич',3,1,16,NULL,'тел. 066-389-39-71'),(91,'1985-12-18','2011-07-25','НА-33/923','Степан','Михайлович','Шевченко',1,1,9,NULL,'тел. 097-779-71-19'),(92,'1959-09-18','1985-01-01','НА-33/647','Анатолий','Васильевич','Агафоненко',2,3,17,NULL,'г. Первомайск'),(93,'2000-01-01','2009-01-01','НА-33/929','Василий','Григорьевич','Галабурда',2,1,11,NULL,'г. Харьков'),(94,'2000-01-01','2000-01-01','НА-33936','Егор','Иванович','Горбатович',3,3,17,NULL,'г. Первомайский'),(95,'1990-03-01','2010-01-01','НА-33/930','Дмитрий','Иванович','Горбунов',2,1,11,NULL,'г. Харьков'),(96,'1979-08-23','1997-04-04','НА-33/934','Евгений','Дмитриевич','Курсов',3,1,11,NULL,'г. Харьков'),(97,'1965-02-01','1995-01-01','НА-33/935','Дмитрий','Юрьевич','Папуш',2,3,17,NULL,''),(98,'1975-06-28','1995-01-01','НА-33/648','Сергей','Юрьевич','Перьков',3,1,17,NULL,'г. Первомайский'),(99,'1968-05-03','2008-05-21','НА-33/931','Олег','Леонидович','Святой',2,1,11,NULL,'г. Харьков'),(100,'1978-12-14','1997-05-17','НА-33/933','Виталий','Владимирович','Цупа',3,1,7,NULL,'г. Харьков'),(101,'1955-01-01','1973-03-27','НА-33/932','Валерий','Николаевич','Шабанов',2,1,11,NULL,'г. Харьков'),(102,'1969-01-01','1998-01-01','НА-33/001-16','Василий','Филиппович','Билынский',3,1,10,NULL,'г. Херсон'),(103,'1982-03-28','2004-03-12','НА-33/002-16','Юрий','Викторович','Головачев',3,1,11,NULL,'г. Харьков'),(104,'1964-05-25','1982-07-15','НА-33/003-16','Александр','Сергеевич','Героев',3,1,11,NULL,'г. Харьков'),(105,'1969-06-22','1984-01-01','НА-33/010-16','Валентин','Викторович','Гладченко',3,1,18,NULL,'г. Харьков'),(106,'1970-10-19','2002-11-06','НА-33/012-16','Александр','Валентинович','Гостев',2,3,11,NULL,'г. Харьков'),(107,'1969-09-26','1989-01-01','НА-33/013-16','Андрей','Александрович','Дроздов',3,1,NULL,NULL,'г. Харьков'),(108,'1982-12-20','2001-06-29','НА-33/006-16','Андрей','Андреевич','Кузьменко',3,1,18,NULL,'г. Харьков'),(109,'1961-02-19','1987-01-01','НА-33/007-16','Вячеслав','Николаевич','Матырин',4,1,18,NULL,'г. Харьков'),(110,'1971-11-22','1991-01-01','НА-33/014-16','Александр','Николаевич','Науменко',3,1,19,NULL,'г. Харьков'),(111,'1962-06-22','1980-01-01','НА-33/008-16','Петр','Сидорович','Павлюк',3,1,18,NULL,'г. Харьков'),(112,'1975-04-15','2006-01-01','НА-33/005-16','Андрей','Андреевич','Рой',2,1,18,NULL,'г. Харьков'),(113,'1982-02-02','2000-01-01','НА-33/01-161','Петр','Михайлович','Танчак',3,1,20,NULL,'г. Харьков'),(114,'1983-04-24','2001-06-30','НА-33/009-16','Вадим','Борисович','Шалотин',3,1,18,NULL,'г. Харьков'),(115,'1988-05-23','2007-01-01','НА-33/704','Андрей','Викторович','Воробей',3,1,21,NULL,'г. Харьков'),(116,'1966-02-20','1992-01-01','НА-33/015-16','Сергей','Михайлович','Коляда',3,1,22,NULL,'г. Харьков'),(117,'1957-12-07','1975-01-01','НА-33/017-16','Андрей','Иванович','Котвицкий',3,1,19,NULL,'г. Харьков'),(118,'1952-07-28','1972-01-01','НА-33/018-16','Роман','Алексеевич','Котик',3,1,19,NULL,'г. Харьков'),(119,'1978-06-11','2011-01-01','127 НА33','Дмитрий','Владимирович','Рубцов',2,3,7,NULL,'г. Харьков'),(120,'1964-05-08','1984-01-01','НА-33/016-16','Геннадий','Степанович','Щербаков',3,1,19,NULL,'г. Харьков'),(121,'1958-12-05','1986-01-01','НА-33/023-16','Виктор','Алексеевич','Зуб',2,1,23,NULL,'тел. 098-910-19-39'),(122,'1978-10-30','1998-01-01','НА-33/022-16','Роман ','Борисович','Одноволов',3,1,7,NULL,'г. Херсон'),(123,'1984-02-02','2014-03-12','540 НА21','Евгений','Григорьевич','Проценко',2,3,24,NULL,'г. Харьков'),(124,'1978-12-28','1998-06-18','НА-33/021-16','Николай','Николаевич','Супрун',3,1,7,NULL,'г. Харьков'),(125,'1970-02-21','1990-01-01','НА-33/025-16','Геннадий','Александрович','Гринев',2,1,13,NULL,'тел. 063-396-60-56'),(126,'1961-08-14','1981-01-01','НА-33/030-16','Михаил','Владимирович','Дерюго',2,NULL,13,NULL,'тел. 098-813-43-31'),(127,'1949-07-14','1989-01-01','НА-33/027-16','Петр','Александрович','Дубина',3,1,13,NULL,'тел. 775-35-46'),(128,'1959-09-30','1984-01-01','НА-33/028-16','Сергей','Александрович','Косый',1,1,13,NULL,'тел. 050-343-67-87'),(129,'1961-08-19','2000-01-01','НА-33/024-16','Юрий','Степанович','Кухтенко',3,3,13,NULL,'тел. 066-105-83-52'),(130,'1968-03-09','1988-01-01','НА-33/032-16','Вадим','Николаевич','Маковецкий',2,3,13,NULL,'г. Харьков'),(131,'1977-12-03','1996-01-01','НА-33/031-16','Владимир','Иванович','Носик',3,3,13,NULL,'тел. 066-712-66-61'),(132,'1966-07-31','2000-01-01','НА-33/029-16','Сергей','Иванович','Семенов',3,3,13,NULL,'тел. 92-78-00'),(133,'1946-10-25','1966-01-01','НА-33/026-16','Михаил ','Денисович','Смоляков',3,2,13,NULL,'тел. 777-26-23'),(134,'1972-03-22','1990-06-25','НА-33/731','Александр','Николаевич','Ханин',3,3,13,NULL,'тел. 095-554-00-50'),(135,'1967-10-30','1988-01-01','НА-33/033-16','Александр','Владимирович','Баталичев',2,3,13,NULL,'тел. 711-61-98==89'),(136,'1976-12-31','1995-02-24','НА-33/036-16','Виталий','Александрович','Воробьев',2,3,13,NULL,'тел. 095-576-76-99'),(137,'1966-06-28','1984-01-01','НА-33/037','Павел','Петрович','Губарев',2,1,13,NULL,'тел. 741-50-98'),(138,'1949-09-10','1969-01-01','НА-33/488','Василий','Николаевич','Масалитин',2,3,13,NULL,'тел. 69-13-41'),(139,'1955-01-11','1982-01-01','НА-33/034-16','Владимир','Яковлевич','Слуцкий',2,3,13,NULL,'г. Харьков'),(140,'1964-05-09','2015-11-23','','Александр','Иванович','Чепелев',2,3,25,NULL,'г. Харьков'),(141,'1967-04-27','1991-01-01','1173/НА-11','Сергей','Владимирович','Черник',2,1,26,NULL,'г. Харьков'),(142,'1976-12-08','2007-06-05','219/НА21','Сергей','Викторович','Чумак',3,3,13,NULL,'г. Харьков'),(143,'1989-06-24','2008-07-14','НА-33/035-16','Александр','Анатольевич','Штых',2,3,13,NULL,'тел. 096-626-45-89'),(144,'1962-04-07','1982-01-01','НА-33/042-16','Шираслан','Музаффароглы','Газиев',2,3,NULL,NULL,'г. Харьков'),(145,'1955-12-30','1996-01-01','НА-33/040-16','Сергей','Иванович','Кашкалда',2,1,27,NULL,'г. Харьков'),(146,'1962-02-14','2012-01-01','НА-33/039-16','Геннадий','Константинович','Сапрыкин',2,3,27,NULL,'г. Харьков'),(147,'1957-05-23','1975-07-14','НА-33/744','Валерий','Степанович','Штапир',3,1,15,NULL,'г.Харьков'),(148,'1963-11-22','1983-01-01','НА-33/045-16','Леонид','Игоревич','Барабаш',2,1,30,NULL,'г. Харьков'),(149,'1968-05-14','1991-07-29','НА-33/047-16','Игорь','Александрович','Гамалей',3,3,30,NULL,'тел.  095-656-00-06'),(150,'1952-12-24','1972-01-01','НА-33/046-16','Николай','Петрович','Гладух',2,2,30,NULL,'тел. 741-12-39'),(151,'1967-08-06','1985-01-01','НА-33/055-16','Игорь','Владимирович','Гордиенко',3,1,31,NULL,'г. Харьков'),(152,'1974-03-21','1994-01-01','НА-33/050-16','Михаил ','Васильевич','Демирака ',3,3,29,NULL,'г. Николаев'),(153,'1976-04-27','1996-01-01','НА-33/048-16','Евгений','Евгеньевич','Жбанков',2,3,30,NULL,'г. Харьков'),(154,'1964-04-30','1982-01-01','НА-33/053-16','Юрий','Дмитриевич','Кущ',3,1,31,NULL,'г. Харьков'),(155,'1978-08-30','1998-01-01','НА-33/049','Алексей','Иванович','Мацук',3,1,29,NULL,'г. Николаев'),(156,'1961-09-22','1979-01-01','НА-33/054-16','Анатолий','Васильевич','Самаренко',3,1,31,NULL,'г. Харьков'),(157,'1965-10-27','1985-01-01','НА-33/722','Виктор','Николаевич','Тарасюк',2,3,32,NULL,'г. Харьков'),(158,'1982-07-20','2000-06-27','НА-33/061-16','Александр','Сергеевич','Булгака',3,3,35,NULL,'пгт Краснопавловка Харьковской обл.'),(159,'1982-04-24','2000-06-30','НА-33/056-16','Сергей','Анатольевич','Лиманский',3,1,31,NULL,'г. Харьков'),(160,'1982-02-02','2000-06-20','НА-33/057-16','Евгений','Анатольевич','Михалев',3,1,31,NULL,'г. Харьков'),(161,'1986-03-18','2004-06-25','НА-33/746','Алексей','Витальевич','Рыжанков',3,1,NULL,NULL,'г. Харьков'),(162,'1991-01-25','2000-01-01','НА-33/063-16','Алексей','Юрьевич','Сидоренко',4,1,NULL,NULL,'г. Дергачи Харьковской обл.'),(163,'1976-01-01','1996-12-02','НА-33/062-16','Владимир','Николаевич','Сыщенко',3,3,35,NULL,'пгт Краснопавловка Харьковской обл.'),(164,'1971-08-25','1989-06-29','НА-33/060-16','Василий','Васильевич','Тютюник',3,3,24,NULL,'г. Харьков'),(165,'1985-06-18','2003-06-30','НА-33/745','Роман','Николаевич','Хорошилов',3,1,33,NULL,'г. Харьков'),(166,'1961-12-26','2000-01-01','НА-33/065-16','Александр','Михайлович','Бушило',3,1,36,NULL,'пгт Новоивановка'),(167,'1984-04-04','1984-01-01','НА-33/067-16','Александр','Борисович','Гордиенко',3,1,31,NULL,'г. Харьков'),(168,'1973-07-05','1991-06-17','НА-33/064-16','Виктор','Иванович','Коляка',3,1,36,NULL,'пгт Новоивановка'),(169,'1965-10-13','1994-01-01','НА-33/069-16','Константин','Анатольевич','Кудь',2,3,38,NULL,'г. Харьков'),(170,'1986-01-24','2004-06-25','НА-33/068-16','Владимир','Николаевич','Мариниченко',3,1,31,NULL,'г. Харьков'),(171,'1980-06-14','2006-08-11','НА-33/066-16','Юрий','Сергеевич','Мельник',2,1,36,NULL,'пгт Новоивановка'),(172,'1966-03-08','1995-01-01','РО4/1335','Виктор','Николаевич','Герасимов',3,1,39,NULL,'тел. 098-503-60-15'),(173,'1957-06-25','1986-01-01','РО4/1337','Александр ','Кириллович','Домашенко',4,1,39,NULL,'тел. 067-698-89-06'),(174,'1969-08-13','1988-07-25','НА-33/070','Александр','Александрович','Емельянов',3,1,40,NULL,'тел. 097-272-61-40'),(175,'1967-07-28','1996-01-01','НА-33/071','Владимир','Николаевич','Калиниченко',2,1,39,NULL,'тел. 097-286-87-95'),(176,'1969-08-03','1986-01-01','НА-33/072','Александр','Владимирович','Марченко',3,1,39,NULL,'тел. 068-422-27-62'),(177,'1966-11-11','1997-01-01','РО4/1336','Виктор','Иванович','Пелех',3,1,39,NULL,'тел. 098-359-03-05'),(178,'1961-05-14','1984-01-01','НА-33/073-16','Николай','Васильевич','Хомин',3,1,39,NULL,'тел. 0564-477-12-92'),(179,'1977-07-15','1997-01-01','НА-33/075','Николай','Иванович','Янчецкий',2,3,13,NULL,'тел. 068-292-74-99'),(180,'1979-11-10','1998-01-01','НА-33/074','Евгений','Анатольевич','Ткаченко',3,3,41,NULL,'г. Харьков'),(181,'1962-01-01','1982-01-01','НА-33/078-16','Иван','Александрович','Бобошко',3,1,42,NULL,'пгт Червоный Донец'),(182,'1963-01-01','1983-01-01','НА-33/080-16','Анатолий','Викторович','Костенко',3,1,39,NULL,'г. Кривой Рог'),(183,'1976-09-24','2002-06-30','НА-33/076-16','Алексей','Михайлович','Могильник',3,3,43,NULL,'г. Харьков'),(184,'1973-06-16','1993-01-01','НА-33/077-16','Евгений','Иванович','Федоров',3,3,44,NULL,'пос. Солоницевка'),(185,'1983-01-01','2003-01-01','НА-33/079-16','Сергей','Сергеевич','Щелканов',3,1,42,NULL,'пгт Червоный Донец'),(186,'1976-01-01','2008-07-17','НА-33/081-16','Сергей','Владимирович','Фурман',2,3,7,NULL,'г. Харьков'),(187,'1965-09-03','1985-01-01','НА-33/083-16','Николай','Михайлович','Котов',3,1,19,NULL,'Харьковская обл., пгт Комсомольский'),(188,'1955-06-13','1983-09-23','НА-33/766','Сергей','Алексеевич','Полторацких',2,1,45,NULL,'г. Харьков'),(189,'1962-07-14','1980-01-01','НА-33/083-16','Валентин','Михайлович','Рыжий',2,1,19,NULL,'Харьковская обл., с. Кочубеевка'),(190,'1969-09-26','1989-01-01','НА-33/088-16','Андрей','Александрович','Дроздов',3,1,31,NULL,'г. Харьков'),(191,'1991-02-20','2010-01-22','НА-33/092-16','Вадим','Анатольевич','Койшаш',3,1,31,NULL,'г. Харьков'),(192,'1976-01-01','1996-01-01','НА-33/089-16','Юрий','Александрович','Корчинский',3,1,31,NULL,'г. Харьков'),(193,'1986-10-12','2010-06-30','НА-33/090-16','Алексей','Сергеевич','Лещенко',3,1,31,NULL,'г. Харьков'),(194,'1973-03-28','1993-01-01','НА-33/086-16','Роман','Станиславович','Сахнюк',3,1,31,NULL,'г. Харьков'),(195,'1962-01-01','1982-01-01','НА-33/094-16','Александр','Николаевич','Трофименко',3,1,31,NULL,'г. Харьков'),(196,'1977-01-01','1997-01-01','НА-33/094-16','Владимир','Иванович','Чепурко',3,1,31,NULL,'г. Харьков'),(197,'1964-01-01','1984-01-01','НА-33/093-16','Геннадий','Степанович','Щербаков',3,1,31,NULL,'г. Харьков'),(198,'1982-07-29','2000-06-20','НА-33/084','Олег','Леонидович','Волошин',3,1,31,NULL,'г. Харьков'),(199,'1959-04-15','1977-07-22','НА-33/085-16','Владимир','Юрьевич','Кушманов',3,1,31,NULL,'г. Харьков'),(200,'1965-01-01','1985-01-01','НА-33/087-16','Виктор','Петрович','Захаров',3,1,31,NULL,'г. Хврьков'),(201,'1959-02-23','2007-12-28','НА-33/095-16','Владимир','Викторович','Опанасенко',1,1,3,NULL,'г. Харьков'),(202,'1955-07-22','2007-01-01','НА-33/770','Владимир','Иванович','Сосонный',3,1,3,NULL,'г. Харьков'),(203,'1977-07-09','1997-06-14','НА-33/096-16','Александр','Иванович','Алексейчик',3,1,43,NULL,'г. Харьков'),(204,'1972-08-15','1990-01-01','НА-33/097-16','Сергей','Дмитриевич','Мартынов',3,3,38,NULL,'г. Харьков'),(205,'1961-02-19','1981-01-01','НА-33/098-16','Вячеслав','Николаевич','Мвтырин',4,3,7,NULL,'г. Харьков'),(206,'1979-01-01','1996-01-01','НА-33/100-16','Павел','Павлович','Порохницкий',3,1,46,NULL,'г. Кременчуг'),(207,'1967-10-25','1987-01-01','НА-33/099-16','Николай','Григорьевич','Пшиченко',3,1,46,NULL,'г. Кременчуг'),(208,'1964-08-22','1982-01-01','РО4/1348','Анатолий','Васильевич','Карий',3,3,47,NULL,'тел. 099-960-21-80'),(209,'1970-03-24','1999-06-30','НА-33/101-16','Сергей','Николаевич','Лисовский',1,3,39,NULL,'тел. 067-162-99-18'),(210,'1971-05-11','1988-01-01','РО4/1351','Александр','Викторович','Пащенко',2,2,47,NULL,'тел. 066-757-57-51'),(211,'1969-01-11','1986-01-01','РО4/1350','Сергей','Леонидович','Писаренко',3,1,47,NULL,'тел. 099-149-74-32'),(212,'1972-08-23','2001-12-01','НА-33/793','Олег','Анатольевич','Вакуленко',4,1,43,NULL,'тел. 050-139-87-04'),(213,'1970-03-01','1990-01-01','НА-33/795','Евгений','Александрович','Горобец',3,1,43,NULL,'тел. 095-184-59-73'),(214,'1971-01-15','1989-06-28','НА-33/796','Евгений','Николаевич','Леун',3,1,43,NULL,'тел. 066-932-37-30'),(215,'1967-01-29','1990-08-29','НА-33/794','Николай','Николаевич','Ресиченко',3,1,43,NULL,'тел. 096-050-44-88'),(216,'1968-10-23','1986-07-20','НА-33/797','Сергей','Васильевич','Шендрик',3,1,43,NULL,'тел. 099-928-97-54'),(217,'1995-03-21','1996-01-01','НА-33/104-16','Евгений','Геннадиевич','Бондаренко',3,3,13,NULL,'тел. 063-598-09-03'),(218,'1992-07-27','2014-04-19','НА-33/105-16','Александр ','Геннадиевич','Будовский',1,3,13,NULL,'тел. 066-917-18-54'),(219,'1976-05-06','1993-01-01','НА21/123','Алексей','Павлович','Гончаров',2,3,13,NULL,'тел. 099-977-96-21'),(220,'1991-01-02','2010-02-10','НА-33/106-16','Эдуард','Владимирович','Мирошник',3,3,13,NULL,'тел. 066-288-13-01'),(221,'1970-04-18','1988-06-24','НА-33/107-16','Виталий','Викторович','Носов',3,3,13,NULL,'тел. 066-125-42-46'),(222,'1958-07-13','1984-01-01','НА-33/776','Иван','Петрович','Панасенко',2,3,13,NULL,'тел. 096-571-84-84'),(223,'1979-04-11','2002-01-01','НА-33/777','Александр','Петрович','Родионов',2,3,13,NULL,'тел. 097-378-74-40'),(224,'1984-11-03','2001-06-20','НА-33/108-16','Павел','Владимирович','Тимохин',3,3,13,NULL,'тел. 098-908-77-30'),(225,'1976-02-11','1994-05-27','НА-33/779','Олег','Викторович','Цыганенко',3,3,13,NULL,'тел. 721-20-13'),(226,'1969-11-13','2001-01-01','1121/РО-17','Василий','Викторович','Бардецкий',3,1,16,NULL,'г. Запорожье'),(227,'1978-02-15','2006-01-01','НА-33/774','Петр','Викторович','Бугаев',5,3,13,NULL,'тел. 099-283-48-33'),(228,'1983-06-21','2000-01-01','НА-33/103','Евгений','Александрович','Галиченко',3,3,48,NULL,'тел.066-003-27-00'),(229,'1966-09-18','2010-01-01','НА-33/109-16','Леонид','Николаевич','Колесник',2,3,13,NULL,'Харьковская обл., п. Кочеток'),(230,'1995-03-04','2004-01-01','НА-33/110-16','Андрей','Николаевич','Кулибаба',1,3,13,NULL,'тел. 067-572-04-88'),(231,'1949-01-03','1989-01-01','НА-33/111-16','Василий','Иванович','Леонов',2,3,13,NULL,'г. Харьков'),(232,'1966-07-21','2006-01-01','НА-33/733','Анатолий','Григорьевич','Медаковский',3,3,13,NULL,'г. Чугуев, тел. 4-18-32'),(233,'1967-02-16','1985-07-20','НА-33_/112-16','Игорь','Владимирович','Пономаренко',3,3,13,NULL,'г. Харьков'),(234,'1978-03-04','1998-01-01','НА-33/113-16','Василий','Александрович','Стадник',2,3,13,NULL,'тел. 068-534-48-91'),(235,'1964-08-24','1998-01-01','НА-33/114-16','Иван','Николаевич','Сыромолот',3,3,13,NULL,'г. Харьков'),(236,'1084-06-27','2003-01-01','НА-33/709','Дмитрий','Викторович','Чернышов',1,3,48,NULL,'тел. 06-604-33-84'),(237,'1968-11-19','1983-01-01','НА-33/116-16','Владимир ','Георгиевич','Бычков',3,1,20,NULL,'г. Харьков'),(238,'1983-09-24','2005-01-01','НА-33/117-16','Сергей','Александрович','Васюренко',3,1,20,NULL,'г. Харьков'),(239,'1966-12-27','1985-07-17','НА-33/118-16','Владимир','Петрович','Винник',3,1,20,NULL,'г. Харьков'),(240,'1967-07-04','2000-01-01','НА-33/119-16','Андрей','Анатольевич','Воробьев',3,1,20,NULL,'г. Харьков'),(241,'1966-12-19','1984-01-01','НА-33/120-16','Андрей','Александрович','Котелевец',3,1,20,NULL,'г. Харьков'),(242,'1970-01-08','2001-01-01','НА-33/121-16','Олег','Анатольевич','Лучко',3,1,20,NULL,'г. Харьков'),(243,'1990-12-10','2015-01-01','НА-33/122-16','Игорь','Иванович','Натевский',3,1,20,NULL,'г. Харьков'),(244,'1974-07-16','1992-01-01','НА-33/123-16','Виктор','Алексеевич','Петренко',3,1,20,NULL,'г. Харьков'),(245,'1964-06-13','2008-01-01','НА-33/124-16','Эдуард','Евгеньевич','Розенберг',1,1,20,NULL,'г. Харьков'),(246,'1988-03-12','2006-01-01','НА-33/125-16','Андрей','Владимирович','Стрельник',3,1,20,NULL,'г. Харьков'),(247,'1961-11-26','2002-01-01','НА-33/126-16','Александр','Юрьевич','Луненок',3,1,20,NULL,'г. Харьков'),(248,'1987-06-18','2009-06-30','НА-33/127-16','Олег','Михайлович','Комаров',1,1,7,NULL,'г. Харьков'),(249,'1984-04-30','2004-06-30','НА-33/128-16','Владимир','Викторович','Безусый',3,1,49,NULL,'тел. 098-815-29-73'),(250,'1961-12-26','1981-01-01','НА-33/115-16','Владимир','Иванович','Ефимов',2,3,50,NULL,'г. Харьков'),(251,'1973-10-08','1993-01-01','НА-33/002-17','Андрей','Анатольевич','Буков',3,1,29,NULL,'г. Николаев'),(252,'1982-10-23','2003-01-01','НА-33/003-17','Дмитрий','Сергеевич','Забродин',3,3,17,NULL,'г. Лозовая'),(253,'1980-11-22','1999-06-25','НА-33/004-17','Андрей','Михайлович','Казачек',3,3,17,NULL,'г. Лозовая'),(254,'2003-01-01','2005-07-07','НА-33/005-17','Павел','Сергеевич','Кальченко',3,3,17,NULL,'г. Лозовая'),(255,'1979-08-23','2008-01-01','НА-33/006-17','Иван','Владимирович','Капелька',3,3,17,NULL,'г. Лозовая'),(256,'1967-06-12','1996-01-01','НА-33/007-17','Петр','Петрович','Корниенко',3,3,17,NULL,'г. Лозовая'),(257,'1977-01-06','1995-05-30','НА-33/008-17','Сергей','Анатольевич','Мороз',3,3,17,NULL,'г. Лозовая'),(258,'1983-09-22','2002-06-28','НА-33/009-17','Виталий','Александрович','Неровный',3,3,17,NULL,'г. Лозовая'),(259,'1960-01-09','1978-07-12','НА-33/010-17','Анатолий','Алексеевич','Терновой',3,3,17,NULL,'г. Лозовая'),(260,'1961-12-09','1983-01-01','НА_33/011-17','Андрей','Платонович','Туцкий',2,3,17,NULL,'г. Лозовая'),(261,'1978-01-17','2000-01-01','НА-33/013-17','Константин','Евгеньевич','Шумилин',3,3,17,NULL,'г. Лозовая'),(262,'1960-08-01','1981-01-01','НА-33/014-17','Виктор','Владимирович','Щеголь',2,3,17,NULL,'г. Лозовая'),(263,'1961-04-23','1981-01-01','НА-33/015-17','Сергей','Алексеевич','Ярыш',3,3,17,NULL,'г. Лозовая'),(264,'1985-12-10','2004-06-28','НА-33/016-17','Станислав','Юрьевич','Сахно',3,1,52,NULL,'г. Харьков'),(265,'1976-10-22','1995-06-30','НА-33/018-17','Юрий','Владимирович','Кривобород',3,3,55,NULL,'тел. 098-793-99-06'),(266,'1979-07-21','1996-01-01','НА-33/019-17','Павел','Павлович','Порохницкий',3,1,7,NULL,'г. Николаев, тел. 099-458-33-13'),(267,'1963-09-05','1998-01-01','НА-33/809','Сергей','Владимирович','Семеринский',1,1,54,NULL,'тел. 067-255-63-32'),(268,'1969-03-28','1987-07-20','2980','Андрей','Николаевич','Томах',3,1,49,NULL,'г. Харьков'),(269,'1969-02-20','1987-07-20','НА-33/017-17','Виктор','Валерьевич','Федорченко',3,1,NULL,NULL,'г. Харьков'),(270,'1989-02-06','2007-07-02','НА-33/020-17','Андрей','Владимирович','Александров',3,3,54,NULL,'г. Чугуев, Харьковская обл.'),(271,'1990-05-17','2014-11-30','НА-33/021-17','Сергей','Александрович','Вьюник',1,3,7,NULL,'г. Харьков'),(272,'1963-07-20','1988-03-24','1234/НА-11','Сергей','Иванович','Краснявский',2,1,17,NULL,'г. Харьков'),(273,'1983-08-17','2001-06-20','НА-33/023-17','Евгений','Сергеевич','Овчаренко',3,3,56,NULL,'г. Харьеков'),(274,'1965-01-01','1985-01-01','НА-33/022-17','Вячеслав','Анатольевич','Разбегин',2,1,57,NULL,'г. Харьков'),(275,'1968-11-19','1986-07-17','НА-33/812','Владимир','Георгиевич','Бычков ',3,1,20,NULL,'г. Харьков'),(276,'1952-09-08','1971-01-01','НА-33/025-17','Иван','Александрович','Самофал',2,1,8,NULL,'г. Харьков'),(277,'1988-03-12','2007-01-30','НА-33/813','Андрей','Владимирович','Стрельник',3,1,20,NULL,'г. Харьков'),(278,'1971-11-23','1991-01-01','НА-33/026-17','Владимир','Дмитриевич','Шумницкий',2,1,8,NULL,'г. Харьков'),(279,'1976-04-30','1994-05-31','НА-33/024-17','Алексей','Васильевич','Пащенко',3,1,43,NULL,'тел. 099-077-03-87'),(280,'1963-12-18','1982-07-17','НА-33/029-17','Андрей','Николаевич','Богомаз',3,3,7,NULL,'тел. 096-059-31-37'),(281,'1962-03-31','1992-01-01','НА-33/027-17','Леонид','Андреевич','Поддубко',2,3,55,NULL,'г. Харьков'),(282,'1967-03-04','2008-01-01','НА-33/028-17','Андрей','Николаевич','Самойленко',2,3,55,NULL,'г. Харьков'),(283,'1994-01-02','2009-06-30','НА-33/834','Виктор','Евгеньевич','Альянов',3,3,13,NULL,'г. Харьков'),(284,'1983-08-17','2004-01-01','КВ-1/2758','Николай','Александрович','Геращенко',3,1,58,NULL,'с. Соколова Балка, Новосанжарский р-н, Полтавская обл.'),(285,'1986-01-29','2005-01-01','КВ-1/2760','Александр ','Васильевич','Деряга',1,1,58,NULL,'с Соколова Балка, Новосанжарский р-н, Полтавская обл.'),(286,'1974-10-10','1995-01-01','КВ-1/2764','Сергей','Николаевич','Рябуха',2,1,58,NULL,'с. Руденковка, Новосанжарский р-н, Полтавская обл.'),(287,'1987-07-20','2000-01-01','НА-33/834','Сергей','Григорьевич','Феленко',3,1,43,NULL,'тел. 066-713-68-98'),(288,'1970-07-26','2006-01-01','КВ-1/2765','СергеЙ','Николаевич','Штанько',3,1,58,NULL,'с. Розсошинцы, Полтавская обл., ул. Лермонтова, 24'),(289,'1983-04-23','2000-01-01','НА-33/030-17','Роман','Евгеньевич','Бондаренко',3,3,13,NULL,'тел. 097-982-42-49'),(290,'1966-01-15','1986-01-01','НА-33/842','Виктор','Александрович','Дидур',3,3,13,NULL,'ТЕЛ. 097-713-95-16'),(291,'1969-04-23','1989-01-01','НА-33/838','Валерий','Иванович','Довженко',2,3,13,NULL,'г. Харьков, ул. 2 Пятилетки, дом 1В, кв. 158'),(292,'1960-04-28','1980-01-01','НА-33/031-17','Александр','Иванович','Коваль',2,3,13,NULL,'тел. 067-304-48-64'),(293,'1961-10-12','1989-01-01','НА-33/032-17','Александр','Иванович','Ковальчук',2,3,13,NULL,'тел. 063-887-17-39'),(294,'1977-12-21','2009-01-01','НА-33/033-17','Игорь','Викторович','Костин',2,3,13,NULL,'тел. 099-530-86-56'),(295,'1987-11-19','2009-01-01','НА-33/034-17','Александр','Владмирович','Кулик',2,3,13,NULL,'г. Харьков'),(296,'1974-04-15','2000-01-01','НА-33/035-17','Игорь','Леонидович','Легостаев',2,3,13,NULL,'ул. Киквидзе, 27'),(297,'1963-04-11','1983-01-01','НА-33/852','Сергей','Николаевич','Литвин',3,3,13,NULL,'тел. 067-763-75-24'),(298,'1955-03-03','2000-01-01','НА-33/036-17','Григорий','Васильевич','Неласый',3,3,13,NULL,'ул. Рыбалко, 38, кв.43'),(299,'1977-03-07','1997-01-01','НА-33/037-17','Алексей','Валерьевич','Пономарев',1,3,13,NULL,'тел. 095-139-60-85'),(300,'1949-06-28','1969-01-01','НА-33/038-17','Иван','Алексеевич','Пушкарь',2,3,13,NULL,'г. Харьков'),(301,'1956-12-12','1976-01-01','НА-33/039-17','Владимир','Иавнович','Старченко',2,3,13,NULL,'ул. Володарского, 43, кв. 5А'),(302,'1966-02-03','1984-01-01','НА-33/837','Александр','Владимирович','Столяренко',3,3,13,NULL,'г. Люботин'),(303,'1973-09-22','1993-01-01','НА-33/040-17','Владимир','Егорович','Титков',3,3,13,NULL,'тел. 096-115-79-26'),(304,'1963-09-29','1981-01-01','НА-33/840','Сергей','Васильевич','Хмель',3,3,13,NULL,'тел. 098-960-65-63'),(305,'1970-09-08','1988-01-01','1087','Юрий','Николаевич','Шомин',3,3,13,NULL,'тел. 099-337-79-68'),(306,'1985-01-01','2003-06-30','5270','Андрей','Александрович','Сипко',3,3,7,NULL,'г. Харьков'),(307,'1962-03-01','1982-01-01','НА-33/041-17','Евгений','Ефремович','Бадин',3,3,13,NULL,'тел. 096-503-84-28'),(308,'1961-11-29','1981-01-01','НА-33/042-17','Виталий','Николаевич','Беляев',2,3,13,NULL,'тел. 097-447-80-29'),(309,'1994-04-10','2012-01-01','НА-33/747','Олег','Витальевич','Беляев',3,3,13,NULL,'тел. 095-719-65-60'),(310,'1981-01-26','1999-06-09','НА-33/043-17','Сергей','Александрович','Галайба',3,3,13,NULL,'тел. 099-045-79-35'),(311,'1960-02-24','1978-01-01','НА-33/044-17','Иван','Васильевич','Гавриш',3,3,13,NULL,'тел. 097-826-78-01'),(312,'1944-10-05','1964-01-01','НА-33/045-17','Николай','Иванович','Гук',2,3,13,NULL,'тел. 69-94-75'),(313,'1962-07-16','1984-01-01','НА-33/046-17','Александр','Иванович','Демьяненко',4,3,13,NULL,'тел. 69-91-03'),(314,'1965-05-12','1999-01-01','НА-33/047-17','Николай','Валентинович','Заморин',3,3,13,NULL,'тел. 067-751-33-41'),(315,'1972-10-19','2002-01-01','НА-33/048-17','Сергей','Александрович','Зиновьев',2,3,13,NULL,'тел.098-332-73-23'),(316,'1962-01-15','2002-01-01','НА-33/049-17','Виталий','Владимирович','Малышко',2,3,13,NULL,'тел. 050-854-87-25'),(317,'1979-07-08','2099-01-01','НА-33/050-17','Александр','Витальевич','Насиленко',4,3,13,NULL,'тел. 098-236-76-21'),(318,'1959-04-06','2075-01-01','НА-33/051-17','Василий','Иванович','Сидоренко',4,3,13,NULL,'тел. 063-375-58-75'),(319,'1982-09-12','2001-06-29','НА-33/052-17','Сергей','Викторович','Сорокин',3,3,13,NULL,'тел. 098-866-38-14'),(320,'1978-02-04','1996-01-01','НА-33/053-17','Максим','Александрович','Спрягайло',3,3,13,NULL,'ул. Пушкаревская,28'),(321,'1959-04-06','1984-01-01','НА-33/054-17','Леонид','Маркович','Стояновский',2,3,13,NULL,'тел.69-91-03'),(322,'1960-05-27','1978-07-15','НА-33/055-17','Сергей','Владимирович','Фомченков',3,3,13,NULL,'тел. 94-27-89'),(323,'1958-03-22','1980-01-01','НА-33/851','Сергей','Иванович','Якунин',2,3,13,NULL,'тел. 94-27-89'),(324,'1954-04-01','1974-01-01','НА-33/548','Алексей','Иванович','Гончаров',2,3,7,NULL,'г. Харьков'),(325,'1959-05-07','1979-01-01','НА-33/056-17','Виктор','Викторович','Гладков',2,3,13,NULL,'г. Харьков'),(326,'1959-05-08','1985-01-01','НА-33/057-17','Николай','Павлович','Губский',4,3,13,NULL,'тел. 096-628-09-40'),(327,'1958-10-26','1978-01-01','НА-33/058-17','Леонид','Михайлович','Дригайло',2,3,13,NULL,'пр. Героев Сталинграда, 21 Б, кв.610'),(328,'1955-03-25','1975-01-01','НА-33/843','Сергей','Иванович','Дробан',4,3,13,NULL,'тел. 93-87-73'),(329,'1985-06-17','2004-01-01','НА-33/059-17','Андрей','Александрович','Дяченко',3,3,13,NULL,'тел. 097-235-79-97'),(330,'1962-06-01','1980-01-01','НА-33/060-17','Алексей','Михайлович','Конарев',3,3,13,NULL,'тел. 099-480-32-62'),(331,'1970-01-01','2010-01-01','1614/НА-21','Юрий','Николаевич','Ковтун',4,3,13,NULL,'тел. 097-138-12-01'),(332,'1975-08-22','2006-01-01','НА-33/061-17','Андрей','Анатольевич','Летов',3,3,13,NULL,'тел. 063-247-13-63'),(333,'1990-06-21','2008-01-01','НА-33/841','Валерий','Сергеевич','Рухлов',3,3,13,NULL,'г. Харьков'),(334,'1965-02-27','1983-01-01','НА-33/062-17','Франц','Николаевич','Скрипковский',3,3,13,NULL,'тел. 099-31-55-466'),(335,'1974-07-14','2010-01-01','1088/НА-11','Олег','Александрович','Филипов',2,3,13,NULL,'тел. 066-637-15-61'),(336,'1954-03-01','1985-01-01','НА-33/063-17','Алексей','Филиппович','Халимон',3,3,13,NULL,'тел. 713-80-63'),(337,'1966-02-03','1996-01-01','НА-33/847','Геннадий','Васильевич','Халин',4,3,13,NULL,'тел. 098-939-80-44'),(338,'1963-05-03','2005-01-01','НА-33/064-17','Валентин','Михайлович','Цыганков',3,3,13,NULL,'тел. 096-35352-38'),(339,'1997-07-06','2016-01-29','16/16','Александр','Андреевич','Чайка',3,3,13,NULL,'тел. 063-674-91-64'),(340,'1954-06-12','1974-01-01','НА-33/065-17','Александр','Петрович','Шкварский',3,3,13,NULL,'тел. 099-132-06-00');
/*!40000 ALTER TABLE `welder` ENABLE KEYS */;
UNLOCK TABLES;

--
-- Table structure for table `welder_weld_method`
--

DROP TABLE IF EXISTS `welder_weld_method`;
/*!40101 SET @saved_cs_client     = @@character_set_client */;
/*!40101 SET character_set_client = utf8 */;
CREATE TABLE `welder_weld_method` (
  `id_welder` bigint(20) NOT NULL,
  `id_weld_method` bigint(20) NOT NULL,
  KEY `FKBD2C802E5F1D58C6` (`id_welder`),
  KEY `FKBD2C802EB2D5D5D9` (`id_weld_method`),
  CONSTRAINT `FKBD2C802E5F1D58C6` FOREIGN KEY (`id_welder`) REFERENCES `welder` (`id_welder`) ON DELETE CASCADE ON UPDATE CASCADE,
  CONSTRAINT `FKBD2C802EB2D5D5D9` FOREIGN KEY (`id_weld_method`) REFERENCES `weld_method` (`id_weld_method`) ON DELETE CASCADE ON UPDATE CASCADE
) ENGINE=InnoDB DEFAULT CHARSET=utf8;
/*!40101 SET character_set_client = @saved_cs_client */;

--
-- Dumping data for table `welder_weld_method`
--

LOCK TABLES `welder_weld_method` WRITE;
/*!40000 ALTER TABLE `welder_weld_method` DISABLE KEYS */;
INSERT INTO `welder_weld_method` VALUES (8,1),(8,3),(9,1),(9,3),(11,1),(11,3),(10,1),(10,3),(13,1),(12,1),(15,1),(14,2),(14,3),(17,1),(17,2),(18,2),(16,1),(19,1),(20,1),(21,1),(21,2),(22,2),(23,1),(23,2),(24,1),(25,1),(26,1),(27,1),(27,2),(27,3),(29,3),(30,2),(30,3),(31,1),(31,2),(31,3),(32,1),(32,2),(33,2),(33,3),(35,1),(35,2),(37,2),(39,1),(39,2),(39,3),(40,1),(40,2),(41,2),(41,3),(42,1),(42,2),(36,1),(36,2),(28,1),(28,2),(34,1),(34,2),(38,1),(38,2),(44,1),(45,1),(46,1),(47,1),(48,1),(49,1),(49,2),(50,4),(51,1),(51,2),(52,1),(52,2),(53,1),(53,2),(54,4),(55,1),(55,2),(56,1),(56,2),(57,1),(57,2),(58,4),(59,1),(59,2),(60,1),(60,2),(61,1),(62,4),(63,1),(63,2),(64,1),(64,2),(65,1),(65,2),(66,1),(66,2),(67,1),(67,2),(68,1),(68,2),(69,1),(69,2),(70,1),(70,2),(71,1),(71,2),(72,1),(72,2),(73,1),(73,2),(74,1),(74,2),(75,1),(75,2),(76,1),(76,2),(77,1),(77,2),(78,1),(78,2),(79,1),(79,2),(80,1),(80,2),(81,1),(81,2),(82,1),(82,2),(83,1),(83,2),(84,1),(84,2),(85,1),(85,2),(86,1),(86,2),(87,1),(88,1),(90,1),(89,1),(91,1),(92,1),(92,2),(94,1),(94,2),(93,1),(95,1),(96,1),(97,1),(97,2),(98,1),(99,1),(100,1),(101,1),(102,1),(103,1),(104,1),(105,1),(106,1),(106,2),(107,1),(107,3),(108,1),(109,1),(110,1),(110,3),(111,1),(112,1),(113,1),(113,3),(114,1),(115,1),(116,1),(117,1),(118,1),(119,1),(119,2),(120,1),(43,1),(121,1),(122,1),(123,1),(123,2),(124,4),(125,1),(125,4),(127,1),(128,1),(128,2),(129,1),(129,2),(130,1),(130,2),(131,1),(131,2),(132,1),(132,2),(133,2),(134,1),(134,2),(126,1),(126,2),(136,1),(136,2),(137,1),(139,1),(139,2),(140,1),(140,2),(141,1),(135,1),(135,2),(142,1),(142,2),(143,1),(143,2),(138,1),(138,2),(144,1),(144,2),(146,1),(146,2),(145,1),(147,1),(148,1),(149,1),(149,2),(150,2),(152,1),(153,1),(153,2),(154,1),(154,3),(155,1),(157,1),(157,2),(156,1),(156,3),(151,1),(151,3),(159,1),(159,3),(160,1),(160,3),(161,1),(162,1),(162,4),(163,1),(163,2),(164,1),(164,2),(165,1),(165,3),(158,1),(158,2),(167,1),(167,3),(168,1),(170,1),(170,3),(169,2),(169,4),(166,1),(171,1),(172,1),(173,1),(174,1),(175,1),(176,1),(177,1),(178,1),(179,1),(179,2),(180,1),(180,2),(181,1),(182,1),(183,1),(184,1),(184,2),(185,1),(186,1),(186,2),(188,1),(187,1),(187,3),(189,1),(189,3),(190,1),(190,3),(191,1),(191,3),(193,1),(193,3),(194,1),(194,3),(195,1),(195,3),(196,1),(196,3),(197,1),(197,3),(192,1),(198,1),(198,3),(199,1),(199,3),(200,1),(200,3),(201,1),(202,1),(203,1),(204,2),(204,4),(205,1),(205,2),(206,1),(207,1),(208,1),(208,2),(209,1),(210,2),(211,1),(212,1),(213,1),(214,1),(215,1),(216,1),(217,1),(217,2),(219,1),(219,2),(218,1),(218,2),(220,1),(220,2),(221,1),(221,2),(222,1),(222,2),(223,1),(223,2),(224,1),(224,2),(225,1),(225,2),(226,1),(227,1),(227,2),(228,1),(228,2),(229,1),(229,2),(230,1),(230,2),(231,1),(231,2),(232,1),(232,2),(233,1),(233,2),(235,1),(235,2),(236,1),(236,2),(234,1),(234,2),(237,1),(238,4),(239,4),(240,4),(241,4),(242,1),(243,4),(244,1),(245,4),(246,1),(247,1),(247,3),(248,1),(249,1),(250,1),(250,2),(252,1),(252,2),(251,1),(253,1),(253,2),(254,1),(254,2),(255,1),(255,2),(256,1),(256,2),(257,1),(257,2),(258,1),(258,2),(259,1),(259,2),(260,1),(260,2),(261,1),(261,2),(262,1),(262,2),(263,1),(263,2),(264,1),(264,4),(268,1),(269,1),(265,1),(265,2),(266,1),(266,3),(267,1),(267,2),(270,1),(270,2),(271,1),(271,2),(272,1),(273,1),(273,4),(274,1),(275,1),(275,4),(276,1),(277,1),(277,4),(278,1),(279,1),(280,1),(280,2),(281,1),(281,2),(282,1),(282,2),(283,1),(283,2),(284,1),(285,1),(286,1),(287,1),(288,1),(289,1),(289,2),(291,1),(291,2),(290,1),(290,2),(292,1),(292,2),(293,1),(293,2),(294,1),(294,2),(295,1),(295,2),(296,1),(296,2),(297,1),(297,2),(298,1),(298,2),(299,1),(299,2),(300,1),(300,2),(301,1),(301,2),(302,1),(302,2),(303,1),(303,2),(304,1),(304,2),(305,1),(305,2),(306,1),(306,2),(307,1),(307,2),(308,1),(308,2),(309,1),(309,2),(310,1),(310,2),(311,1),(311,2),(312,1),(312,2),(313,1),(313,2),(314,1),(314,2),(315,1),(315,2),(316,1),(316,2),(317,1),(317,2),(318,1),(318,2),(319,1),(319,2),(320,1),(320,2),(321,1),(321,2),(322,1),(322,2),(323,1),(323,2),(324,1),(324,2),(325,1),(325,2),(326,1),(326,2),(327,1),(327,2),(328,1),(328,2),(329,1),(329,2),(330,1),(330,2),(331,1),(331,2),(332,1),(332,2),(333,1),(333,2),(334,1),(334,2),(335,1),(335,2),(336,1),(336,2),(337,1),(337,2),(338,1),(338,2),(339,1),(339,2),(340,1),(340,2);
/*!40000 ALTER TABLE `welder_weld_method` ENABLE KEYS */;
UNLOCK TABLES;
/*!40103 SET TIME_ZONE=@OLD_TIME_ZONE */;

/*!40101 SET SQL_MODE=@OLD_SQL_MODE */;
/*!40014 SET FOREIGN_KEY_CHECKS=@OLD_FOREIGN_KEY_CHECKS */;
/*!40014 SET UNIQUE_CHECKS=@OLD_UNIQUE_CHECKS */;
/*!40101 SET CHARACTER_SET_CLIENT=@OLD_CHARACTER_SET_CLIENT */;
/*!40101 SET CHARACTER_SET_RESULTS=@OLD_CHARACTER_SET_RESULTS */;
/*!40101 SET COLLATION_CONNECTION=@OLD_COLLATION_CONNECTION */;
/*!40111 SET SQL_NOTES=@OLD_SQL_NOTES */;

-- Dump completed on 2017-06-20  8:59:34
